shipment_id,date_arrivee_port,terminal,type_marchandise,volume_evp,volume_journalier_terminal,compagnie_transport,destination_finale,distance_corridor_km,jour_semaine,saison,statut_douane,temps_sejour_port_heures,temps_retour_conteneur_vide_heures,retard_corridor,cout_detention_estime_fcfa
CRI-00001,2024-01-01,Môle 3,Import général,2,440,Transporteur F,Dakar (local),19.8,Lundi,sèche,dédouané avant arrivée,97.3,49.5,False,935016
CRI-00002,2024-01-01,Môle 3,Équipements industriels,1,410,Transporteur E,Kaolack,188.3,Lundi,sèche,dédouanement en cours,40.7,60.8,False,196297
CRI-00003,2024-01-01,Terminal à Conteneurs,Biens de consommation,1,331,Transporteur B,Thiès,66.6,Lundi,sèche,dédouanement en cours,123.4,58.2,False,745887
CRI-00004,2024-01-01,Môle 1,Hydrocarbures,4,396,Transporteur indépendant,Touba,189.3,Lundi,sèche,bloqué (litige/documents),221.8,80.0,False,5548627
CRI-00005,2024-01-01,Terminal à Conteneurs,Import général,1,370,Transporteur B,Kaédi (Mauritanie),479.0,Lundi,sèche,bloqué (litige/documents),220.2,35.2,True,1031050
CRI-00006,2024-01-01,Terminal Roulier,Biens de consommation,2,375,Transporteur B,Kayes (Mali),942.4,Lundi,sèche,dédouané avant arrivée,31.4,42.6,True,25258
CRI-00007,2024-01-01,Môle 8,Import général,1,371,Transporteur G,Touba,196.0,Lundi,sèche,bloqué (litige/documents),100.2,29.6,False,272078
CRI-00008,2024-01-01,Terminal à Conteneurs,Import général,4,383,Transporteur indépendant,Dakar (local),19.5,Lundi,sèche,dédouanement en cours,76.0,30.4,False,943356
CRI-00009,2024-01-01,Terminal à Conteneurs,Hydrocarbures,2,397,Transporteur B,Touba,189.3,Lundi,sèche,dédouanement en cours,85.0,58.0,False,799901
CRI-00010,2024-01-01,Terminal à Conteneurs,Matériaux de construction,1,437,Transporteur B,Bamako (Mali),1178.3,Lundi,sèche,dédouané avant arrivée,59.2,48.8,True,237565
CRI-00011,2024-01-01,Môle 8,Denrées alimentaires,1,399,Transporteur A,Dakar (local),21.2,Lundi,sèche,dédouanement en cours,85.4,63.8,False,347716
CRI-00012,2024-01-02,Terminal à Conteneurs,Import général,1,310,Transporteur A,Kaolack,191.3,Mardi,sèche,dédouané avant arrivée,44.9,25.9,False,0
CRI-00013,2024-01-02,Môle 3,Import général,1,449,Transporteur C,Dakar (local),19.3,Mardi,sèche,dédouanement en cours,149.8,38.8,False,630803
CRI-00014,2024-01-02,Môle 1,Équipements industriels,1,387,Transporteur indépendant,Touba,185.4,Mardi,sèche,dédouané avant arrivée,85.8,62.1,False,378811
CRI-00015,2024-01-02,Môle 1,Hydrocarbures,2,383,Transporteur E,Kaolack,193.9,Mardi,sèche,dédouané avant arrivée,71.2,54.7,False,736290
CRI-00016,2024-01-02,Terminal à Conteneurs,Import général,1,359,Transporteur A,Dakar (local),20.8,Mardi,sèche,dédouanement en cours,87.6,42.1,False,261675
CRI-00017,2024-01-02,Terminal à Conteneurs,Import général,2,403,Transporteur B,Bamako (Mali),1285.0,Mardi,sèche,dédouanement en cours,61.3,47.9,False,355352
CRI-00018,2024-01-02,Terminal à Conteneurs,Import général,1,378,Transporteur B,Ziguinchor,457.5,Mardi,sèche,dédouané avant arrivée,49.5,34.5,False,57097
CRI-00019,2024-01-03,Terminal à Conteneurs,Biens de consommation,3,383,Transporteur E,Touba,180.0,Mercredi,sèche,dédouané avant arrivée,72.6,33.4,False,604694
CRI-00020,2024-01-03,Terminal à Conteneurs,Hydrocarbures,1,368,Transporteur E,Touba,182.2,Mercredi,sèche,dédouané avant arrivée,45.8,29.9,False,21925
CRI-00021,2024-01-03,Môle 3,Hydrocarbures,2,331,Transporteur B,Touba,188.3,Mercredi,sèche,dédouané avant arrivée,48.9,46.5,False,286025
CRI-00022,2024-01-03,Môle 1,Import général,1,337,Transporteur C,Kaolack,182.5,Mercredi,sèche,dédouanement en cours,130.9,66.5,False,714684
CRI-00023,2024-01-03,Terminal Roulier,Import général,1,350,Transporteur C,Ziguinchor,432.5,Mercredi,sèche,dédouané avant arrivée,49.4,29.7,False,42059
CRI-00024,2024-01-03,Terminal à Conteneurs,Import général,2,384,Transporteur A,Dakar (local),19.5,Mercredi,sèche,dédouané avant arrivée,65.6,53.5,False,624300
CRI-00025,2024-01-03,Môle 8,Denrées alimentaires,1,347,Transporteur F,Ziguinchor,445.0,Mercredi,sèche,dédouané avant arrivée,87.8,38.8,False,316410
CRI-00026,2024-01-03,Môle 8,Import général,1,405,Transporteur A,Tambacounda,465.6,Mercredi,sèche,dédouanement en cours,109.8,47.4,False,391564
CRI-00027,2024-01-03,Môle 1,Denrées alimentaires,2,379,Transporteur B,Touba,194.4,Mercredi,sèche,dédouané avant arrivée,48.1,28.6,False,59106
CRI-00028,2024-01-03,Terminal à Conteneurs,Denrées alimentaires,3,331,Transporteur F,Dakar (local),20.4,Mercredi,sèche,dédouané avant arrivée,53.2,44.0,False,521134
CRI-00029,2024-01-03,Terminal Roulier,Équipements industriels,2,380,Transporteur indépendant,Dakar (local),19.4,Mercredi,sèche,bloqué (litige/documents),142.7,49.6,False,1099880
CRI-00030,2024-01-03,Terminal Roulier,Import général,1,312,Transporteur E,Bamako (Mali),1226.1,Mercredi,sèche,dédouané avant arrivée,67.0,48.2,True,250421
CRI-00031,2024-01-03,Môle 1,Import général,2,340,Transporteur E,Dakar (local),19.8,Mercredi,sèche,dédouané avant arrivée,39.6,37.9,False,73568
CRI-00032,2024-01-03,Môle 3,Denrées alimentaires,1,280,Transporteur A,Tambacounda,457.1,Mercredi,sèche,bloqué (litige/documents),120.3,27.4,False,387677
CRI-00033,2024-01-03,Môle 3,Denrées alimentaires,1,391,Transporteur C,Dakar (local),18.6,Mercredi,sèche,dédouané avant arrivée,71.1,49.2,False,308363
CRI-00034,2024-01-03,Môle 8,Hydrocarbures,2,329,Transporteur C,Dakar (local),19.6,Mercredi,sèche,bloqué (litige/documents),103.4,37.8,False,778186
CRI-00035,2024-01-03,Terminal à Conteneurs,Import général,2,312,Transporteur D,Bamako (Mali),1163.3,Mercredi,sèche,dédouané avant arrivée,29.9,27.2,True,0
CRI-00036,2024-01-04,Môle 8,Biens de consommation,3,329,Transporteur C,Tambacounda,459.9,Jeudi,sèche,dédouanement en cours,44.2,52.4,False,470553
CRI-00037,2024-01-04,Môle 1,Matériaux de construction,1,360,Transporteur C,Kayes (Mali),892.4,Jeudi,sèche,dédouanement en cours,53.5,46.8,True,167621
CRI-00038,2024-01-04,Môle 3,Hydrocarbures,2,340,Transporteur B,Touba,192.1,Jeudi,sèche,dédouanement en cours,84.6,55.4,False,923676
CRI-00039,2024-01-04,Môle 3,Import général,1,344,Transporteur E,Bamako (Mali),1209.6,Jeudi,sèche,dédouané avant arrivée,56.6,38.0,True,148579
CRI-00040,2024-01-04,Terminal à Conteneurs,Import général,1,380,Transporteur G,Dakar (local),21.2,Jeudi,sèche,dédouanement en cours,116.2,51.3,False,559536
CRI-00041,2024-01-04,Terminal à Conteneurs,Denrées alimentaires,1,344,Transporteur B,Touba,201.8,Jeudi,sèche,dédouanement en cours,108.2,24.3,False,393033
CRI-00042,2024-01-04,Terminal Roulier,Matériaux de construction,1,286,Transporteur A,Bamako (Mali),1220.7,Jeudi,sèche,bloqué (litige/documents),137.8,56.2,True,803898
CRI-00043,2024-01-04,Môle 8,Import général,1,351,Transporteur E,Touba,188.4,Jeudi,sèche,dédouanement en cours,73.3,62.2,False,349350
CRI-00044,2024-01-05,Terminal Roulier,Biens de consommation,1,394,Transporteur D,Touba,189.0,Vendredi,sèche,dédouané avant arrivée,72.7,58.1,False,411212
CRI-00045,2024-01-05,Môle 1,Import général,1,354,Transporteur D,Tambacounda,479.3,Vendredi,sèche,dédouané avant arrivée,52.0,31.9,False,63119
CRI-00046,2024-01-05,Terminal Roulier,Matériaux de construction,2,277,Transporteur indépendant,Kaolack,192.0,Vendredi,sèche,dédouané avant arrivée,31.6,32.2,False,0
CRI-00047,2024-01-05,Terminal Roulier,Matériaux de construction,2,354,Transporteur G,Dakar (local),21.0,Vendredi,sèche,dédouanement en cours,87.6,28.8,False,578753
CRI-00048,2024-01-05,Terminal à Conteneurs,Import général,2,330,Transporteur indépendant,Dakar (local),20.4,Vendredi,sèche,dédouanement en cours,48.4,64.5,False,410312
CRI-00049,2024-01-05,Terminal à Conteneurs,Import général,1,360,Transporteur E,Dakar (local),20.0,Vendredi,sèche,dédouané avant arrivée,63.7,54.1,False,230603
CRI-00050,2024-01-05,Terminal à Conteneurs,Matériaux de construction,1,343,Transporteur A,Kaédi (Mauritanie),472.9,Vendredi,sèche,dédouané avant arrivée,47.2,66.0,False,191083
CRI-00051,2024-01-05,Terminal à Conteneurs,Denrées alimentaires,1,442,Transporteur E,Dakar (local),20.6,Vendredi,sèche,bloqué (litige/documents),189.7,71.6,True,1108298
CRI-00052,2024-01-05,Môle 1,Import général,1,338,Transporteur C,Dakar (local),18.9,Vendredi,sèche,dédouanement en cours,100.9,47.8,False,429471
CRI-00053,2024-01-05,Terminal Roulier,Hydrocarbures,4,304,Transporteur indépendant,Bamako (Mali),1186.1,Vendredi,sèche,dédouanement en cours,84.2,30.9,True,1141886
CRI-00054,2024-01-05,Môle 8,Biens de consommation,4,329,Transporteur G,Thiès,73.5,Vendredi,sèche,dédouanement en cours,58.8,24.0,False,298678
CRI-00055,2024-01-05,Môle 8,Biens de consommation,1,342,Transporteur A,Dakar (local),20.4,Vendredi,sèche,dédouanement en cours,122.1,43.1,False,466131
CRI-00056,2024-01-06,Môle 1,Denrées alimentaires,2,353,Transporteur G,Touba,180.1,Samedi,sèche,dédouané avant arrivée,65.4,53.3,False,441556
CRI-00057,2024-01-06,Terminal à Conteneurs,Biens de consommation,1,297,Transporteur C,Kaolack,193.2,Samedi,sèche,bloqué (litige/documents),78.5,24.5,False,194159
CRI-00058,2024-01-06,Môle 8,Équipements industriels,1,369,Transporteur F,Bamako (Mali),1191.1,Samedi,sèche,dédouané avant arrivée,56.1,29.4,False,84708
CRI-00059,2024-01-06,Terminal à Conteneurs,Import général,1,308,Transporteur E,Tambacounda,468.0,Samedi,sèche,dédouanement en cours,83.4,40.4,False,256187
CRI-00060,2024-01-06,Terminal à Conteneurs,Matériaux de construction,2,358,Transporteur F,Kayes (Mali),976.7,Samedi,sèche,dédouanement en cours,72.9,48.4,True,548437
CRI-00061,2024-01-06,Môle 3,Biens de consommation,2,310,Transporteur E,Kaédi (Mauritanie),463.7,Samedi,sèche,dédouanement en cours,56.4,21.8,False,71439
CRI-00062,2024-01-06,Môle 1,Denrées alimentaires,1,454,Transporteur A,Touba,197.4,Samedi,sèche,dédouané avant arrivée,58.4,72.5,False,354481
CRI-00063,2024-01-06,Môle 8,Hydrocarbures,1,334,Transporteur E,Thiès,71.6,Samedi,sèche,dédouané avant arrivée,53.5,56.8,False,240134
CRI-00064,2024-01-06,Môle 1,Import général,2,322,Transporteur C,Kaolack,184.7,Samedi,sèche,dédouané avant arrivée,60.6,19.9,False,84752
CRI-00065,2024-01-07,Terminal à Conteneurs,Équipements industriels,1,296,Transporteur B,Dakar (local),21.1,Dimanche,sèche,dédouané avant arrivée,76.4,48.2,False,366949
CRI-00066,2024-01-07,Terminal Roulier,Import général,1,223,Transporteur A,Bamako (Mali),1211.9,Dimanche,sèche,dédouanement en cours,78.9,23.2,False,150222
CRI-00067,2024-01-07,Môle 8,Hydrocarbures,1,263,Transporteur A,Kaolack,187.6,Dimanche,sèche,bloqué (litige/documents),110.6,31.4,False,382503
CRI-00068,2024-01-07,Terminal à Conteneurs,Denrées alimentaires,1,248,Transporteur G,Bamako (Mali),1228.6,Dimanche,sèche,dédouané avant arrivée,33.4,31.5,True,0
CRI-00069,2024-01-07,Terminal à Conteneurs,Biens de consommation,1,273,Transporteur F,Tambacounda,468.8,Dimanche,sèche,dédouanement en cours,66.7,34.7,False,137673
CRI-00070,2024-01-07,Terminal à Conteneurs,Matériaux de construction,1,273,Transporteur A,Kayes (Mali),896.6,Dimanche,sèche,dédouané avant arrivée,47.7,40.8,False,104034
CRI-00071,2024-01-07,Môle 3,Équipements industriels,3,305,Transporteur C,Dakar (local),20.2,Dimanche,sèche,dédouané avant arrivée,37.3,25.1,False,0
CRI-00072,2024-01-07,Terminal Roulier,Import général,1,265,Transporteur C,Dakar (local),20.2,Dimanche,sèche,dédouané avant arrivée,37.1,24.6,False,0
CRI-00073,2024-01-07,Terminal à Conteneurs,Denrées alimentaires,1,218,Transporteur A,Thiès,66.6,Dimanche,sèche,bloqué (litige/documents),82.8,38.0,False,221377
CRI-00074,2024-01-08,Môle 1,Denrées alimentaires,1,315,Transporteur indépendant,Bamako (Mali),1165.2,Lundi,sèche,dédouanement en cours,131.9,24.7,True,414737
CRI-00075,2024-01-08,Terminal à Conteneurs,Import général,3,361,Transporteur C,Dakar (local),19.3,Lundi,sèche,dédouané avant arrivée,74.3,26.7,False,460121
CRI-00076,2024-01-08,Môle 8,Équipements industriels,2,427,Transporteur E,Bamako (Mali),1263.9,Lundi,sèche,bloqué (litige/documents),127.6,55.2,True,1171638
CRI-00077,2024-01-08,Terminal à Conteneurs,Biens de consommation,1,449,Transporteur F,Bamako (Mali),1218.5,Lundi,sèche,dédouanement en cours,85.8,56.5,True,433479
CRI-00078,2024-01-08,Môle 1,Biens de consommation,2,362,Transporteur indépendant,Thiès,69.0,Lundi,sèche,dédouané avant arrivée,45.4,31.0,False,42855
CRI-00079,2024-01-08,Terminal à Conteneurs,Hydrocarbures,3,402,Transporteur D,Dakar (local),20.2,Lundi,sèche,dédouané avant arrivée,78.8,45.8,False,772025
CRI-00080,2024-01-08,Terminal à Conteneurs,Import général,2,362,Transporteur F,Thiès,70.6,Lundi,sèche,bloqué (litige/documents),106.3,55.2,False,1147461
CRI-00081,2024-01-09,Terminal à Conteneurs,Import général,1,361,Transporteur C,Kaédi (Mauritanie),501.6,Mardi,sèche,bloqué (litige/documents),105.8,33.5,False,318688
CRI-00082,2024-01-09,Môle 8,Biens de consommation,1,424,Transporteur F,Kaolack,195.5,Mardi,sèche,dédouanement en cours,84.0,59.5,False,378636
CRI-00083,2024-01-09,Terminal Roulier,Biens de consommation,3,346,Transporteur E,Kaolack,183.0,Mardi,sèche,dédouanement en cours,87.1,45.9,False,1018950
CRI-00084,2024-01-09,Môle 1,Import général,1,383,Transporteur B,Kayes (Mali),922.6,Mardi,sèche,dédouanement en cours,74.6,44.9,True,243907
CRI-00085,2024-01-09,Môle 3,Denrées alimentaires,1,410,Transporteur C,Thiès,69.2,Mardi,sèche,dédouanement en cours,96.9,55.4,False,402679
CRI-00086,2024-01-09,Terminal à Conteneurs,Biens de consommation,1,400,Transporteur D,Kaédi (Mauritanie),438.8,Mardi,sèche,dédouané avant arrivée,60.2,77.8,False,460993
CRI-00087,2024-01-09,Môle 8,Matériaux de construction,2,369,Transporteur F,Ziguinchor,451.1,Mardi,sèche,dédouanement en cours,76.0,24.1,False,267644
CRI-00088,2024-01-10,Terminal à Conteneurs,Denrées alimentaires,1,343,Transporteur indépendant,Bamako (Mali),1240.1,Mercredi,sèche,dédouanement en cours,82.9,51.9,True,298930
CRI-00089,2024-01-10,Môle 8,Import général,2,326,Transporteur B,Bamako (Mali),1221.1,Mercredi,sèche,dédouané avant arrivée,44.1,30.9,True,29294
CRI-00090,2024-01-10,Terminal à Conteneurs,Matériaux de construction,1,311,Transporteur B,Ziguinchor,454.8,Mercredi,sèche,dédouané avant arrivée,50.5,35.7,False,85298
CRI-00091,2024-01-10,Môle 1,Import général,4,309,Transporteur D,Dakar (local),20.8,Mercredi,sèche,dédouané avant arrivée,56.3,106.2,False,2379590
CRI-00092,2024-01-10,Môle 1,Hydrocarbures,1,265,Transporteur G,Kayes (Mali),938.7,Mercredi,sèche,dédouané avant arrivée,52.0,27.5,False,49930
CRI-00093,2024-01-10,Terminal à Conteneurs,Denrées alimentaires,4,383,Transporteur F,Thiès,67.2,Mercredi,sèche,dédouané avant arrivée,42.7,46.2,False,438782
CRI-00094,2024-01-10,Terminal Roulier,Denrées alimentaires,2,343,Transporteur indépendant,Kayes (Mali),935.4,Mercredi,sèche,dédouané avant arrivée,61.3,32.6,True,236476
CRI-00095,2024-01-10,Terminal à Conteneurs,Biens de consommation,1,437,Transporteur E,Kayes (Mali),929.3,Mercredi,sèche,dédouanement en cours,108.0,37.9,True,407183
CRI-00096,2024-01-10,Môle 3,Matériaux de construction,2,273,Transporteur indépendant,Touba,193.1,Mercredi,sèche,bloqué (litige/documents),155.1,35.9,False,1630390
CRI-00097,2024-01-10,Môle 1,Biens de consommation,1,342,Transporteur D,Bamako (Mali),1221.9,Mercredi,sèche,bloqué (litige/documents),130.5,37.6,True,581390
CRI-00098,2024-01-11,Terminal à Conteneurs,Matériaux de construction,1,292,Transporteur E,Bamako (Mali),1195.5,Jeudi,sèche,bloqué (litige/documents),149.1,26.7,True,485099
CRI-00099,2024-01-11,Terminal à Conteneurs,Denrées alimentaires,2,349,Transporteur E,Dakar (local),19.5,Jeudi,sèche,bloqué (litige/documents),122.4,47.1,False,910328
CRI-00100,2024-01-11,Terminal à Conteneurs,Biens de consommation,2,330,Transporteur F,Ziguinchor,463.2,Jeudi,sèche,dédouanement en cours,97.6,36.7,False,792946
CRI-00101,2024-01-11,Môle 1,Matériaux de construction,1,304,Transporteur indépendant,Touba,192.0,Jeudi,sèche,dédouanement en cours,46.0,44.4,False,124248
CRI-00102,2024-01-11,Môle 1,Denrées alimentaires,1,372,Transporteur A,Touba,175.5,Jeudi,sèche,bloqué (litige/documents),102.4,78.6,False,697513
CRI-00103,2024-01-11,Môle 3,Denrées alimentaires,1,357,Transporteur C,Dakar (local),20.0,Jeudi,sèche,dédouanement en cours,61.4,41.9,False,187255
CRI-00104,2024-01-12,Terminal à Conteneurs,Biens de consommation,1,316,Transporteur B,Kaolack,191.9,Vendredi,sèche,dédouanement en cours,76.8,40.8,False,263342
CRI-00105,2024-01-12,Terminal à Conteneurs,Matériaux de construction,1,366,Transporteur E,Kaédi (Mauritanie),471.4,Vendredi,sèche,dédouané avant arrivée,44.0,64.0,False,195174
CRI-00106,2024-01-12,Môle 3,Biens de consommation,1,416,Transporteur B,Thiès,68.2,Vendredi,sèche,dédouané avant arrivée,56.7,47.5,False,175308
CRI-00107,2024-01-12,Môle 1,Import général,2,321,Transporteur indépendant,Ziguinchor,455.5,Vendredi,sèche,dédouanement en cours,49.4,23.6,False,11095
CRI-00108,2024-01-12,Terminal à Conteneurs,Équipements industriels,1,326,Transporteur F,Dakar (local),19.8,Vendredi,sèche,dédouanement en cours,34.6,47.9,False,48184
CRI-00109,2024-01-12,Môle 3,Matériaux de construction,1,277,Transporteur D,Bamako (Mali),1139.4,Vendredi,sèche,dédouanement en cours,56.8,65.8,True,242030
CRI-00110,2024-01-12,Môle 1,Matériaux de construction,3,370,Transporteur D,Ziguinchor,471.6,Vendredi,sèche,dédouané avant arrivée,84.1,33.2,False,617937
CRI-00111,2024-01-12,Môle 3,Denrées alimentaires,1,322,Transporteur G,Kaolack,186.1,Vendredi,sèche,dédouanement en cours,100.3,44.3,False,347365
CRI-00112,2024-01-12,Môle 1,Import général,2,335,Transporteur B,Thiès,72.6,Vendredi,sèche,dédouané avant arrivée,60.8,61.1,False,618740
CRI-00113,2024-01-12,Môle 1,Hydrocarbures,1,299,Transporteur E,Bamako (Mali),1165.3,Vendredi,sèche,dédouané avant arrivée,58.7,40.8,True,125709
CRI-00114,2024-01-12,Môle 1,Denrées alimentaires,1,374,Transporteur E,Ziguinchor,449.5,Vendredi,sèche,dédouanement en cours,79.4,53.7,True,313350
CRI-00115,2024-01-12,Môle 8,Hydrocarbures,1,309,Transporteur indépendant,Bamako (Mali),1310.4,Vendredi,sèche,dédouané avant arrivée,43.4,44.8,True,95120
CRI-00116,2024-01-12,Terminal à Conteneurs,Biens de consommation,1,381,Transporteur B,Kaolack,185.3,Vendredi,sèche,dédouané avant arrivée,48.2,63.3,False,255543
CRI-00117,2024-01-12,Terminal Roulier,Matériaux de construction,2,319,Transporteur A,Tambacounda,476.1,Vendredi,sèche,bloqué (litige/documents),91.5,27.7,False,656022
CRI-00118,2024-01-13,Terminal à Conteneurs,Denrées alimentaires,1,304,Transporteur F,Kaédi (Mauritanie),463.3,Samedi,sèche,bloqué (litige/documents),117.2,22.4,False,322215
CRI-00119,2024-01-13,Terminal Roulier,Import général,2,312,Transporteur E,Touba,193.5,Samedi,sèche,dédouané avant arrivée,73.8,41.0,False,521865
CRI-00120,2024-01-13,Terminal à Conteneurs,Matériaux de construction,2,329,Transporteur C,Kaolack,191.8,Samedi,sèche,dédouané avant arrivée,55.2,27.0,False,93727
CRI-00121,2024-01-13,Môle 3,Import général,1,399,Transporteur A,Dakar (local),20.0,Samedi,sèche,dédouané avant arrivée,68.6,62.2,False,333119
CRI-00122,2024-01-13,Môle 8,Import général,1,301,Transporteur D,Kaolack,197.1,Samedi,sèche,bloqué (litige/documents),84.9,30.4,False,244050
CRI-00123,2024-01-13,Môle 3,Denrées alimentaires,2,407,Transporteur D,Kaolack,193.7,Samedi,sèche,dédouané avant arrivée,59.8,52.7,False,380550
CRI-00124,2024-01-13,Môle 8,Hydrocarbures,4,359,Transporteur C,Kaolack,191.8,Samedi,sèche,dédouanement en cours,100.6,32.6,False,1623316
CRI-00125,2024-01-13,Môle 3,Denrées alimentaires,1,326,Transporteur D,Tambacounda,476.6,Samedi,sèche,dédouané avant arrivée,31.0,38.8,False,0
CRI-00126,2024-01-13,Terminal à Conteneurs,Biens de consommation,1,329,Transporteur indépendant,Kaédi (Mauritanie),464.9,Samedi,sèche,dédouanement en cours,99.1,53.0,False,449860
CRI-00127,2024-01-13,Terminal à Conteneurs,Matériaux de construction,1,336,Transporteur C,Kaolack,187.5,Samedi,sèche,dédouanement en cours,63.7,34.9,False,180383
CRI-00128,2024-01-13,Môle 3,Import général,1,452,Transporteur C,Kaédi (Mauritanie),481.9,Samedi,sèche,dédouané avant arrivée,78.7,72.8,False,480475
CRI-00129,2024-01-13,Terminal à Conteneurs,Import général,1,277,Transporteur G,Kaolack,172.1,Samedi,sèche,dédouanement en cours,54.6,29.2,False,67572
CRI-00130,2024-01-13,Môle 1,Denrées alimentaires,1,306,Transporteur indépendant,Bamako (Mali),1185.4,Samedi,sèche,dédouané avant arrivée,57.9,41.1,True,122013
CRI-00131,2024-01-13,Môle 1,Import général,1,315,Transporteur F,Bamako (Mali),1194.6,Samedi,sèche,bloqué (litige/documents),158.5,71.0,False,977965
CRI-00132,2024-01-14,Terminal à Conteneurs,Import général,4,273,Transporteur indépendant,Thiès,71.7,Dimanche,sèche,dédouané avant arrivée,33.9,37.1,False,0
CRI-00133,2024-01-14,Môle 8,Hydrocarbures,1,234,Transporteur D,Kaédi (Mauritanie),485.6,Dimanche,sèche,dédouanement en cours,48.7,36.3,False,66245
CRI-00134,2024-01-14,Môle 1,Matériaux de construction,2,256,Transporteur E,Thiès,71.5,Dimanche,sèche,dédouanement en cours,71.4,25.7,False,339530
CRI-00135,2024-01-14,Terminal à Conteneurs,Hydrocarbures,2,290,Transporteur indépendant,Kaolack,188.0,Dimanche,sèche,dédouané avant arrivée,19.4,36.9,False,0
CRI-00136,2024-01-14,Terminal à Conteneurs,Import général,2,246,Transporteur A,Dakar (local),19.8,Dimanche,sèche,dédouané avant arrivée,21.3,33.2,False,0
CRI-00137,2024-01-14,Terminal à Conteneurs,Import général,1,254,Transporteur indépendant,Kayes (Mali),944.6,Dimanche,sèche,dédouanement en cours,43.0,17.5,True,0
CRI-00138,2024-01-14,Môle 3,Matériaux de construction,1,212,Transporteur G,Tambacounda,456.1,Dimanche,sèche,dédouanement en cours,62.1,33.5,False,126289
CRI-00139,2024-01-14,Môle 8,Import général,2,225,Transporteur indépendant,Kaolack,174.9,Dimanche,sèche,dédouané avant arrivée,39.8,23.2,False,0
CRI-00140,2024-01-14,Môle 1,Import général,1,245,Transporteur C,Kayes (Mali),905.6,Dimanche,sèche,dédouanement en cours,62.4,40.2,False,172800
CRI-00141,2024-01-14,Terminal Roulier,Denrées alimentaires,2,252,Transporteur E,Bamako (Mali),1236.5,Dimanche,sèche,dédouané avant arrivée,45.7,33.7,False,74099
CRI-00142,2024-01-14,Môle 3,Import général,2,316,Transporteur indépendant,Kaédi (Mauritanie),464.5,Dimanche,sèche,dédouané avant arrivée,51.8,15.8,False,0
CRI-00143,2024-01-15,Terminal à Conteneurs,Matériaux de construction,4,327,Transporteur A,Tambacounda,480.7,Lundi,sèche,dédouanement en cours,66.2,20.1,False,397843
CRI-00144,2024-01-15,Terminal à Conteneurs,Biens de consommation,1,354,Transporteur E,Kaolack,196.8,Lundi,sèche,dédouané avant arrivée,60.2,25.0,False,71808
CRI-00145,2024-01-15,Terminal à Conteneurs,Matériaux de construction,2,435,Transporteur F,Dakar (local),19.9,Lundi,sèche,dédouanement en cours,79.7,31.4,False,530070
CRI-00146,2024-01-15,Terminal à Conteneurs,Import général,1,317,Transporteur G,Kaolack,190.5,Lundi,sèche,dédouané avant arrivée,47.6,41.6,False,92654
CRI-00147,2024-01-15,Terminal à Conteneurs,Import général,1,336,Transporteur C,Kaolack,193.0,Lundi,sèche,dédouanement en cours,78.2,38.5,False,273802
CRI-00148,2024-01-15,Môle 1,Import général,1,467,Transporteur B,Dakar (local),19.3,Lundi,sèche,dédouané avant arrivée,55.9,71.4,False,375990
CRI-00149,2024-01-15,Terminal Roulier,Matériaux de construction,2,294,Transporteur D,Kaédi (Mauritanie),487.5,Lundi,sèche,dédouanement en cours,57.8,28.8,False,175412
CRI-00150,2024-01-15,Terminal Roulier,Import général,3,448,Transporteur C,Bamako (Mali),1255.6,Lundi,sèche,dédouané avant arrivée,88.1,80.0,True,2003364
CRI-00151,2024-01-15,Môle 1,Matériaux de construction,1,442,Transporteur A,Bamako (Mali),1205.9,Lundi,sèche,dédouanement en cours,50.7,39.1,True,86300
CRI-00152,2024-01-16,Môle 1,Matériaux de construction,1,357,Transporteur E,Thiès,69.9,Mardi,sèche,dédouané avant arrivée,78.6,43.5,False,286686
CRI-00153,2024-01-16,Terminal à Conteneurs,Hydrocarbures,1,396,Transporteur C,Tambacounda,478.8,Mardi,sèche,bloqué (litige/documents),99.3,42.7,False,387360
CRI-00154,2024-01-16,Terminal à Conteneurs,Denrées alimentaires,4,384,Transporteur A,Tambacounda,461.3,Mardi,sèche,dédouanement en cours,92.0,37.2,False,1381193
CRI-00155,2024-01-16,Môle 1,Import général,1,482,Transporteur C,Tambacounda,463.0,Mardi,sèche,dédouanement en cours,90.6,47.5,True,424170
CRI-00156,2024-01-16,Môle 1,Matériaux de construction,1,429,Transporteur B,Touba,186.0,Mardi,sèche,dédouanement en cours,90.5,28.7,False,247810
CRI-00157,2024-01-17,Terminal à Conteneurs,Denrées alimentaires,3,373,Transporteur B,Tambacounda,475.0,Mercredi,sèche,dédouané avant arrivée,51.0,62.0,False,655016
CRI-00158,2024-01-17,Terminal Roulier,Denrées alimentaires,3,298,Transporteur A,Thiès,71.7,Mercredi,sèche,dédouané avant arrivée,69.5,57.0,False,976527
CRI-00159,2024-01-17,Terminal à Conteneurs,Équipements industriels,3,370,Transporteur E,Dakar (local),19.5,Mercredi,sèche,dédouanement en cours,38.1,61.9,False,553566
CRI-00160,2024-01-17,Terminal à Conteneurs,Import général,1,358,Transporteur F,Dakar (local),20.0,Mercredi,sèche,dédouanement en cours,66.8,45.3,False,267566
CRI-00161,2024-01-17,Môle 1,Biens de consommation,2,332,Transporteur F,Kaédi (Mauritanie),460.5,Mercredi,sèche,dédouanement en cours,70.8,38.1,False,432057
CRI-00162,2024-01-17,Terminal à Conteneurs,Import général,1,344,Transporteur A,Dakar (local),20.1,Mercredi,sèche,dédouané avant arrivée,68.2,30.4,False,184019
CRI-00163,2024-01-17,Môle 1,Denrées alimentaires,1,354,Transporteur A,Dakar (local),19.8,Mercredi,sèche,dédouané avant arrivée,42.6,32.4,False,14749
CRI-00164,2024-01-17,Terminal à Conteneurs,Import général,2,343,Transporteur A,Kayes (Mali),967.4,Mercredi,sèche,dédouané avant arrivée,51.9,55.9,False,423045
CRI-00165,2024-01-17,Terminal à Conteneurs,Import général,1,333,Transporteur A,Touba,188.1,Mercredi,sèche,dédouané avant arrivée,81.6,64.8,False,484758
CRI-00166,2024-01-17,Terminal Roulier,Matériaux de construction,1,342,Transporteur E,Touba,192.4,Mercredi,sèche,dédouanement en cours,61.3,40.4,False,158045
CRI-00167,2024-01-17,Terminal Roulier,Denrées alimentaires,4,272,Transporteur G,Kayes (Mali),912.8,Mercredi,sèche,dédouané avant arrivée,48.1,44.4,False,564478
CRI-00168,2024-01-17,Terminal Roulier,Denrées alimentaires,1,315,Transporteur G,Dakar (local),20.1,Mercredi,sèche,dédouanement en cours,56.5,26.9,False,70139
CRI-00169,2024-01-17,Môle 3,Équipements industriels,1,337,Transporteur F,Thiès,74.4,Mercredi,sèche,dédouanement en cours,59.2,41.3,False,141466
CRI-00170,2024-01-17,Môle 1,Import général,1,350,Transporteur E,Kaédi (Mauritanie),455.3,Mercredi,sèche,dédouané avant arrivée,65.4,53.0,False,282387
CRI-00171,2024-01-18,Terminal à Conteneurs,Import général,1,293,Transporteur G,Kaédi (Mauritanie),456.8,Jeudi,sèche,dédouané avant arrivée,46.4,26.4,False,4986
CRI-00172,2024-01-18,Môle 3,Biens de consommation,1,372,Transporteur D,Kaolack,185.5,Jeudi,sèche,dédouanement en cours,98.5,62.6,False,549426
CRI-00173,2024-01-18,Terminal Roulier,Hydrocarbures,2,383,Transporteur C,Bamako (Mali),1208.6,Jeudi,sèche,dédouanement en cours,66.5,38.3,True,318472
CRI-00174,2024-01-18,Terminal Roulier,Équipements industriels,1,311,Transporteur indépendant,Bamako (Mali),1250.1,Jeudi,sèche,dédouané avant arrivée,54.0,36.6,True,115534
CRI-00175,2024-01-18,Môle 8,Import général,2,337,Transporteur indépendant,Dakar (local),19.2,Jeudi,sèche,dédouané avant arrivée,34.3,50.5,False,174349
CRI-00176,2024-01-18,Môle 1,Équipements industriels,1,301,Transporteur G,Touba,185.7,Jeudi,sèche,dédouané avant arrivée,69.0,46.9,False,239438
CRI-00177,2024-01-18,Môle 1,Hydrocarbures,1,322,Transporteur E,Dakar (local),19.4,Jeudi,sèche,dédouané avant arrivée,59.2,31.1,False,83983
CRI-00178,2024-01-18,Terminal à Conteneurs,Denrées alimentaires,1,304,Transporteur G,Touba,185.8,Jeudi,sèche,dédouané avant arrivée,60.8,29.7,False,110974
CRI-00179,2024-01-18,Môle 1,Matériaux de construction,1,403,Transporteur E,Bamako (Mali),1246.1,Jeudi,sèche,dédouané avant arrivée,73.1,49.7,True,322082
CRI-00180,2024-01-18,Terminal à Conteneurs,Biens de consommation,1,262,Transporteur G,Tambacounda,458.1,Jeudi,sèche,dédouané avant arrivée,72.2,26.0,False,129594
CRI-00181,2024-01-18,Terminal à Conteneurs,Import général,2,358,Transporteur G,Dakar (local),20.5,Jeudi,sèche,dédouané avant arrivée,78.8,47.9,False,665614
CRI-00182,2024-01-18,Terminal Roulier,Import général,2,314,Transporteur F,Dakar (local),19.7,Jeudi,sèche,dédouanement en cours,91.9,37.3,False,620022
CRI-00183,2024-01-19,Terminal Roulier,Biens de consommation,1,339,Transporteur E,Kaolack,201.0,Vendredi,sèche,dédouanement en cours,123.9,74.8,False,667035
CRI-00184,2024-01-19,Terminal à Conteneurs,Import général,1,354,Transporteur C,Dakar (local),20.0,Vendredi,sèche,bloqué (litige/documents),168.9,40.7,False,653932
CRI-00185,2024-01-19,Môle 1,Denrées alimentaires,1,314,Transporteur D,Ziguinchor,446.4,Vendredi,sèche,dédouané avant arrivée,80.7,21.8,False,207015
CRI-00186,2024-01-19,Terminal à Conteneurs,Équipements industriels,2,359,Transporteur B,Kaolack,196.8,Vendredi,sèche,dédouanement en cours,92.4,45.0,False,709956
CRI-00187,2024-01-19,Terminal Roulier,Matériaux de construction,2,343,Transporteur E,Kaédi (Mauritanie),462.5,Vendredi,sèche,bloqué (litige/documents),67.5,58.7,False,582945
CRI-00188,2024-01-19,Môle 3,Biens de consommation,1,292,Transporteur C,Kaolack,186.1,Vendredi,sèche,dédouané avant arrivée,65.8,21.5,False,78137
CRI-00189,2024-01-19,Terminal à Conteneurs,Import général,3,303,Transporteur F,Dakar (local),20.3,Vendredi,sèche,dédouanement en cours,84.0,56.3,False,1307066
CRI-00190,2024-01-19,Môle 1,Denrées alimentaires,2,394,Transporteur E,Bamako (Mali),1182.3,Vendredi,sèche,dédouanement en cours,93.8,73.5,True,1136341
CRI-00191,2024-01-19,Môle 3,Matériaux de construction,3,335,Transporteur E,Kaolack,194.6,Vendredi,sèche,dédouanement en cours,93.5,35.7,False,798035
CRI-00192,2024-01-19,Môle 1,Hydrocarbures,1,298,Transporteur D,Bamako (Mali),1244.5,Vendredi,sèche,dédouanement en cours,68.2,49.8,True,214759
CRI-00193,2024-01-19,Terminal à Conteneurs,Matériaux de construction,2,301,Transporteur C,Dakar (local),19.7,Vendredi,sèche,dédouanement en cours,56.9,48.9,False,316016
CRI-00194,2024-01-20,Môle 3,Import général,2,297,Transporteur F,Dakar (local),19.3,Samedi,sèche,dédouané avant arrivée,56.7,38.4,False,275037
CRI-00195,2024-01-20,Môle 1,Import général,3,316,Transporteur B,Touba,194.6,Samedi,sèche,dédouané avant arrivée,62.9,52.9,False,728568
CRI-00196,2024-01-20,Môle 1,Import général,1,350,Transporteur C,Bamako (Mali),1218.4,Samedi,sèche,bloqué (litige/documents),127.3,31.9,True,511992
CRI-00197,2024-01-20,Terminal Roulier,Import général,2,347,Transporteur G,Bamako (Mali),1281.1,Samedi,sèche,dédouané avant arrivée,61.9,55.1,True,448846
CRI-00198,2024-01-20,Terminal Roulier,Matériaux de construction,1,334,Transporteur G,Tambacounda,451.1,Samedi,sèche,dédouanement en cours,81.1,48.9,False,380221
CRI-00199,2024-01-20,Terminal à Conteneurs,Hydrocarbures,1,396,Transporteur D,Kaolack,188.0,Samedi,sèche,dédouané avant arrivée,85.4,56.4,False,332452
CRI-00200,2024-01-20,Môle 8,Équipements industriels,1,357,Transporteur G,Dakar (local),20.1,Samedi,sèche,dédouané avant arrivée,71.6,31.3,False,163836
CRI-00201,2024-01-20,Terminal à Conteneurs,Import général,3,357,Transporteur G,Bamako (Mali),1230.6,Samedi,sèche,bloqué (litige/documents),167.5,50.7,False,2674944
CRI-00202,2024-01-20,Terminal Roulier,Hydrocarbures,1,346,Transporteur B,Dakar (local),19.6,Samedi,sèche,bloqué (litige/documents),142.2,41.9,False,528401
CRI-00203,2024-01-20,Terminal à Conteneurs,Denrées alimentaires,1,445,Transporteur B,Dakar (local),20.7,Samedi,sèche,dédouanement en cours,114.1,69.1,False,598327
CRI-00204,2024-01-20,Môle 8,Biens de consommation,1,228,Transporteur indépendant,Tambacounda,486.2,Samedi,sèche,dédouané avant arrivée,50.7,15.6,True,0
CRI-00205,2024-01-20,Terminal Roulier,Import général,2,260,Transporteur G,Kayes (Mali),961.2,Samedi,sèche,dédouanement en cours,75.6,32.6,False,438348
CRI-00206,2024-01-21,Terminal Roulier,Matériaux de construction,1,261,Transporteur G,Kaolack,195.7,Dimanche,sèche,dédouanement en cours,69.9,27.6,False,118730
CRI-00207,2024-01-21,Môle 1,Import général,2,257,Transporteur E,Bamako (Mali),1234.0,Dimanche,sèche,dédouané avant arrivée,39.1,30.1,False,0
CRI-00208,2024-01-21,Terminal à Conteneurs,Import général,2,303,Transporteur G,Thiès,69.3,Dimanche,sèche,dédouanement en cours,101.4,75.7,False,996555
CRI-00209,2024-01-21,Môle 1,Denrées alimentaires,1,199,Transporteur E,Kaolack,184.3,Dimanche,sèche,dédouanement en cours,65.4,22.0,False,99358
CRI-00210,2024-01-21,Terminal Roulier,Import général,1,335,Transporteur C,Dakar (local),20.6,Dimanche,sèche,dédouanement en cours,75.5,42.5,False,280868
CRI-00211,2024-01-21,Môle 3,Denrées alimentaires,2,203,Transporteur B,Bamako (Mali),1221.2,Dimanche,sèche,dédouanement en cours,52.6,34.3,False,179717
CRI-00212,2024-01-21,Môle 3,Import général,1,280,Transporteur B,Thiès,71.8,Dimanche,sèche,bloqué (litige/documents),66.3,34.9,False,137750
CRI-00213,2024-01-21,Môle 3,Denrées alimentaires,2,291,Transporteur C,Dakar (local),20.2,Dimanche,sèche,dédouanement en cours,78.8,68.0,False,971126
CRI-00214,2024-01-21,Terminal Roulier,Matériaux de construction,2,307,Transporteur A,Thiès,69.9,Dimanche,sèche,bloqué (litige/documents),213.1,40.8,False,2362807
CRI-00215,2024-01-22,Terminal Roulier,Import général,1,380,Transporteur G,Dakar (local),21.1,Lundi,sèche,dédouanement en cours,62.4,67.9,False,407351
CRI-00216,2024-01-22,Terminal à Conteneurs,Import général,1,346,Transporteur C,Tambacounda,459.1,Lundi,sèche,dédouané avant arrivée,48.7,54.6,False,204872
CRI-00217,2024-01-22,Terminal à Conteneurs,Import général,2,347,Transporteur indépendant,Kaolack,192.7,Lundi,sèche,dédouanement en cours,91.6,47.7,False,631063
CRI-00218,2024-01-22,Terminal à Conteneurs,Import général,1,375,Transporteur C,Touba,192.9,Lundi,sèche,dédouanement en cours,149.7,38.7,False,636010
CRI-00219,2024-01-22,Môle 1,Équipements industriels,4,355,Transporteur C,Thiès,69.9,Lundi,sèche,dédouané avant arrivée,52.6,52.1,False,807554
CRI-00220,2024-01-22,Terminal à Conteneurs,Denrées alimentaires,4,461,Transporteur C,Touba,193.7,Lundi,sèche,dédouanement en cours,69.0,74.2,True,1861580
CRI-00221,2024-01-22,Môle 8,Denrées alimentaires,1,449,Transporteur E,Tambacounda,476.8,Lundi,sèche,dédouanement en cours,80.3,65.2,True,459879
CRI-00222,2024-01-22,Môle 3,Import général,1,401,Transporteur A,Dakar (local),19.6,Lundi,sèche,dédouanement en cours,111.3,44.0,False,549321
CRI-00223,2024-01-22,Terminal à Conteneurs,Import général,3,466,Transporteur A,Dakar (local),20.5,Lundi,sèche,dédouané avant arrivée,67.2,58.7,False,817739
CRI-00224,2024-01-22,Môle 1,Import général,2,413,Transporteur D,Ziguinchor,442.5,Lundi,sèche,dédouané avant arrivée,67.4,47.3,False,501250
CRI-00225,2024-01-22,Terminal à Conteneurs,Import général,1,457,Transporteur B,Dakar (local),20.3,Lundi,sèche,bloqué (litige/documents),134.7,51.5,False,762625
CRI-00226,2024-01-23,Terminal à Conteneurs,Import général,1,336,Transporteur G,Kayes (Mali),966.9,Mardi,sèche,dédouané avant arrivée,63.7,38.9,False,143293
CRI-00227,2024-01-23,Terminal à Conteneurs,Import général,2,340,Transporteur F,Dakar (local),19.1,Mardi,sèche,dédouanement en cours,102.1,56.3,False,1043779
CRI-00228,2024-01-23,Terminal Roulier,Denrées alimentaires,1,286,Transporteur G,Tambacounda,467.1,Mardi,sèche,dédouané avant arrivée,37.0,21.7,False,0
CRI-00229,2024-01-23,Terminal à Conteneurs,Denrées alimentaires,2,468,Transporteur D,Dakar (local),19.9,Mardi,sèche,bloqué (litige/documents),148.6,54.6,False,1181029
CRI-00230,2024-01-23,Terminal à Conteneurs,Hydrocarbures,1,374,Transporteur C,Dakar (local),20.9,Mardi,sèche,dédouané avant arrivée,58.3,17.4,False,23107
CRI-00231,2024-01-23,Terminal à Conteneurs,Import général,4,402,Transporteur B,Dakar (local),19.8,Mardi,sèche,dédouané avant arrivée,67.6,53.6,False,1264134
CRI-00232,2024-01-23,Terminal Roulier,Hydrocarbures,2,434,Transporteur D,Bamako (Mali),1168.0,Mardi,sèche,dédouané avant arrivée,76.3,68.0,True,987334
CRI-00233,2024-01-23,Môle 3,Denrées alimentaires,2,347,Transporteur F,Kayes (Mali),947.3,Mardi,sèche,dédouanement en cours,49.0,26.6,False,40201
CRI-00234,2024-01-23,Terminal Roulier,Hydrocarbures,1,433,Transporteur E,Kaolack,192.2,Mardi,sèche,dédouané avant arrivée,55.8,64.5,False,304232
CRI-00235,2024-01-23,Môle 3,Matériaux de construction,2,390,Transporteur E,Dakar (local),20.5,Mardi,sèche,dédouané avant arrivée,58.9,42.2,False,335995
CRI-00236,2024-01-23,Terminal à Conteneurs,Matériaux de construction,1,423,Transporteur D,Thiès,68.9,Mardi,sèche,dédouanement en cours,87.6,54.3,False,341495
CRI-00237,2024-01-24,Môle 3,Import général,1,368,Transporteur C,Touba,182.4,Mercredi,sèche,dédouané avant arrivée,60.2,86.1,False,414984
CRI-00238,2024-01-24,Môle 1,Biens de consommation,1,308,Transporteur E,Kaolack,182.2,Mercredi,sèche,dédouané avant arrivée,63.0,30.9,False,100285
CRI-00239,2024-01-24,Terminal à Conteneurs,Import général,3,320,Transporteur B,Ziguinchor,463.5,Mercredi,sèche,dédouanement en cours,56.8,69.7,False,1001299
CRI-00240,2024-01-24,Môle 1,Import général,3,442,Transporteur D,Dakar (local),20.1,Mercredi,sèche,dédouanement en cours,98.0,34.0,False,822367
CRI-00241,2024-01-24,Terminal à Conteneurs,Matériaux de construction,1,424,Transporteur F,Dakar (local),19.1,Mercredi,sèche,dédouanement en cours,119.6,50.3,False,645366
CRI-00242,2024-01-24,Môle 1,Équipements industriels,1,372,Transporteur B,Kayes (Mali),991.3,Mercredi,sèche,bloqué (litige/documents),130.3,45.8,False,636184
CRI-00243,2024-01-24,Terminal Roulier,Import général,1,314,Transporteur C,Tambacounda,461.0,Mercredi,sèche,dédouané avant arrivée,49.1,75.7,False,349245
CRI-00244,2024-01-24,Terminal à Conteneurs,Hydrocarbures,1,382,Transporteur F,Tambacounda,492.8,Mercredi,sèche,dédouanement en cours,94.5,46.5,True,413805
CRI-00245,2024-01-24,Môle 8,Matériaux de construction,1,329,Transporteur A,Thiès,70.7,Mercredi,sèche,dédouanement en cours,29.6,42.1,False,0
CRI-00246,2024-01-25,Terminal Roulier,Biens de consommation,3,383,Transporteur indépendant,Touba,188.7,Jeudi,sèche,dédouanement en cours,99.6,44.2,False,1202467
CRI-00247,2024-01-25,Môle 1,Denrées alimentaires,3,365,Transporteur E,Tambacounda,491.0,Jeudi,sèche,dédouanement en cours,71.7,24.7,False,367835
CRI-00248,2024-01-25,Môle 3,Biens de consommation,1,316,Transporteur C,Ziguinchor,463.4,Jeudi,sèche,dédouané avant arrivée,65.0,40.1,False,207047
CRI-00249,2024-01-25,Môle 3,Hydrocarbures,1,403,Transporteur B,Kayes (Mali),941.5,Jeudi,sèche,bloqué (litige/documents),99.7,50.3,False,468080
CRI-00250,2024-01-25,Môle 8,Import général,2,335,Transporteur B,Bamako (Mali),1200.6,Jeudi,sèche,dédouané avant arrivée,54.2,62.4,True,447442
CRI-00251,2024-01-25,Terminal à Conteneurs,Import général,2,321,Transporteur E,Touba,195.7,Jeudi,sèche,dédouané avant arrivée,68.7,40.9,False,437736
CRI-00252,2024-01-25,Môle 8,Import général,1,361,Transporteur E,Dakar (local),20.3,Jeudi,sèche,dédouanement en cours,73.7,51.1,False,316823
CRI-00253,2024-01-25,Môle 1,Import général,3,337,Transporteur F,Tambacounda,439.6,Jeudi,sèche,dédouanement en cours,86.4,46.7,False,1138163
CRI-00254,2024-01-25,Terminal à Conteneurs,Import général,1,345,Transporteur indépendant,Thiès,68.8,Jeudi,sèche,dédouanement en cours,40.1,45.0,False,83150
CRI-00255,2024-01-25,Terminal à Conteneurs,Matériaux de construction,3,312,Transporteur E,Thiès,66.6,Jeudi,sèche,dédouanement en cours,62.6,23.2,False,192197
CRI-00256,2024-01-25,Môle 1,Import général,1,354,Transporteur indépendant,Bamako (Mali),1200.5,Jeudi,sèche,dédouanement en cours,98.0,40.7,True,303205
CRI-00257,2024-01-25,Terminal à Conteneurs,Matériaux de construction,2,447,Transporteur A,Dakar (local),20.9,Jeudi,sèche,dédouané avant arrivée,39.2,27.7,False,0
CRI-00258,2024-01-25,Môle 8,Import général,3,343,Transporteur A,Dakar (local),19.4,Jeudi,sèche,dédouanement en cours,81.0,53.2,False,1059486
CRI-00259,2024-01-25,Môle 3,Import général,1,427,Transporteur C,Ziguinchor,459.9,Jeudi,sèche,dédouané avant arrivée,73.8,53.8,False,388061
CRI-00260,2024-01-26,Terminal à Conteneurs,Denrées alimentaires,1,301,Transporteur A,Dakar (local),19.7,Vendredi,sèche,dédouanement en cours,55.8,19.7,False,18143
CRI-00261,2024-01-26,Terminal à Conteneurs,Matériaux de construction,2,326,Transporteur C,Thiès,74.4,Vendredi,sèche,dédouanement en cours,60.5,40.3,False,385009
CRI-00262,2024-01-26,Môle 1,Denrées alimentaires,1,421,Transporteur B,Ziguinchor,459.7,Vendredi,sèche,dédouanement en cours,62.2,31.4,False,126065
CRI-00263,2024-01-26,Môle 3,Denrées alimentaires,2,332,Transporteur D,Touba,190.4,Vendredi,sèche,bloqué (litige/documents),67.8,64.4,False,618895
CRI-00264,2024-01-26,Terminal Roulier,Biens de consommation,1,340,Transporteur indépendant,Thiès,73.1,Vendredi,sèche,dédouané avant arrivée,32.7,39.1,False,0
CRI-00265,2024-01-26,Terminal à Conteneurs,Import général,2,405,Transporteur A,Dakar (local),20.5,Vendredi,sèche,dédouané avant arrivée,66.9,48.8,False,609526
CRI-00266,2024-01-26,Môle 1,Biens de consommation,1,342,Transporteur B,Thiès,69.3,Vendredi,sèche,dédouané avant arrivée,55.2,44.9,False,167499
CRI-00267,2024-01-27,Môle 3,Matériaux de construction,1,395,Transporteur B,Kayes (Mali),914.8,Samedi,sèche,dédouané avant arrivée,122.8,62.0,False,738210
CRI-00268,2024-01-27,Terminal à Conteneurs,Matériaux de construction,1,271,Transporteur G,Dakar (local),19.9,Samedi,sèche,bloqué (litige/documents),86.5,60.8,False,437060
CRI-00269,2024-01-27,Môle 3,Équipements industriels,2,341,Transporteur F,Touba,183.8,Samedi,sèche,dédouané avant arrivée,29.2,56.8,False,139570
CRI-00270,2024-01-27,Terminal à Conteneurs,Denrées alimentaires,1,402,Transporteur indépendant,Touba,186.8,Samedi,sèche,dédouané avant arrivée,52.1,39.7,False,133073
CRI-00271,2024-01-27,Môle 8,Import général,1,263,Transporteur C,Ziguinchor,453.0,Samedi,sèche,dédouanement en cours,86.3,37.4,False,268526
CRI-00272,2024-01-27,Terminal à Conteneurs,Hydrocarbures,2,394,Transporteur E,Thiès,73.3,Samedi,sèche,bloqué (litige/documents),177.6,32.4,False,1659647
CRI-00273,2024-01-27,Terminal à Conteneurs,Biens de consommation,1,369,Transporteur D,Kaédi (Mauritanie),469.6,Samedi,sèche,dédouanement en cours,57.0,31.1,False,89092
CRI-00274,2024-01-27,Môle 1,Denrées alimentaires,1,345,Transporteur G,Thiès,70.0,Samedi,sèche,dédouanement en cours,83.8,64.7,False,531019
CRI-00275,2024-01-27,Môle 3,Biens de consommation,1,327,Transporteur C,Kaédi (Mauritanie),453.8,Samedi,sèche,dédouané avant arrivée,63.5,22.7,False,88129
CRI-00276,2024-01-27,Terminal à Conteneurs,Hydrocarbures,3,349,Transporteur A,Touba,191.6,Samedi,sèche,dédouanement en cours,74.7,74.6,False,1572698
CRI-00277,2024-01-27,Terminal à Conteneurs,Matériaux de construction,2,320,Transporteur C,Touba,195.0,Samedi,sèche,dédouané avant arrivée,56.4,24.7,False,100488
CRI-00278,2024-01-27,Terminal à Conteneurs,Hydrocarbures,1,316,Transporteur D,Kaolack,199.6,Samedi,sèche,dédouané avant arrivée,53.7,57.2,False,257318
CRI-00279,2024-01-28,Môle 3,Matériaux de construction,2,300,Transporteur indépendant,Tambacounda,466.5,Dimanche,sèche,dédouanement en cours,75.0,32.9,False,482172
CRI-00280,2024-01-28,Môle 1,Équipements industriels,1,247,Transporteur B,Bamako (Mali),1211.2,Dimanche,sèche,dédouané avant arrivée,32.5,33.6,False,0
CRI-00281,2024-01-28,Terminal Roulier,Matériaux de construction,3,205,Transporteur G,Touba,192.4,Dimanche,sèche,dédouanement en cours,54.7,14.9,False,0
CRI-00282,2024-01-28,Terminal Roulier,Denrées alimentaires,1,253,Transporteur E,Dakar (local),19.9,Dimanche,sèche,bloqué (litige/documents),98.6,22.0,False,292166
CRI-00283,2024-01-28,Môle 1,Import général,4,252,Transporteur E,Ziguinchor,429.5,Dimanche,sèche,dédouané avant arrivée,41.9,44.1,False,268226
CRI-00284,2024-01-28,Terminal Roulier,Import général,1,249,Transporteur F,Tambacounda,454.7,Dimanche,sèche,dédouanement en cours,54.4,45.6,False,156534
CRI-00285,2024-01-28,Terminal à Conteneurs,Denrées alimentaires,1,306,Transporteur indépendant,Kaolack,194.6,Dimanche,sèche,dédouané avant arrivée,45.4,29.6,False,16923
CRI-00286,2024-01-28,Môle 3,Matériaux de construction,2,264,Transporteur A,Kaolack,186.7,Dimanche,sèche,dédouané avant arrivée,53.2,49.9,False,426171
CRI-00287,2024-01-28,Môle 1,Hydrocarbures,1,285,Transporteur C,Touba,193.9,Dimanche,sèche,dédouanement en cours,55.5,22.3,False,36920
CRI-00288,2024-01-28,Môle 3,Import général,2,273,Transporteur F,Bamako (Mali),1206.5,Dimanche,sèche,dédouané avant arrivée,45.6,43.6,True,181472
CRI-00289,2024-01-28,Terminal à Conteneurs,Hydrocarbures,2,219,Transporteur A,Bamako (Mali),1209.0,Dimanche,sèche,bloqué (litige/documents),83.0,30.4,False,485620
CRI-00290,2024-01-28,Môle 1,Hydrocarbures,2,320,Transporteur F,Bamako (Mali),1191.8,Dimanche,sèche,bloqué (litige/documents),75.7,58.7,False,710355
CRI-00291,2024-01-28,Môle 1,Denrées alimentaires,3,245,Transporteur G,Kaolack,186.4,Dimanche,sèche,dédouané avant arrivée,49.4,33.9,False,219562
CRI-00292,2024-01-28,Terminal à Conteneurs,Équipements industriels,2,208,Transporteur E,Dakar (local),20.4,Dimanche,sèche,dédouané avant arrivée,35.9,22.9,False,0
CRI-00293,2024-01-28,Môle 3,Matériaux de construction,1,242,Transporteur indépendant,Dakar (local),19.7,Dimanche,sèche,dédouané avant arrivée,36.8,22.9,False,0
CRI-00294,2024-01-28,Môle 8,Hydrocarbures,3,293,Transporteur B,Kaédi (Mauritanie),466.7,Dimanche,sèche,bloqué (litige/documents),139.9,43.2,False,1561067
CRI-00295,2024-01-28,Terminal à Conteneurs,Hydrocarbures,1,299,Transporteur E,Ziguinchor,449.2,Dimanche,sèche,dédouané avant arrivée,46.2,10.7,False,0
CRI-00296,2024-01-29,Môle 3,Import général,2,379,Transporteur A,Kayes (Mali),950.3,Lundi,sèche,dédouané avant arrivée,94.3,55.4,False,985241
CRI-00297,2024-01-29,Terminal Roulier,Matériaux de construction,1,397,Transporteur A,Dakar (local),20.4,Lundi,sèche,bloqué (litige/documents),117.3,46.1,False,462031
CRI-00298,2024-01-29,Môle 1,Import général,1,352,Transporteur indépendant,Kayes (Mali),943.4,Lundi,sèche,dédouanement en cours,66.4,46.6,False,222964
CRI-00299,2024-01-29,Môle 3,Équipements industriels,1,441,Transporteur G,Bamako (Mali),1216.6,Lundi,sèche,dédouané avant arrivée,61.5,37.8,True,130598
CRI-00300,2024-01-29,Môle 8,Biens de consommation,2,359,Transporteur B,Dakar (local),20.0,Lundi,sèche,dédouanement en cours,138.9,36.5,False,1227212
CRI-00301,2024-01-29,Môle 8,Matériaux de construction,1,354,Transporteur A,Touba,198.0,Lundi,sèche,dédouané avant arrivée,76.3,31.2,False,163842
CRI-00302,2024-01-29,Môle 3,Denrées alimentaires,1,403,Transporteur B,Ziguinchor,469.5,Lundi,sèche,dédouanement en cours,65.0,46.9,False,202408
CRI-00303,2024-01-29,Môle 1,Import général,4,367,Transporteur indépendant,Kayes (Mali),971.6,Lundi,sèche,dédouané avant arrivée,93.3,62.3,True,1613316
CRI-00304,2024-01-30,Terminal à Conteneurs,Matériaux de construction,1,378,Transporteur indépendant,Thiès,73.6,Mardi,sèche,dédouané avant arrivée,68.5,52.1,False,306759
CRI-00305,2024-01-30,Môle 8,Hydrocarbures,2,445,Transporteur A,Tambacounda,490.4,Mardi,sèche,dédouanement en cours,101.1,30.7,False,587379
CRI-00306,2024-01-30,Môle 1,Matériaux de construction,2,336,Transporteur indépendant,Kayes (Mali),931.1,Mardi,sèche,dédouanement en cours,61.7,38.5,True,357265
CRI-00307,2024-01-30,Terminal à Conteneurs,Import général,1,379,Transporteur E,Ziguinchor,438.0,Mardi,sèche,dédouané avant arrivée,47.8,25.9,False,8712
CRI-00308,2024-01-30,Terminal à Conteneurs,Matériaux de construction,1,325,Transporteur C,Thiès,68.6,Mardi,sèche,dédouanement en cours,81.6,42.5,False,324649
CRI-00309,2024-01-30,Terminal à Conteneurs,Équipements industriels,2,430,Transporteur A,Kaolack,188.5,Mardi,sèche,dédouané avant arrivée,106.0,46.5,False,1052377
CRI-00310,2024-01-30,Môle 3,Hydrocarbures,1,355,Transporteur A,Dakar (local),18.7,Mardi,sèche,dédouané avant arrivée,50.3,53.7,False,169621
CRI-00311,2024-01-30,Terminal Roulier,Import général,1,418,Transporteur G,Dakar (local),18.9,Mardi,sèche,dédouanement en cours,125.0,73.1,False,658520
CRI-00312,2024-01-30,Môle 8,Denrées alimentaires,4,468,Transporteur E,Kayes (Mali),961.7,Mardi,sèche,dédouanement en cours,118.1,59.5,False,2467475
CRI-00313,2024-01-31,Môle 1,Biens de consommation,2,329,Transporteur D,Dakar (local),19.9,Mercredi,sèche,dédouanement en cours,69.6,33.2,False,418954
CRI-00314,2024-01-31,Terminal Roulier,Biens de consommation,1,273,Transporteur G,Thiès,67.3,Mercredi,sèche,dédouanement en cours,61.9,53.1,False,202616
CRI-00315,2024-01-31,Terminal à Conteneurs,Équipements industriels,3,335,Transporteur C,Bamako (Mali),1240.5,Mercredi,sèche,dédouané avant arrivée,75.6,24.2,True,580374
CRI-00316,2024-01-31,Terminal à Conteneurs,Biens de consommation,2,328,Transporteur E,Touba,192.0,Mercredi,sèche,bloqué (litige/documents),130.0,31.2,False,858949
CRI-00317,2024-01-31,Môle 1,Import général,1,349,Transporteur E,Kaédi (Mauritanie),459.1,Mercredi,sèche,dédouanement en cours,83.4,57.6,False,378087
CRI-00318,2024-01-31,Môle 8,Denrées alimentaires,4,324,Transporteur B,Touba,187.5,Mercredi,sèche,dédouané avant arrivée,74.6,71.6,False,2004606
CRI-00319,2024-01-31,Môle 1,Import général,3,348,Transporteur F,Tambacounda,474.8,Mercredi,sèche,dédouané avant arrivée,67.9,26.4,False,322977
CRI-00320,2024-01-31,Terminal à Conteneurs,Équipements industriels,2,328,Transporteur indépendant,Touba,189.4,Mercredi,sèche,dédouanement en cours,72.9,46.4,False,638034
CRI-00321,2024-01-31,Terminal à Conteneurs,Import général,1,367,Transporteur indépendant,Bamako (Mali),1200.6,Mercredi,sèche,dédouané avant arrivée,43.6,68.3,True,187360
CRI-00322,2024-01-31,Môle 1,Denrées alimentaires,1,377,Transporteur indépendant,Kaolack,187.0,Mercredi,sèche,dédouané avant arrivée,85.6,36.8,False,255123
CRI-00323,2024-01-31,Terminal à Conteneurs,Import général,2,350,Transporteur D,Kayes (Mali),939.4,Mercredi,sèche,dédouané avant arrivée,68.0,53.1,False,445186
CRI-00324,2024-01-31,Môle 3,Matériaux de construction,1,290,Transporteur D,Bamako (Mali),1258.9,Mercredi,sèche,dédouané avant arrivée,40.3,54.5,True,128501
CRI-00325,2024-01-31,Terminal à Conteneurs,Import général,1,331,Transporteur D,Touba,183.6,Mercredi,sèche,bloqué (litige/documents),127.2,35.1,False,567699
CRI-00326,2024-02-01,Terminal à Conteneurs,Denrées alimentaires,1,338,Transporteur B,Kaolack,197.9,Jeudi,sèche,bloqué (litige/documents),115.8,61.1,False,643719
CRI-00327,2024-02-01,Terminal à Conteneurs,Denrées alimentaires,1,320,Transporteur C,Thiès,71.0,Jeudi,sèche,dédouanement en cours,44.4,28.1,False,3099
CRI-00328,2024-02-01,Môle 3,Import général,3,312,Transporteur D,Ziguinchor,450.6,Jeudi,sèche,dédouané avant arrivée,60.7,64.4,False,857025
CRI-00329,2024-02-01,Môle 1,Matériaux de construction,1,307,Transporteur C,Thiès,69.5,Jeudi,sèche,dédouanement en cours,70.3,31.8,False,136900
CRI-00330,2024-02-01,Terminal à Conteneurs,Équipements industriels,4,324,Transporteur indépendant,Bamako (Mali),1193.3,Jeudi,sèche,bloqué (litige/documents),86.0,41.3,True,1272206
CRI-00331,2024-02-01,Terminal à Conteneurs,Denrées alimentaires,1,293,Transporteur F,Bamako (Mali),1178.7,Jeudi,sèche,dédouanement en cours,96.7,47.1,False,451977
CRI-00332,2024-02-01,Terminal Roulier,Matériaux de construction,1,345,Transporteur G,Dakar (local),20.8,Jeudi,sèche,dédouané avant arrivée,40.8,29.8,False,0
CRI-00333,2024-02-01,Terminal à Conteneurs,Import général,1,345,Transporteur C,Kaolack,193.0,Jeudi,sèche,bloqué (litige/documents),110.8,44.2,False,452915
CRI-00334,2024-02-01,Terminal Roulier,Matériaux de construction,1,328,Transporteur C,Tambacounda,463.5,Jeudi,sèche,dédouané avant arrivée,53.2,35.6,False,104081
CRI-00335,2024-02-01,Terminal à Conteneurs,Denrées alimentaires,3,371,Transporteur A,Kayes (Mali),929.3,Jeudi,sèche,dédouané avant arrivée,38.8,45.2,False,244233
CRI-00336,2024-02-01,Môle 3,Équipements industriels,1,387,Transporteur C,Kaolack,189.5,Jeudi,sèche,bloqué (litige/documents),115.9,54.7,False,483418
CRI-00337,2024-02-01,Môle 1,Denrées alimentaires,1,380,Transporteur C,Ziguinchor,430.0,Jeudi,sèche,dédouané avant arrivée,55.7,38.6,False,116979
CRI-00338,2024-02-02,Môle 1,Matériaux de construction,4,305,Transporteur D,Ziguinchor,446.9,Vendredi,sèche,dédouanement en cours,62.9,41.9,False,885492
CRI-00339,2024-02-02,Môle 8,Matériaux de construction,1,351,Transporteur C,Kaolack,196.0,Vendredi,sèche,dédouanement en cours,110.2,30.9,False,334703
CRI-00340,2024-02-02,Terminal à Conteneurs,Équipements industriels,3,312,Transporteur C,Dakar (local),19.3,Vendredi,sèche,dédouanement en cours,94.0,59.1,False,1397581
CRI-00341,2024-02-02,Môle 3,Denrées alimentaires,1,297,Transporteur E,Kayes (Mali),991.9,Vendredi,sèche,dédouanement en cours,66.7,36.2,False,202534
CRI-00342,2024-02-02,Môle 1,Import général,1,277,Transporteur F,Bamako (Mali),1248.9,Vendredi,sèche,dédouanement en cours,73.0,29.0,True,204946
CRI-00343,2024-02-02,Môle 1,Hydrocarbures,1,350,Transporteur E,Kaédi (Mauritanie),471.7,Vendredi,sèche,dédouané avant arrivée,62.3,59.9,False,346864
CRI-00344,2024-02-02,Terminal Roulier,Équipements industriels,2,334,Transporteur indépendant,Touba,188.5,Vendredi,sèche,dédouané avant arrivée,46.8,57.0,False,290868
CRI-00345,2024-02-02,Môle 1,Import général,1,318,Transporteur F,Tambacounda,459.4,Vendredi,sèche,dédouané avant arrivée,36.1,42.6,False,37198
CRI-00346,2024-02-02,Terminal à Conteneurs,Denrées alimentaires,1,336,Transporteur G,Bamako (Mali),1235.8,Vendredi,sèche,dédouanement en cours,61.8,36.1,True,169858
CRI-00347,2024-02-02,Môle 1,Import général,3,330,Transporteur G,Dakar (local),20.3,Vendredi,sèche,dédouané avant arrivée,36.0,29.4,False,0
CRI-00348,2024-02-02,Terminal à Conteneurs,Biens de consommation,1,285,Transporteur G,Bamako (Mali),1237.2,Vendredi,sèche,dédouané avant arrivée,59.3,46.1,False,216132
CRI-00349,2024-02-02,Môle 1,Matériaux de construction,1,406,Transporteur G,Bamako (Mali),1190.4,Vendredi,sèche,bloqué (litige/documents),77.1,55.2,True,323944
CRI-00350,2024-02-02,Terminal à Conteneurs,Équipements industriels,1,369,Transporteur C,Thiès,69.8,Vendredi,sèche,dédouané avant arrivée,85.3,65.2,False,371822
CRI-00351,2024-02-02,Terminal Roulier,Hydrocarbures,1,389,Transporteur F,Dakar (local),21.2,Vendredi,sèche,dédouanement en cours,81.9,47.7,False,397926
CRI-00352,2024-02-03,Môle 8,Matériaux de construction,1,326,Transporteur B,Bamako (Mali),1219.7,Samedi,sèche,dédouané avant arrivée,66.2,27.0,False,115362
CRI-00353,2024-02-03,Terminal à Conteneurs,Biens de consommation,1,326,Transporteur F,Touba,197.6,Samedi,sèche,dédouanement en cours,103.7,37.6,False,433479
CRI-00354,2024-02-03,Môle 1,Import général,2,343,Transporteur F,Bamako (Mali),1257.6,Samedi,sèche,dédouanement en cours,65.3,58.8,True,522430
CRI-00355,2024-02-03,Terminal à Conteneurs,Biens de consommation,1,326,Transporteur C,Ziguinchor,438.9,Samedi,sèche,dédouanement en cours,34.4,39.3,False,9210
CRI-00356,2024-02-03,Terminal à Conteneurs,Import général,2,342,Transporteur A,Dakar (local),19.8,Samedi,sèche,dédouanement en cours,78.1,57.6,False,757973
CRI-00357,2024-02-03,Terminal à Conteneurs,Biens de consommation,1,387,Transporteur A,Thiès,70.4,Samedi,sèche,dédouanement en cours,65.6,30.1,False,141858
CRI-00358,2024-02-03,Terminal à Conteneurs,Import général,1,312,Transporteur F,Dakar (local),19.6,Samedi,sèche,dédouané avant arrivée,55.7,43.3,False,123824
CRI-00359,2024-02-03,Môle 3,Import général,1,296,Transporteur C,Thiès,72.5,Samedi,sèche,dédouanement en cours,58.0,14.6,False,3433
CRI-00360,2024-02-03,Terminal à Conteneurs,Équipements industriels,1,415,Transporteur F,Kaolack,195.9,Samedi,sèche,bloqué (litige/documents),99.8,33.9,False,356110
CRI-00361,2024-02-04,Terminal Roulier,Import général,1,214,Transporteur G,Kayes (Mali),940.8,Dimanche,sèche,bloqué (litige/documents),150.2,20.6,False,645382
CRI-00362,2024-02-04,Môle 8,Import général,1,227,Transporteur indépendant,Touba,189.9,Dimanche,sèche,dédouanement en cours,50.4,14.3,False,0
CRI-00363,2024-02-04,Terminal à Conteneurs,Import général,2,283,Transporteur E,Dakar (local),20.1,Dimanche,sèche,dédouané avant arrivée,53.2,43.8,False,301612
CRI-00364,2024-02-04,Terminal à Conteneurs,Biens de consommation,2,261,Transporteur E,Kaolack,189.8,Dimanche,sèche,dédouané avant arrivée,29.3,34.0,False,0
CRI-00365,2024-02-04,Môle 1,Biens de consommation,1,290,Transporteur B,Dakar (local),20.0,Dimanche,sèche,dédouanement en cours,63.3,34.6,False,174786
CRI-00366,2024-02-05,Môle 1,Biens de consommation,3,423,Transporteur B,Ziguinchor,447.8,Lundi,sèche,dédouané avant arrivée,91.6,43.0,False,1288668
CRI-00367,2024-02-05,Terminal Roulier,Import général,1,463,Transporteur B,Dakar (local),19.2,Lundi,sèche,bloqué (litige/documents),87.9,60.1,False,475456
CRI-00368,2024-02-05,Môle 8,Biens de consommation,2,348,Transporteur B,Ziguinchor,436.0,Lundi,sèche,dédouanement en cours,108.2,60.2,False,1026482
CRI-00369,2024-02-05,Terminal à Conteneurs,Import général,3,394,Transporteur G,Kaolack,201.8,Lundi,sèche,dédouané avant arrivée,72.9,31.8,False,579564
CRI-00370,2024-02-05,Terminal à Conteneurs,Biens de consommation,1,384,Transporteur D,Touba,195.2,Lundi,sèche,dédouanement en cours,92.4,27.4,False,240198
CRI-00371,2024-02-05,Terminal Roulier,Matériaux de construction,2,495,Transporteur indépendant,Kaolack,190.1,Lundi,sèche,dédouanement en cours,67.1,43.0,False,509811
CRI-00372,2024-02-05,Terminal à Conteneurs,Matériaux de construction,2,387,Transporteur indépendant,Kayes (Mali),944.4,Lundi,sèche,dédouané avant arrivée,51.8,60.8,True,411381
CRI-00373,2024-02-05,Terminal Roulier,Denrées alimentaires,1,430,Transporteur F,Thiès,67.6,Lundi,sèche,dédouané avant arrivée,43.5,65.6,False,254216
CRI-00374,2024-02-05,Môle 1,Import général,1,366,Transporteur indépendant,Dakar (local),19.9,Lundi,sèche,bloqué (litige/documents),99.8,64.7,False,631599
CRI-00375,2024-02-05,Terminal à Conteneurs,Hydrocarbures,2,422,Transporteur G,Bamako (Mali),1210.4,Lundi,sèche,dédouanement en cours,59.5,41.4,True,365227
CRI-00376,2024-02-05,Terminal Roulier,Matériaux de construction,1,393,Transporteur C,Kaolack,180.9,Lundi,sèche,dédouané avant arrivée,49.0,83.8,False,337322
CRI-00377,2024-02-06,Môle 3,Denrées alimentaires,2,360,Transporteur B,Kayes (Mali),966.9,Mardi,sèche,dédouané avant arrivée,67.2,48.2,False,451883
CRI-00378,2024-02-06,Terminal à Conteneurs,Denrées alimentaires,2,397,Transporteur G,Tambacounda,469.7,Mardi,sèche,dédouané avant arrivée,55.7,47.1,False,413407
CRI-00379,2024-02-06,Terminal Roulier,Biens de consommation,1,291,Transporteur F,Thiès,68.0,Mardi,sèche,dédouanement en cours,52.2,38.6,False,130286
CRI-00380,2024-02-06,Môle 1,Équipements industriels,2,469,Transporteur D,Kaédi (Mauritanie),476.9,Mardi,sèche,dédouané avant arrivée,77.5,43.2,True,501002
CRI-00381,2024-02-06,Môle 1,Import général,1,391,Transporteur D,Kayes (Mali),1025.7,Mardi,sèche,dédouanement en cours,68.2,30.0,True,151452
CRI-00382,2024-02-06,Môle 1,Import général,1,453,Transporteur E,Ziguinchor,451.3,Mardi,sèche,dédouanement en cours,83.3,64.6,True,524149
CRI-00383,2024-02-06,Terminal Roulier,Matériaux de construction,2,354,Transporteur F,Thiès,68.4,Mardi,sèche,dédouanement en cours,92.0,31.8,False,704742
CRI-00384,2024-02-06,Terminal à Conteneurs,Hydrocarbures,1,405,Transporteur G,Ziguinchor,452.8,Mardi,sèche,dédouané avant arrivée,37.9,30.2,True,0
CRI-00385,2024-02-06,Môle 3,Denrées alimentaires,1,401,Transporteur C,Ziguinchor,410.9,Mardi,sèche,bloqué (litige/documents),160.8,66.4,False,851609
CRI-00386,2024-02-06,Môle 8,Biens de consommation,2,400,Transporteur C,Dakar (local),19.8,Mardi,sèche,dédouané avant arrivée,66.7,74.6,False,949814
CRI-00387,2024-02-06,Terminal Roulier,Équipements industriels,1,415,Transporteur G,Bamako (Mali),1245.9,Mardi,sèche,dédouané avant arrivée,115.0,50.6,True,596195
CRI-00388,2024-02-06,Terminal à Conteneurs,Denrées alimentaires,2,360,Transporteur D,Kaolack,189.6,Mardi,sèche,dédouané avant arrivée,68.8,39.2,True,406550
CRI-00389,2024-02-06,Môle 3,Denrées alimentaires,2,399,Transporteur A,Thiès,70.0,Mardi,sèche,dédouanement en cours,76.7,75.8,False,1003428
CRI-00390,2024-02-06,Terminal à Conteneurs,Équipements industriels,3,443,Transporteur C,Thiès,68.9,Mardi,sèche,dédouané avant arrivée,84.8,66.0,False,1317722
CRI-00391,2024-02-06,Môle 1,Import général,3,407,Transporteur G,Kayes (Mali),906.6,Mardi,sèche,dédouanement en cours,103.8,37.8,False,1245791
CRI-00392,2024-02-06,Môle 3,Biens de consommation,1,425,Transporteur F,Kaolack,198.6,Mardi,sèche,dédouané avant arrivée,89.3,72.5,False,545100
CRI-00393,2024-02-07,Terminal à Conteneurs,Import général,3,333,Transporteur F,Kayes (Mali),929.0,Mercredi,sèche,dédouanement en cours,52.5,21.7,True,33637
CRI-00394,2024-02-07,Môle 1,Denrées alimentaires,2,319,Transporteur B,Ziguinchor,464.5,Mercredi,sèche,dédouanement en cours,49.4,35.1,False,138108
CRI-00395,2024-02-07,Môle 3,Hydrocarbures,2,339,Transporteur F,Kaolack,188.9,Mercredi,sèche,dédouanement en cours,43.5,51.1,False,268683
CRI-00396,2024-02-07,Môle 3,Matériaux de construction,1,299,Transporteur D,Touba,193.2,Mercredi,sèche,dédouané avant arrivée,68.6,40.6,False,214200
CRI-00397,2024-02-07,Môle 3,Biens de consommation,3,358,Transporteur C,Bamako (Mali),1207.1,Mercredi,sèche,bloqué (litige/documents),87.5,44.8,True,854402
CRI-00398,2024-02-07,Terminal Roulier,Biens de consommation,1,290,Transporteur F,Dakar (local),20.3,Mercredi,sèche,dédouanement en cours,55.5,65.0,False,246616
CRI-00399,2024-02-07,Môle 3,Import général,1,287,Transporteur G,Kayes (Mali),957.1,Mercredi,sèche,dédouanement en cours,61.0,40.2,False,153830
CRI-00400,2024-02-07,Môle 1,Biens de consommation,1,302,Transporteur G,Touba,191.3,Mercredi,sèche,dédouané avant arrivée,38.0,58.6,False,123014
CRI-00401,2024-02-07,Terminal Roulier,Biens de consommation,2,321,Transporteur D,Tambacounda,459.6,Mercredi,sèche,dédouanement en cours,43.0,40.1,False,129287
CRI-00402,2024-02-07,Môle 1,Biens de consommation,1,398,Transporteur F,Dakar (local),20.3,Mercredi,sèche,dédouané avant arrivée,74.8,44.5,False,233505
CRI-00403,2024-02-07,Môle 1,Hydrocarbures,2,360,Transporteur C,Ziguinchor,459.8,Mercredi,sèche,dédouanement en cours,93.4,52.6,True,860807
CRI-00404,2024-02-08,Terminal Roulier,Matériaux de construction,1,351,Transporteur G,Dakar (local),19.7,Jeudi,sèche,dédouané avant arrivée,77.2,53.0,False,399781
CRI-00405,2024-02-08,Terminal à Conteneurs,Matériaux de construction,1,285,Transporteur A,Ziguinchor,451.7,Jeudi,sèche,bloqué (litige/documents),89.3,43.4,False,419410
CRI-00406,2024-02-08,Terminal à Conteneurs,Biens de consommation,2,372,Transporteur E,Bamako (Mali),1239.9,Jeudi,sèche,dédouanement en cours,82.3,61.4,True,685851
CRI-00407,2024-02-08,Terminal à Conteneurs,Import général,1,411,Transporteur indépendant,Dakar (local),19.1,Jeudi,sèche,dédouané avant arrivée,64.0,41.6,False,202203
CRI-00408,2024-02-08,Môle 8,Hydrocarbures,2,355,Transporteur indépendant,Dakar (local),20.5,Jeudi,sèche,dédouanement en cours,59.3,75.7,False,644497
CRI-00409,2024-02-08,Terminal à Conteneurs,Biens de consommation,1,347,Transporteur C,Bamako (Mali),1228.7,Jeudi,sèche,bloqué (litige/documents),97.7,30.7,True,290462
CRI-00410,2024-02-08,Terminal à Conteneurs,Matériaux de construction,1,400,Transporteur F,Tambacounda,470.4,Jeudi,sèche,dédouanement en cours,42.6,78.7,False,286516
CRI-00411,2024-02-08,Terminal Roulier,Denrées alimentaires,1,351,Transporteur G,Bamako (Mali),1192.9,Jeudi,sèche,dédouané avant arrivée,65.1,34.7,False,171046
CRI-00412,2024-02-08,Terminal à Conteneurs,Hydrocarbures,1,323,Transporteur F,Dakar (local),20.1,Jeudi,sèche,dédouanement en cours,73.0,56.6,False,358392
CRI-00413,2024-02-08,Môle 8,Équipements industriels,2,311,Transporteur F,Dakar (local),19.9,Jeudi,sèche,dédouané avant arrivée,56.3,42.9,False,315022
CRI-00414,2024-02-08,Môle 3,Import général,1,345,Transporteur C,Thiès,70.5,Jeudi,sèche,dédouanement en cours,69.8,57.1,False,291026
CRI-00415,2024-02-09,Môle 3,Import général,1,340,Transporteur E,Bamako (Mali),1245.9,Vendredi,sèche,bloqué (litige/documents),139.6,79.2,True,867327
CRI-00416,2024-02-09,Terminal à Conteneurs,Import général,4,364,Transporteur indépendant,Kayes (Mali),918.2,Vendredi,sèche,dédouanement en cours,64.6,27.7,True,436693
CRI-00417,2024-02-09,Terminal à Conteneurs,Import général,2,311,Transporteur G,Bamako (Mali),1201.3,Vendredi,sèche,dédouanement en cours,73.6,42.5,False,424356
CRI-00418,2024-02-09,Terminal à Conteneurs,Import général,2,334,Transporteur G,Tambacounda,488.0,Vendredi,sèche,dédouané avant arrivée,49.2,21.1,True,0
CRI-00419,2024-02-09,Terminal à Conteneurs,Matériaux de construction,1,372,Transporteur B,Kaolack,198.5,Vendredi,sèche,dédouané avant arrivée,63.1,27.1,False,117659
CRI-00420,2024-02-09,Terminal à Conteneurs,Import général,1,283,Transporteur D,Dakar (local),19.8,Vendredi,sèche,dédouané avant arrivée,63.1,17.1,False,55997
CRI-00421,2024-02-09,Terminal à Conteneurs,Import général,1,321,Transporteur E,Thiès,69.3,Vendredi,sèche,dédouanement en cours,66.6,50.3,False,273760
CRI-00422,2024-02-09,Môle 3,Import général,2,347,Transporteur D,Tambacounda,474.3,Vendredi,sèche,dédouanement en cours,56.5,59.2,False,564660
CRI-00423,2024-02-09,Terminal à Conteneurs,Import général,1,433,Transporteur B,Dakar (local),19.8,Vendredi,sèche,dédouanement en cours,61.9,72.5,False,404719
CRI-00424,2024-02-09,Môle 3,Import général,1,389,Transporteur B,Ziguinchor,451.7,Vendredi,sèche,dédouanement en cours,58.7,32.9,False,100271
CRI-00425,2024-02-10,Terminal à Conteneurs,Équipements industriels,1,267,Transporteur B,Bamako (Mali),1281.2,Samedi,sèche,dédouanement en cours,47.5,33.9,False,59852
CRI-00426,2024-02-10,Môle 3,Denrées alimentaires,2,373,Transporteur E,Dakar (local),19.9,Samedi,sèche,dédouané avant arrivée,56.5,55.6,False,365668
CRI-00427,2024-02-10,Terminal Roulier,Biens de consommation,2,378,Transporteur A,Ziguinchor,474.4,Samedi,sèche,bloqué (litige/documents),88.5,39.5,False,611497
CRI-00428,2024-02-10,Môle 3,Hydrocarbures,3,330,Transporteur indépendant,Kayes (Mali),979.6,Samedi,sèche,bloqué (litige/documents),106.3,28.0,True,1106505
CRI-00429,2024-02-10,Terminal à Conteneurs,Matériaux de construction,2,336,Transporteur A,Dakar (local),20.6,Samedi,sèche,dédouané avant arrivée,58.4,46.1,False,387614
CRI-00430,2024-02-10,Terminal Roulier,Denrées alimentaires,1,319,Transporteur B,Dakar (local),20.3,Samedi,sèche,dédouanement en cours,64.9,64.3,False,287785
CRI-00431,2024-02-11,Môle 8,Matériaux de construction,1,262,Transporteur G,Touba,187.9,Dimanche,sèche,dédouané avant arrivée,55.1,12.2,False,0
CRI-00432,2024-02-11,Môle 3,Import général,1,259,Transporteur D,Bamako (Mali),1261.2,Dimanche,sèche,dédouanement en cours,60.0,42.6,False,197098
CRI-00433,2024-02-11,Môle 8,Hydrocarbures,2,262,Transporteur E,Thiès,70.5,Dimanche,sèche,dédouané avant arrivée,41.5,24.7,False,0
CRI-00434,2024-02-11,Terminal Roulier,Import général,1,283,Transporteur A,Bamako (Mali),1170.1,Dimanche,sèche,dédouané avant arrivée,33.3,54.0,False,78949
CRI-00435,2024-02-11,Terminal à Conteneurs,Biens de consommation,2,275,Transporteur C,Kaolack,196.7,Dimanche,sèche,dédouané avant arrivée,67.2,56.3,False,554485
CRI-00436,2024-02-11,Terminal à Conteneurs,Import général,4,328,Transporteur A,Bamako (Mali),1268.0,Dimanche,sèche,dédouané avant arrivée,59.0,51.6,True,721471
CRI-00437,2024-02-11,Môle 8,Hydrocarbures,1,253,Transporteur D,Bamako (Mali),1199.6,Dimanche,sèche,dédouané avant arrivée,45.6,21.0,False,0
CRI-00438,2024-02-12,Terminal à Conteneurs,Matériaux de construction,1,413,Transporteur B,Kaolack,201.2,Lundi,sèche,dédouanement en cours,105.0,52.3,False,497878
CRI-00439,2024-02-12,Môle 1,Biens de consommation,1,463,Transporteur A,Thiès,70.6,Lundi,sèche,bloqué (litige/documents),112.0,49.6,False,587923
CRI-00440,2024-02-12,Môle 8,Import général,4,315,Transporteur A,Dakar (local),20.1,Lundi,sèche,bloqué (litige/documents),125.4,13.4,False,1760693
CRI-00441,2024-02-12,Terminal Roulier,Matériaux de construction,3,475,Transporteur D,Thiès,72.1,Lundi,sèche,dédouané avant arrivée,107.8,86.0,False,2054566
CRI-00442,2024-02-12,Terminal Roulier,Import général,4,434,Transporteur A,Kayes (Mali),928.6,Lundi,sèche,dédouané avant arrivée,75.0,45.0,True,1096787
CRI-00443,2024-02-12,Môle 1,Hydrocarbures,2,479,Transporteur C,Dakar (local),19.1,Lundi,sèche,bloqué (litige/documents),122.2,76.9,False,1500311
CRI-00444,2024-02-12,Terminal à Conteneurs,Import général,1,311,Transporteur C,Kaolack,198.2,Lundi,sèche,dédouané avant arrivée,30.6,34.3,False,0
CRI-00445,2024-02-12,Terminal Roulier,Biens de consommation,2,346,Transporteur B,Kayes (Mali),945.6,Lundi,sèche,dédouané avant arrivée,83.8,50.7,False,622964
CRI-00446,2024-02-13,Terminal à Conteneurs,Matériaux de construction,2,328,Transporteur indépendant,Kaolack,198.7,Mardi,sèche,dédouané avant arrivée,48.0,77.5,False,666362
CRI-00447,2024-02-13,Terminal à Conteneurs,Denrées alimentaires,1,371,Transporteur indépendant,Dakar (local),20.3,Mardi,sèche,dédouané avant arrivée,63.9,39.4,False,182778
CRI-00448,2024-02-13,Terminal à Conteneurs,Import général,2,404,Transporteur A,Touba,189.1,Mardi,sèche,dédouanement en cours,130.4,47.3,False,1337406
CRI-00449,2024-02-13,Terminal à Conteneurs,Denrées alimentaires,2,423,Transporteur A,Kaolack,185.1,Mardi,sèche,dédouanement en cours,53.4,87.4,False,831511
CRI-00450,2024-02-13,Môle 3,Équipements industriels,3,372,Transporteur C,Kaolack,192.9,Mardi,sèche,bloqué (litige/documents),112.3,55.4,False,1819359
CRI-00451,2024-02-13,Môle 3,Import général,2,424,Transporteur G,Touba,190.0,Mardi,sèche,dédouané avant arrivée,53.8,31.2,False,164267
CRI-00452,2024-02-13,Môle 1,Denrées alimentaires,1,445,Transporteur C,Kaolack,175.6,Mardi,sèche,dédouanement en cours,118.6,40.6,False,442873
CRI-00453,2024-02-13,Terminal à Conteneurs,Biens de consommation,2,376,Transporteur B,Tambacounda,482.2,Mardi,sèche,dédouanement en cours,39.4,44.1,False,112160
CRI-00454,2024-02-13,Terminal Roulier,Denrées alimentaires,1,391,Transporteur D,Bamako (Mali),1209.2,Mardi,sèche,dédouané avant arrivée,43.6,29.8,True,8859
CRI-00455,2024-02-14,Môle 8,Matériaux de construction,1,412,Transporteur F,Thiès,71.0,Mercredi,sèche,dédouanement en cours,87.3,77.0,False,452837
CRI-00456,2024-02-14,Môle 1,Denrées alimentaires,1,298,Transporteur C,Kayes (Mali),950.2,Mercredi,sèche,dédouané avant arrivée,29.8,60.2,False,86072
CRI-00457,2024-02-14,Môle 8,Équipements industriels,4,348,Transporteur B,Bamako (Mali),1196.8,Mercredi,sèche,dédouané avant arrivée,86.0,38.4,True,1349417
CRI-00458,2024-02-14,Môle 1,Import général,2,327,Transporteur indépendant,Kaédi (Mauritanie),472.6,Mercredi,sèche,dédouané avant arrivée,60.9,28.1,False,177945
CRI-00459,2024-02-14,Terminal à Conteneurs,Import général,1,372,Transporteur indépendant,Kaédi (Mauritanie),486.6,Mercredi,sèche,dédouanement en cours,48.8,32.5,True,61188
CRI-00460,2024-02-14,Môle 1,Biens de consommation,1,296,Transporteur C,Touba,209.6,Mercredi,sèche,dédouané avant arrivée,40.1,34.1,False,14089
CRI-00461,2024-02-14,Terminal Roulier,Import général,2,325,Transporteur F,Kayes (Mali),975.4,Mercredi,sèche,dédouané avant arrivée,71.7,55.4,True,768331
CRI-00462,2024-02-14,Terminal à Conteneurs,Denrées alimentaires,1,306,Transporteur E,Kayes (Mali),933.6,Mercredi,sèche,dédouané avant arrivée,36.8,32.9,False,0
CRI-00463,2024-02-14,Terminal à Conteneurs,Équipements industriels,2,332,Transporteur G,Dakar (local),19.6,Mercredi,sèche,dédouané avant arrivée,37.3,59.2,False,262139
CRI-00464,2024-02-15,Terminal à Conteneurs,Matériaux de construction,1,333,Transporteur C,Tambacounda,476.5,Jeudi,sèche,bloqué (litige/documents),118.1,48.3,False,491537
CRI-00465,2024-02-15,Môle 3,Denrées alimentaires,1,339,Transporteur E,Tambacounda,483.2,Jeudi,sèche,dédouanement en cours,23.7,31.8,False,0
CRI-00466,2024-02-15,Môle 3,Import général,1,363,Transporteur A,Dakar (local),20.4,Jeudi,sèche,dédouané avant arrivée,59.8,38.7,False,120564
CRI-00467,2024-02-15,Môle 1,Denrées alimentaires,2,328,Transporteur G,Bamako (Mali),1255.3,Jeudi,sèche,dédouanement en cours,96.4,35.9,True,697451
CRI-00468,2024-02-15,Terminal à Conteneurs,Hydrocarbures,2,348,Transporteur indépendant,Bamako (Mali),1227.4,Jeudi,sèche,bloqué (litige/documents),180.7,65.6,True,2439109
CRI-00469,2024-02-15,Terminal à Conteneurs,Import général,1,332,Transporteur D,Kaolack,196.5,Jeudi,sèche,dédouanement en cours,68.9,35.1,False,194499
CRI-00470,2024-02-15,Môle 1,Import général,2,393,Transporteur indépendant,Bamako (Mali),1258.4,Jeudi,sèche,dédouanement en cours,62.9,59.0,True,564752
CRI-00471,2024-02-15,Môle 3,Denrées alimentaires,1,321,Transporteur F,Bamako (Mali),1209.1,Jeudi,sèche,dédouané avant arrivée,94.2,27.5,True,315393
CRI-00472,2024-02-16,Terminal Roulier,Import général,1,331,Transporteur C,Tambacounda,486.2,Vendredi,sèche,dédouanement en cours,62.8,33.1,False,137203
CRI-00473,2024-02-16,Môle 3,Denrées alimentaires,2,431,Transporteur E,Tambacounda,464.2,Vendredi,sèche,dédouanement en cours,64.0,40.8,False,411556
CRI-00474,2024-02-16,Môle 1,Matériaux de construction,1,327,Transporteur G,Kaolack,192.7,Vendredi,sèche,dédouané avant arrivée,67.6,39.1,False,171599
CRI-00475,2024-02-16,Terminal Roulier,Biens de consommation,1,266,Transporteur D,Thiès,69.7,Vendredi,sèche,dédouané avant arrivée,65.6,43.2,False,174585
CRI-00476,2024-02-16,Terminal à Conteneurs,Denrées alimentaires,4,341,Transporteur indépendant,Tambacounda,470.6,Vendredi,sèche,dédouané avant arrivée,35.5,42.0,False,136247
CRI-00477,2024-02-16,Terminal Roulier,Biens de consommation,1,336,Transporteur D,Ziguinchor,447.6,Vendredi,sèche,dédouané avant arrivée,52.1,25.7,False,36352
CRI-00478,2024-02-16,Môle 3,Import général,2,351,Transporteur E,Kaédi (Mauritanie),460.3,Vendredi,sèche,dédouané avant arrivée,33.1,29.3,False,0
CRI-00479,2024-02-16,Terminal Roulier,Biens de consommation,1,306,Transporteur G,Thiès,69.9,Vendredi,sèche,dédouanement en cours,66.2,33.9,False,132154
CRI-00480,2024-02-16,Terminal à Conteneurs,Matériaux de construction,2,302,Transporteur indépendant,Ziguinchor,442.3,Vendredi,sèche,bloqué (litige/documents),49.1,18.9,False,0
CRI-00481,2024-02-16,Môle 1,Matériaux de construction,2,413,Transporteur indépendant,Thiès,68.8,Vendredi,sèche,dédouanement en cours,71.5,24.5,False,233061
CRI-00482,2024-02-16,Terminal à Conteneurs,Matériaux de construction,1,357,Transporteur F,Bamako (Mali),1202.8,Vendredi,sèche,dédouané avant arrivée,45.5,40.6,True,91780
CRI-00483,2024-02-16,Môle 3,Import général,2,328,Transporteur F,Kaolack,182.9,Vendredi,sèche,dédouanement en cours,64.2,98.7,False,846582
CRI-00484,2024-02-17,Môle 8,Biens de consommation,3,375,Transporteur A,Kaolack,188.9,Samedi,sèche,dédouanement en cours,81.4,53.4,False,1079792
CRI-00485,2024-02-17,Terminal à Conteneurs,Hydrocarbures,1,354,Transporteur B,Tambacounda,482.7,Samedi,sèche,dédouané avant arrivée,46.2,43.4,True,95200
CRI-00486,2024-02-17,Môle 3,Matériaux de construction,1,384,Transporteur F,Dakar (local),19.6,Samedi,sèche,dédouané avant arrivée,94.7,63.7,False,593843
CRI-00487,2024-02-17,Môle 8,Hydrocarbures,1,269,Transporteur D,Kaolack,184.1,Samedi,sèche,dédouanement en cours,39.9,24.7,False,0
CRI-00488,2024-02-17,Môle 3,Import général,2,388,Transporteur F,Dakar (local),19.9,Samedi,sèche,dédouané avant arrivée,42.7,36.9,False,86208
CRI-00489,2024-02-17,Môle 8,Import général,2,308,Transporteur A,Kayes (Mali),922.1,Samedi,sèche,dédouané avant arrivée,39.1,54.2,False,280734
CRI-00490,2024-02-17,Môle 8,Équipements industriels,4,297,Transporteur D,Kayes (Mali),925.4,Samedi,sèche,dédouané avant arrivée,39.0,44.5,True,275763
CRI-00491,2024-02-17,Môle 1,Denrées alimentaires,2,398,Transporteur indépendant,Dakar (local),21.0,Samedi,sèche,dédouané avant arrivée,65.2,29.1,False,250256
CRI-00492,2024-02-17,Môle 8,Import général,1,313,Transporteur C,Kaolack,196.5,Samedi,sèche,dédouané avant arrivée,48.1,34.8,False,56761
CRI-00493,2024-02-17,Terminal à Conteneurs,Hydrocarbures,3,319,Transporteur E,Bamako (Mali),1185.1,Samedi,sèche,dédouané avant arrivée,36.7,40.3,True,70767
CRI-00494,2024-02-17,Terminal à Conteneurs,Hydrocarbures,4,373,Transporteur G,Touba,178.5,Samedi,sèche,dédouanement en cours,52.6,46.4,False,566282
CRI-00495,2024-02-18,Terminal Roulier,Import général,1,257,Transporteur D,Tambacounda,465.9,Dimanche,sèche,dédouanement en cours,75.9,35.5,False,256124
CRI-00496,2024-02-18,Môle 3,Biens de consommation,2,272,Transporteur B,Dakar (local),19.7,Dimanche,sèche,bloqué (litige/documents),69.0,20.1,False,160532
CRI-00497,2024-02-18,Terminal Roulier,Import général,2,308,Transporteur A,Thiès,68.4,Dimanche,sèche,dédouané avant arrivée,42.5,54.0,False,309571
CRI-00498,2024-02-18,Môle 8,Import général,1,244,Transporteur E,Bamako (Mali),1204.8,Dimanche,sèche,dédouanement en cours,50.5,28.6,True,43269
CRI-00499,2024-02-18,Terminal à Conteneurs,Import général,3,297,Transporteur C,Thiès,67.5,Dimanche,sèche,dédouané avant arrivée,65.0,35.1,False,465806
CRI-00500,2024-02-18,Môle 3,Hydrocarbures,2,278,Transporteur A,Thiès,67.7,Dimanche,sèche,dédouanement en cours,40.7,37.6,False,76659
CRI-00501,2024-02-18,Terminal Roulier,Import général,1,274,Transporteur A,Dakar (local),19.8,Dimanche,sèche,dédouanement en cours,57.1,18.9,False,26616
CRI-00502,2024-02-18,Môle 8,Import général,2,261,Transporteur indépendant,Bamako (Mali),1277.5,Dimanche,sèche,dédouané avant arrivée,30.5,44.7,True,32500
CRI-00503,2024-02-18,Môle 3,Import général,2,277,Transporteur D,Bamako (Mali),1227.7,Dimanche,sèche,dédouané avant arrivée,46.6,12.0,True,0
CRI-00504,2024-02-18,Môle 3,Denrées alimentaires,1,281,Transporteur D,Dakar (local),20.0,Dimanche,sèche,dédouané avant arrivée,41.5,43.6,False,64197
CRI-00505,2024-02-18,Terminal à Conteneurs,Biens de consommation,2,241,Transporteur C,Thiès,66.8,Dimanche,sèche,dédouanement en cours,40.1,54.4,False,227077
CRI-00506,2024-02-18,Môle 8,Hydrocarbures,1,328,Transporteur C,Kayes (Mali),985.3,Dimanche,sèche,dédouanement en cours,74.1,34.5,True,238019
CRI-00507,2024-02-18,Terminal Roulier,Import général,1,288,Transporteur E,Bamako (Mali),1219.8,Dimanche,sèche,dédouanement en cours,56.5,47.3,True,193204
CRI-00508,2024-02-18,Terminal à Conteneurs,Denrées alimentaires,1,255,Transporteur E,Tambacounda,474.6,Dimanche,sèche,dédouané avant arrivée,41.8,41.3,False,52217
CRI-00509,2024-02-18,Môle 3,Import général,2,240,Transporteur G,Tambacounda,494.2,Dimanche,sèche,dédouanement en cours,73.0,39.1,False,514952
CRI-00510,2024-02-18,Terminal Roulier,Import général,2,236,Transporteur F,Tambacounda,466.9,Dimanche,sèche,dédouané avant arrivée,55.4,31.4,False,206332
CRI-00511,2024-02-18,Môle 1,Hydrocarbures,1,233,Transporteur A,Bamako (Mali),1214.2,Dimanche,sèche,dédouané avant arrivée,80.4,33.1,False,187839
CRI-00512,2024-02-19,Môle 3,Import général,1,325,Transporteur D,Bamako (Mali),1286.4,Lundi,sèche,bloqué (litige/documents),76.9,20.1,False,118967
CRI-00513,2024-02-19,Terminal à Conteneurs,Import général,4,396,Transporteur G,Kaédi (Mauritanie),479.1,Lundi,sèche,dédouanement en cours,62.6,91.5,False,1781833
CRI-00514,2024-02-19,Terminal à Conteneurs,Denrées alimentaires,1,387,Transporteur indépendant,Dakar (local),18.5,Lundi,sèche,dédouanement en cours,42.9,70.3,False,201267
CRI-00515,2024-02-19,Terminal Roulier,Import général,1,408,Transporteur A,Bamako (Mali),1215.5,Lundi,sèche,dédouané avant arrivée,52.7,53.6,True,216437
CRI-00516,2024-02-19,Terminal à Conteneurs,Import général,4,423,Transporteur A,Dakar (local),20.0,Lundi,sèche,bloqué (litige/documents),146.9,63.7,False,3502587
CRI-00517,2024-02-19,Terminal Roulier,Équipements industriels,3,414,Transporteur C,Kaédi (Mauritanie),464.6,Lundi,sèche,dédouané avant arrivée,38.4,29.4,False,0
CRI-00518,2024-02-19,Môle 3,Import général,1,417,Transporteur E,Bamako (Mali),1203.9,Lundi,sèche,dédouanement en cours,64.0,49.8,True,280815
CRI-00519,2024-02-19,Môle 8,Import général,2,328,Transporteur C,Kayes (Mali),944.5,Lundi,sèche,dédouané avant arrivée,44.2,42.5,False,144958
CRI-00520,2024-02-20,Môle 1,Import général,2,314,Transporteur indépendant,Bamako (Mali),1213.1,Mardi,sèche,dédouané avant arrivée,51.9,35.8,True,207247
CRI-00521,2024-02-20,Môle 1,Matériaux de construction,1,380,Transporteur A,Dakar (local),20.1,Mardi,sèche,dédouanement en cours,90.2,49.3,False,433895
CRI-00522,2024-02-20,Môle 8,Matériaux de construction,1,339,Transporteur G,Kaolack,194.7,Mardi,sèche,dédouanement en cours,52.7,30.9,False,52595
CRI-00523,2024-02-20,Terminal Roulier,Matériaux de construction,1,366,Transporteur E,Thiès,73.0,Mardi,sèche,dédouané avant arrivée,58.8,36.7,False,112971
CRI-00524,2024-02-20,Terminal Roulier,Import général,1,390,Transporteur B,Kayes (Mali),957.1,Mardi,sèche,dédouané avant arrivée,68.5,110.0,False,698918
CRI-00525,2024-02-20,Terminal à Conteneurs,Denrées alimentaires,3,337,Transporteur D,Dakar (local),20.3,Mardi,sèche,dédouanement en cours,42.8,35.6,False,102787
CRI-00526,2024-02-20,Môle 8,Import général,2,351,Transporteur D,Dakar (local),20.8,Mardi,sèche,dédouané avant arrivée,58.8,54.4,False,554655
CRI-00527,2024-02-20,Môle 1,Import général,3,405,Transporteur F,Dakar (local),20.3,Mardi,sèche,dédouané avant arrivée,46.5,48.8,False,351071
CRI-00528,2024-02-20,Terminal à Conteneurs,Import général,2,375,Transporteur F,Kaolack,174.2,Mardi,sèche,dédouané avant arrivée,71.6,35.4,False,475988
CRI-00529,2024-02-20,Môle 3,Matériaux de construction,2,427,Transporteur B,Bamako (Mali),1210.6,Mardi,sèche,dédouanement en cours,119.4,50.2,True,1052469
CRI-00530,2024-02-20,Môle 1,Import général,2,390,Transporteur D,Bamako (Mali),1264.8,Mardi,sèche,dédouanement en cours,79.2,65.3,True,892637
CRI-00531,2024-02-20,Môle 8,Hydrocarbures,2,461,Transporteur A,Dakar (local),19.6,Mardi,sèche,dédouanement en cours,91.4,54.1,False,793590
CRI-00532,2024-02-20,Terminal à Conteneurs,Import général,1,383,Transporteur C,Kaolack,180.4,Mardi,sèche,dédouanement en cours,99.9,54.5,False,572903
CRI-00533,2024-02-20,Terminal à Conteneurs,Hydrocarbures,1,405,Transporteur D,Kayes (Mali),961.9,Mardi,sèche,bloqué (litige/documents),172.4,45.6,True,811360
CRI-00534,2024-02-20,Terminal à Conteneurs,Biens de consommation,1,411,Transporteur D,Bamako (Mali),1160.7,Mardi,sèche,dédouanement en cours,66.3,52.8,True,217240
CRI-00535,2024-02-20,Môle 3,Biens de consommation,1,498,Transporteur C,Ziguinchor,439.8,Mardi,sèche,bloqué (litige/documents),128.2,62.4,True,784169
CRI-00536,2024-02-21,Terminal à Conteneurs,Matériaux de construction,2,293,Transporteur B,Touba,185.4,Mercredi,sèche,bloqué (litige/documents),121.9,47.4,False,1122812
CRI-00537,2024-02-21,Môle 3,Import général,1,442,Transporteur E,Touba,183.6,Mercredi,sèche,dédouanement en cours,131.1,57.6,False,761022
CRI-00538,2024-02-21,Terminal à Conteneurs,Matériaux de construction,1,350,Transporteur indépendant,Dakar (local),18.9,Mercredi,sèche,dédouané avant arrivée,37.9,47.1,False,58700
CRI-00539,2024-02-21,Terminal Roulier,Matériaux de construction,3,388,Transporteur D,Thiès,67.8,Mercredi,sèche,bloqué (litige/documents),130.4,51.0,False,1940836
CRI-00540,2024-02-21,Môle 8,Import général,1,440,Transporteur G,Tambacounda,459.9,Mercredi,sèche,dédouanement en cours,74.4,62.9,False,325539
CRI-00541,2024-02-21,Terminal à Conteneurs,Import général,2,378,Transporteur A,Touba,197.0,Mercredi,sèche,dédouané avant arrivée,58.7,31.1,False,210063
CRI-00542,2024-02-21,Môle 1,Import général,2,342,Transporteur indépendant,Kaédi (Mauritanie),472.7,Mercredi,sèche,dédouanement en cours,75.4,40.2,False,434303
CRI-00543,2024-02-21,Terminal Roulier,Matériaux de construction,2,315,Transporteur B,Bamako (Mali),1257.9,Mercredi,sèche,dédouané avant arrivée,50.6,29.0,False,89982
CRI-00544,2024-02-21,Terminal à Conteneurs,Biens de consommation,2,379,Transporteur A,Bamako (Mali),1212.2,Mercredi,sèche,dédouanement en cours,70.2,46.3,False,505354
CRI-00545,2024-02-21,Terminal à Conteneurs,Hydrocarbures,1,257,Transporteur E,Dakar (local),19.7,Mercredi,sèche,dédouanement en cours,69.7,28.9,False,120206
CRI-00546,2024-02-21,Terminal à Conteneurs,Denrées alimentaires,1,344,Transporteur C,Ziguinchor,422.8,Mercredi,sèche,bloqué (litige/documents),132.7,35.2,False,579559
CRI-00547,2024-02-21,Terminal à Conteneurs,Biens de consommation,1,387,Transporteur E,Dakar (local),19.9,Mercredi,sèche,bloqué (litige/documents),114.0,26.1,False,336160
CRI-00548,2024-02-21,Môle 3,Équipements industriels,2,325,Transporteur D,Dakar (local),21.2,Mercredi,sèche,dédouané avant arrivée,40.0,36.7,False,48563
CRI-00549,2024-02-22,Môle 8,Biens de consommation,1,277,Transporteur D,Dakar (local),20.6,Jeudi,sèche,dédouané avant arrivée,50.8,43.1,False,112952
CRI-00550,2024-02-22,Terminal à Conteneurs,Import général,4,340,Transporteur D,Kaédi (Mauritanie),468.9,Jeudi,sèche,dédouanement en cours,88.1,37.8,False,1344870
CRI-00551,2024-02-22,Môle 8,Denrées alimentaires,1,360,Transporteur G,Dakar (local),19.2,Jeudi,sèche,dédouanement en cours,48.0,41.1,False,110005
CRI-00552,2024-02-22,Môle 1,Biens de consommation,1,371,Transporteur G,Dakar (local),19.8,Jeudi,sèche,dédouanement en cours,124.1,13.9,False,368712
CRI-00553,2024-02-22,Môle 3,Import général,1,320,Transporteur G,Bamako (Mali),1238.1,Jeudi,sèche,dédouanement en cours,82.6,56.0,True,458851
CRI-00554,2024-02-22,Môle 1,Import général,2,329,Transporteur C,Thiès,72.6,Jeudi,sèche,dédouanement en cours,59.7,53.8,False,566421
CRI-00555,2024-02-22,Môle 8,Biens de consommation,1,365,Transporteur B,Dakar (local),19.4,Jeudi,sèche,dédouané avant arrivée,59.7,52.1,False,196827
CRI-00556,2024-02-22,Terminal à Conteneurs,Équipements industriels,2,393,Transporteur G,Tambacounda,459.4,Jeudi,sèche,dédouané avant arrivée,78.5,44.8,False,483894
CRI-00557,2024-02-22,Môle 1,Denrées alimentaires,1,315,Transporteur B,Touba,187.3,Jeudi,sèche,bloqué (litige/documents),104.9,28.2,False,340327
CRI-00558,2024-02-22,Môle 1,Import général,1,312,Transporteur E,Dakar (local),19.9,Jeudi,sèche,dédouanement en cours,67.6,34.4,False,162965
CRI-00559,2024-02-22,Terminal Roulier,Hydrocarbures,1,311,Transporteur A,Dakar (local),20.0,Jeudi,sèche,dédouanement en cours,69.0,30.4,False,156489
CRI-00560,2024-02-22,Terminal Roulier,Matériaux de construction,1,371,Transporteur B,Bamako (Mali),1162.6,Jeudi,sèche,dédouané avant arrivée,100.0,39.6,False,411058
CRI-00561,2024-02-22,Terminal à Conteneurs,Équipements industriels,3,351,Transporteur F,Tambacounda,460.1,Jeudi,sèche,dédouanement en cours,84.6,45.1,False,1131213
CRI-00562,2024-02-23,Terminal à Conteneurs,Hydrocarbures,1,334,Transporteur F,Bamako (Mali),1225.2,Vendredi,sèche,dédouané avant arrivée,59.5,44.1,True,152615
CRI-00563,2024-02-23,Terminal Roulier,Hydrocarbures,1,276,Transporteur indépendant,Kaédi (Mauritanie),478.4,Vendredi,sèche,dédouané avant arrivée,63.8,25.0,False,115446
CRI-00564,2024-02-23,Môle 1,Hydrocarbures,1,394,Transporteur A,Touba,179.6,Vendredi,sèche,dédouanement en cours,62.4,34.7,False,167769
CRI-00565,2024-02-23,Terminal Roulier,Biens de consommation,1,273,Transporteur A,Dakar (local),20.5,Vendredi,sèche,dédouané avant arrivée,58.3,35.6,False,120579
CRI-00566,2024-02-23,Môle 3,Import général,2,335,Transporteur G,Ziguinchor,468.0,Vendredi,sèche,dédouanement en cours,62.0,49.3,False,474235
CRI-00567,2024-02-23,Môle 1,Hydrocarbures,1,357,Transporteur D,Tambacounda,486.3,Vendredi,sèche,dédouané avant arrivée,52.1,75.0,False,354740
CRI-00568,2024-02-23,Môle 1,Import général,2,357,Transporteur C,Ziguinchor,451.5,Vendredi,sèche,dédouanement en cours,109.6,51.4,False,1152781
CRI-00569,2024-02-23,Môle 8,Hydrocarbures,1,369,Transporteur G,Touba,179.5,Vendredi,sèche,dédouané avant arrivée,48.6,57.3,False,192098
CRI-00570,2024-02-23,Môle 1,Équipements industriels,3,397,Transporteur D,Dakar (local),19.5,Vendredi,sèche,dédouané avant arrivée,32.4,54.6,False,292100
CRI-00571,2024-02-23,Terminal à Conteneurs,Import général,1,401,Transporteur A,Tambacounda,462.3,Vendredi,sèche,bloqué (litige/documents),89.3,43.3,False,311955
CRI-00572,2024-02-23,Môle 8,Import général,1,404,Transporteur C,Dakar (local),20.1,Vendredi,sèche,dédouanement en cours,78.5,46.7,False,280037
CRI-00573,2024-02-23,Terminal Roulier,Import général,1,302,Transporteur D,Kaédi (Mauritanie),477.7,Vendredi,sèche,dédouanement en cours,62.0,52.1,False,250937
CRI-00574,2024-02-23,Môle 3,Import général,1,321,Transporteur E,Bamako (Mali),1199.5,Vendredi,sèche,dédouané avant arrivée,84.9,50.7,True,331176
CRI-00575,2024-02-23,Môle 3,Matériaux de construction,2,351,Transporteur D,Touba,189.1,Vendredi,sèche,dédouané avant arrivée,70.5,71.2,False,669355
CRI-00576,2024-02-23,Môle 8,Matériaux de construction,1,302,Transporteur A,Bamako (Mali),1267.1,Vendredi,sèche,bloqué (litige/documents),88.9,42.8,False,331509
CRI-00577,2024-02-24,Môle 8,Biens de consommation,1,390,Transporteur G,Kaédi (Mauritanie),482.2,Samedi,sèche,dédouanement en cours,89.5,44.5,False,320529
CRI-00578,2024-02-24,Terminal à Conteneurs,Hydrocarbures,4,366,Transporteur F,Touba,191.7,Samedi,sèche,dédouanement en cours,73.3,61.8,False,1347969
CRI-00579,2024-02-24,Terminal à Conteneurs,Biens de consommation,2,338,Transporteur indépendant,Kayes (Mali),963.6,Samedi,sèche,dédouanement en cours,161.3,32.7,True,1628605
CRI-00580,2024-02-24,Môle 3,Équipements industriels,1,403,Transporteur B,Bamako (Mali),1230.5,Samedi,sèche,dédouané avant arrivée,69.6,51.2,False,227766
CRI-00581,2024-02-24,Terminal à Conteneurs,Biens de consommation,3,329,Transporteur C,Bamako (Mali),1290.6,Samedi,sèche,dédouanement en cours,76.6,56.6,False,826769
CRI-00582,2024-02-24,Môle 3,Hydrocarbures,1,312,Transporteur F,Thiès,69.0,Samedi,sèche,dédouanement en cours,84.8,18.7,False,198594
CRI-00583,2024-02-24,Môle 1,Import général,2,342,Transporteur B,Kaédi (Mauritanie),470.1,Samedi,sèche,dédouanement en cours,88.8,36.6,False,737409
CRI-00584,2024-02-24,Môle 1,Import général,1,319,Transporteur indépendant,Kayes (Mali),965.1,Samedi,sèche,dédouanement en cours,86.9,32.4,False,329027
CRI-00585,2024-02-24,Terminal à Conteneurs,Équipements industriels,2,392,Transporteur E,Tambacounda,469.1,Samedi,sèche,bloqué (litige/documents),159.7,59.2,False,1615675
CRI-00586,2024-02-24,Terminal à Conteneurs,Denrées alimentaires,1,306,Transporteur E,Tambacounda,456.4,Samedi,sèche,dédouané avant arrivée,45.0,37.5,False,50465
CRI-00587,2024-02-24,Terminal Roulier,Matériaux de construction,2,216,Transporteur D,Tambacounda,472.1,Samedi,sèche,dédouanement en cours,40.9,28.8,False,0
CRI-00588,2024-02-25,Terminal Roulier,Hydrocarbures,1,260,Transporteur G,Bamako (Mali),1207.6,Dimanche,sèche,dédouané avant arrivée,45.3,58.0,True,217186
CRI-00589,2024-02-25,Môle 1,Denrées alimentaires,1,229,Transporteur D,Bamako (Mali),1171.3,Dimanche,sèche,bloqué (litige/documents),112.1,39.5,True,456728
CRI-00590,2024-02-25,Terminal à Conteneurs,Import général,4,305,Transporteur indépendant,Tambacounda,451.2,Dimanche,sèche,bloqué (litige/documents),103.0,46.1,False,1639793
CRI-00591,2024-02-25,Terminal à Conteneurs,Matériaux de construction,2,180,Transporteur B,Kayes (Mali),971.7,Dimanche,sèche,dédouané avant arrivée,39.3,17.7,False,0
CRI-00592,2024-02-25,Terminal à Conteneurs,Équipements industriels,1,294,Transporteur C,Kaolack,187.3,Dimanche,sèche,dédouané avant arrivée,46.2,29.0,False,17485
CRI-00593,2024-02-25,Terminal Roulier,Import général,3,254,Transporteur D,Kaolack,184.0,Dimanche,sèche,dédouané avant arrivée,48.8,33.9,False,160299
CRI-00594,2024-02-25,Terminal à Conteneurs,Équipements industriels,2,291,Transporteur C,Kaédi (Mauritanie),454.7,Dimanche,sèche,dédouanement en cours,59.0,34.7,False,283925
CRI-00595,2024-02-25,Môle 3,Import général,1,272,Transporteur indépendant,Kayes (Mali),926.6,Dimanche,sèche,dédouanement en cours,40.6,38.2,True,37249
CRI-00596,2024-02-25,Môle 1,Import général,1,256,Transporteur F,Bamako (Mali),1243.8,Dimanche,sèche,dédouané avant arrivée,50.6,35.8,True,67948
CRI-00597,2024-02-25,Terminal à Conteneurs,Denrées alimentaires,1,224,Transporteur indépendant,Dakar (local),19.7,Dimanche,sèche,dédouané avant arrivée,53.9,27.7,False,64666
CRI-00598,2024-02-25,Terminal à Conteneurs,Denrées alimentaires,1,222,Transporteur B,Bamako (Mali),1210.2,Dimanche,sèche,dédouané avant arrivée,36.0,24.5,False,0
CRI-00599,2024-02-25,Terminal à Conteneurs,Hydrocarbures,1,263,Transporteur B,Dakar (local),19.8,Dimanche,sèche,dédouané avant arrivée,43.8,26.2,False,0
CRI-00600,2024-02-25,Terminal à Conteneurs,Biens de consommation,2,293,Transporteur indépendant,Bamako (Mali),1233.6,Dimanche,sèche,dédouanement en cours,79.1,24.3,True,392495
CRI-00601,2024-02-26,Môle 3,Import général,1,443,Transporteur E,Kaédi (Mauritanie),495.0,Lundi,sèche,dédouané avant arrivée,61.1,58.3,True,291567
CRI-00602,2024-02-26,Môle 3,Matériaux de construction,1,327,Transporteur A,Dakar (local),20.3,Lundi,sèche,dédouané avant arrivée,28.6,38.2,False,0
CRI-00603,2024-02-26,Môle 3,Biens de consommation,1,399,Transporteur F,Kaédi (Mauritanie),466.7,Lundi,sèche,dédouané avant arrivée,51.8,50.4,False,194309
CRI-00604,2024-02-26,Môle 3,Import général,1,271,Transporteur C,Dakar (local),20.5,Lundi,sèche,dédouané avant arrivée,34.7,64.7,False,126978
CRI-00605,2024-02-26,Môle 8,Matériaux de construction,1,468,Transporteur F,Bamako (Mali),1144.0,Lundi,sèche,dédouanement en cours,86.7,41.4,True,321039
CRI-00606,2024-02-26,Môle 1,Denrées alimentaires,2,397,Transporteur B,Thiès,66.8,Lundi,sèche,dédouanement en cours,93.5,82.4,False,1226458
CRI-00607,2024-02-26,Môle 1,Import général,1,401,Transporteur F,Dakar (local),19.5,Lundi,sèche,dédouané avant arrivée,48.9,57.3,False,159151
CRI-00608,2024-02-26,Terminal à Conteneurs,Import général,1,471,Transporteur F,Thiès,72.5,Lundi,sèche,dédouanement en cours,91.4,106.4,False,859111
CRI-00609,2024-02-26,Terminal à Conteneurs,Biens de consommation,1,371,Transporteur indépendant,Dakar (local),20.5,Lundi,sèche,dédouanement en cours,113.6,29.4,False,494760
CRI-00610,2024-02-26,Môle 8,Hydrocarbures,2,412,Transporteur D,Thiès,70.0,Lundi,sèche,dédouané avant arrivée,88.1,30.5,False,443698
CRI-00611,2024-02-26,Terminal à Conteneurs,Import général,2,459,Transporteur D,Thiès,70.9,Lundi,sèche,dédouanement en cours,193.4,42.1,False,2149387
CRI-00612,2024-02-26,Môle 3,Équipements industriels,1,497,Transporteur C,Kaolack,198.8,Lundi,sèche,dédouané avant arrivée,26.4,66.4,True,102915
CRI-00613,2024-02-26,Terminal à Conteneurs,Hydrocarbures,1,432,Transporteur E,Bamako (Mali),1196.3,Lundi,sèche,bloqué (litige/documents),109.7,47.2,True,415830
CRI-00614,2024-02-26,Terminal Roulier,Import général,1,408,Transporteur D,Bamako (Mali),1253.5,Lundi,sèche,bloqué (litige/documents),101.5,61.5,True,553231
CRI-00615,2024-02-27,Terminal à Conteneurs,Denrées alimentaires,1,434,Transporteur G,Ziguinchor,438.4,Mardi,sèche,bloqué (litige/documents),146.3,45.3,False,675395
CRI-00616,2024-02-27,Terminal à Conteneurs,Import général,1,382,Transporteur A,Bamako (Mali),1211.1,Mardi,sèche,dédouané avant arrivée,48.1,26.8,False,18179
CRI-00617,2024-02-27,Môle 3,Import général,4,476,Transporteur G,Bamako (Mali),1206.5,Mardi,sèche,dédouané avant arrivée,117.1,45.5,True,1800440
CRI-00618,2024-02-27,Terminal à Conteneurs,Biens de consommation,2,375,Transporteur B,Ziguinchor,428.3,Mardi,sèche,dédouanement en cours,53.1,91.5,False,696634
CRI-00619,2024-02-27,Môle 3,Biens de consommation,1,353,Transporteur E,Dakar (local),20.2,Mardi,sèche,dédouané avant arrivée,77.1,49.3,False,277540
CRI-00620,2024-02-27,Môle 8,Denrées alimentaires,1,399,Transporteur B,Thiès,68.2,Mardi,sèche,dédouané avant arrivée,57.6,48.1,False,222165
CRI-00621,2024-02-27,Terminal à Conteneurs,Import général,2,418,Transporteur E,Dakar (local),20.7,Mardi,sèche,bloqué (litige/documents),122.1,45.2,False,1274272
CRI-00622,2024-02-27,Môle 1,Denrées alimentaires,2,449,Transporteur A,Bamako (Mali),1231.2,Mardi,sèche,dédouané avant arrivée,86.7,76.6,True,1213136
CRI-00623,2024-02-27,Môle 8,Matériaux de construction,2,383,Transporteur F,Dakar (local),19.4,Mardi,sèche,dédouanement en cours,109.8,22.4,False,550256
CRI-00624,2024-02-27,Terminal à Conteneurs,Hydrocarbures,1,387,Transporteur C,Dakar (local),18.6,Mardi,sèche,dédouanement en cours,70.7,39.7,False,258075
CRI-00625,2024-02-27,Môle 1,Import général,3,383,Transporteur C,Thiès,69.0,Mardi,sèche,dédouanement en cours,53.3,35.8,False,259962
CRI-00626,2024-02-27,Môle 1,Import général,3,451,Transporteur indépendant,Dakar (local),19.9,Mardi,sèche,dédouanement en cours,75.4,60.7,False,892849
CRI-00627,2024-02-27,Terminal à Conteneurs,Import général,1,316,Transporteur F,Dakar (local),20.4,Mardi,sèche,dédouanement en cours,59.0,63.3,False,300397
CRI-00628,2024-02-27,Terminal à Conteneurs,Matériaux de construction,1,461,Transporteur G,Kayes (Mali),945.0,Mardi,sèche,dédouané avant arrivée,95.4,90.3,True,680284
CRI-00629,2024-02-27,Môle 1,Denrées alimentaires,1,340,Transporteur F,Dakar (local),19.5,Mardi,sèche,dédouanement en cours,91.2,48.8,False,459330
CRI-00630,2024-02-27,Terminal à Conteneurs,Denrées alimentaires,1,379,Transporteur D,Bamako (Mali),1238.3,Mardi,sèche,dédouanement en cours,81.8,45.2,False,354500
CRI-00631,2024-02-28,Terminal à Conteneurs,Import général,1,444,Transporteur G,Thiès,70.4,Mercredi,sèche,dédouané avant arrivée,59.4,43.9,False,206788
CRI-00632,2024-02-28,Terminal à Conteneurs,Équipements industriels,1,347,Transporteur F,Dakar (local),19.9,Mercredi,sèche,dédouané avant arrivée,42.9,26.3,False,0
CRI-00633,2024-02-28,Terminal à Conteneurs,Denrées alimentaires,1,308,Transporteur indépendant,Thiès,74.0,Mercredi,sèche,dédouané avant arrivée,36.0,49.6,False,94133
CRI-00634,2024-02-28,Môle 3,Matériaux de construction,1,320,Transporteur G,Thiès,69.5,Mercredi,sèche,dédouanement en cours,68.8,26.3,False,145940
CRI-00635,2024-02-28,Môle 1,Matériaux de construction,2,390,Transporteur D,Dakar (local),19.5,Mercredi,sèche,dédouané avant arrivée,71.3,56.4,False,560036
CRI-00636,2024-02-28,Terminal à Conteneurs,Matériaux de construction,1,312,Transporteur C,Ziguinchor,441.8,Mercredi,sèche,dédouané avant arrivée,55.4,46.3,False,200302
CRI-00637,2024-02-28,Môle 3,Denrées alimentaires,2,302,Transporteur D,Touba,192.6,Mercredi,sèche,dédouané avant arrivée,36.6,39.8,False,49757
CRI-00638,2024-02-28,Terminal Roulier,Biens de consommation,2,309,Transporteur A,Dakar (local),20.1,Mercredi,sèche,dédouanement en cours,80.9,63.7,False,764883
CRI-00639,2024-02-28,Môle 8,Matériaux de construction,2,309,Transporteur F,Bamako (Mali),1232.3,Mercredi,sèche,dédouané avant arrivée,50.9,46.7,True,289412
CRI-00640,2024-02-28,Môle 3,Import général,1,365,Transporteur G,Kaolack,195.0,Mercredi,sèche,dédouanement en cours,60.9,37.4,False,154239
CRI-00641,2024-02-28,Terminal à Conteneurs,Import général,1,304,Transporteur D,Touba,193.3,Mercredi,sèche,dédouané avant arrivée,70.3,21.8,False,131543
CRI-00642,2024-02-28,Môle 3,Matériaux de construction,1,260,Transporteur F,Ziguinchor,446.4,Mercredi,sèche,dédouané avant arrivée,53.4,39.5,False,139008
CRI-00643,2024-02-29,Môle 3,Matériaux de construction,2,383,Transporteur C,Bamako (Mali),1169.7,Jeudi,sèche,dédouané avant arrivée,80.3,63.0,True,974872
CRI-00644,2024-02-29,Môle 3,Hydrocarbures,1,379,Transporteur C,Thiès,70.0,Jeudi,sèche,dédouanement en cours,89.3,35.3,False,282027
CRI-00645,2024-02-29,Terminal Roulier,Import général,1,378,Transporteur D,Tambacounda,462.6,Jeudi,sèche,dédouané avant arrivée,61.2,57.0,True,279727
CRI-00646,2024-02-29,Terminal à Conteneurs,Matériaux de construction,2,328,Transporteur F,Touba,197.2,Jeudi,sèche,dédouané avant arrivée,46.5,47.1,False,267091
CRI-00647,2024-02-29,Môle 3,Denrées alimentaires,1,308,Transporteur G,Kayes (Mali),992.4,Jeudi,sèche,bloqué (litige/documents),157.9,47.3,False,615023
CRI-00648,2024-02-29,Môle 8,Denrées alimentaires,2,315,Transporteur D,Bamako (Mali),1237.4,Jeudi,sèche,dédouané avant arrivée,34.6,34.3,False,0
CRI-00649,2024-02-29,Terminal à Conteneurs,Biens de consommation,1,381,Transporteur G,Kayes (Mali),955.4,Jeudi,sèche,bloqué (litige/documents),147.3,55.1,True,837472
CRI-00650,2024-02-29,Terminal à Conteneurs,Import général,1,354,Transporteur A,Thiès,68.1,Jeudi,sèche,bloqué (litige/documents),68.2,57.4,False,312286
CRI-00651,2024-02-29,Terminal Roulier,Biens de consommation,2,403,Transporteur G,Kaolack,195.9,Jeudi,sèche,dédouanement en cours,106.9,32.2,False,605404
CRI-00652,2024-03-01,Terminal à Conteneurs,Biens de consommation,1,350,Transporteur C,Dakar (local),19.2,Vendredi,sèche,dédouanement en cours,53.0,54.5,False,246558
CRI-00653,2024-03-01,Môle 8,Import général,1,305,Transporteur F,Dakar (local),19.7,Vendredi,sèche,dédouané avant arrivée,52.4,24.0,False,24731
CRI-00654,2024-03-01,Terminal à Conteneurs,Hydrocarbures,2,333,Transporteur B,Bamako (Mali),1207.0,Vendredi,sèche,dédouanement en cours,75.7,55.2,False,771249
CRI-00655,2024-03-01,Môle 3,Équipements industriels,1,351,Transporteur indépendant,Bamako (Mali),1181.4,Vendredi,sèche,dédouanement en cours,50.8,38.9,True,116542
CRI-00656,2024-03-01,Môle 3,Import général,2,319,Transporteur F,Kayes (Mali),955.1,Vendredi,sèche,bloqué (litige/documents),80.8,35.3,False,437519
CRI-00657,2024-03-01,Terminal à Conteneurs,Denrées alimentaires,1,349,Transporteur indépendant,Touba,194.6,Vendredi,sèche,dédouané avant arrivée,54.2,44.5,False,152664
CRI-00658,2024-03-01,Môle 8,Import général,1,354,Transporteur D,Dakar (local),19.7,Vendredi,sèche,dédouané avant arrivée,62.0,53.5,False,230771
CRI-00659,2024-03-01,Terminal à Conteneurs,Import général,1,422,Transporteur F,Thiès,70.5,Vendredi,sèche,dédouané avant arrivée,102.7,65.7,False,479240
CRI-00660,2024-03-02,Môle 3,Équipements industriels,1,318,Transporteur E,Kayes (Mali),1016.3,Samedi,sèche,dédouané avant arrivée,60.7,32.1,False,120580
CRI-00661,2024-03-02,Terminal à Conteneurs,Équipements industriels,1,295,Transporteur D,Thiès,64.6,Samedi,sèche,dédouanement en cours,44.0,30.8,False,15741
CRI-00662,2024-03-02,Terminal Roulier,Biens de consommation,2,400,Transporteur indépendant,Dakar (local),20.1,Samedi,sèche,dédouané avant arrivée,78.8,55.9,False,714766
CRI-00663,2024-03-02,Môle 1,Import général,2,278,Transporteur C,Bamako (Mali),1226.7,Samedi,sèche,dédouanement en cours,63.9,23.5,True,200037
CRI-00664,2024-03-02,Terminal à Conteneurs,Import général,2,312,Transporteur C,Kaédi (Mauritanie),468.1,Samedi,sèche,dédouanement en cours,54.7,36.9,False,265933
CRI-00665,2024-03-02,Terminal à Conteneurs,Biens de consommation,1,310,Transporteur A,Tambacounda,488.0,Samedi,sèche,dédouanement en cours,83.2,33.7,False,211493
CRI-00666,2024-03-02,Môle 3,Import général,1,367,Transporteur F,Dakar (local),19.7,Samedi,sèche,bloqué (litige/documents),145.7,45.4,False,797212
CRI-00667,2024-03-02,Môle 3,Biens de consommation,2,301,Transporteur A,Kaédi (Mauritanie),473.0,Samedi,sèche,dédouanement en cours,68.2,33.8,True,328471
CRI-00668,2024-03-02,Terminal à Conteneurs,Biens de consommation,2,343,Transporteur A,Dakar (local),19.7,Samedi,sèche,dédouané avant arrivée,35.5,39.2,False,28580
CRI-00669,2024-03-02,Môle 1,Denrées alimentaires,2,359,Transporteur indépendant,Dakar (local),19.9,Samedi,sèche,dédouané avant arrivée,34.5,27.2,False,0
CRI-00670,2024-03-02,Môle 8,Import général,2,311,Transporteur C,Dakar (local),19.1,Samedi,sèche,dédouanement en cours,55.4,31.2,False,166502
CRI-00671,2024-03-02,Môle 8,Hydrocarbures,1,346,Transporteur A,Bamako (Mali),1158.0,Samedi,sèche,dédouané avant arrivée,72.0,40.5,False,186165
CRI-00672,2024-03-03,Môle 8,Matériaux de construction,2,249,Transporteur B,Dakar (local),20.5,Dimanche,sèche,dédouanement en cours,38.4,30.0,False,0
CRI-00673,2024-03-03,Terminal à Conteneurs,Denrées alimentaires,4,295,Transporteur B,Thiès,68.2,Dimanche,sèche,dédouanement en cours,60.8,54.2,False,1154579
CRI-00674,2024-03-03,Môle 1,Import général,2,243,Transporteur E,Kayes (Mali),952.9,Dimanche,sèche,dédouanement en cours,67.9,39.9,False,438972
CRI-00675,2024-03-03,Terminal à Conteneurs,Denrées alimentaires,1,251,Transporteur F,Dakar (local),20.1,Dimanche,sèche,dédouanement en cours,61.2,33.9,False,133674
CRI-00676,2024-03-03,Môle 1,Denrées alimentaires,1,267,Transporteur C,Dakar (local),19.8,Dimanche,sèche,dédouané avant arrivée,34.8,27.6,False,0
CRI-00677,2024-03-03,Môle 3,Hydrocarbures,1,205,Transporteur E,Bamako (Mali),1247.5,Dimanche,sèche,dédouané avant arrivée,39.6,29.6,False,0
CRI-00678,2024-03-03,Terminal à Conteneurs,Biens de consommation,3,277,Transporteur A,Bamako (Mali),1240.7,Dimanche,sèche,bloqué (litige/documents),111.5,84.1,False,2464869
CRI-00679,2024-03-03,Môle 1,Hydrocarbures,1,300,Transporteur G,Kaolack,193.6,Dimanche,sèche,dédouanement en cours,72.8,44.3,False,238311
CRI-00680,2024-03-03,Môle 1,Denrées alimentaires,1,255,Transporteur B,Dakar (local),20.9,Dimanche,sèche,dédouané avant arrivée,47.0,31.2,False,30577
CRI-00681,2024-03-03,Terminal à Conteneurs,Hydrocarbures,1,250,Transporteur D,Ziguinchor,444.3,Dimanche,sèche,dédouanement en cours,79.3,20.1,False,136938
CRI-00682,2024-03-04,Môle 8,Équipements industriels,1,331,Transporteur E,Bamako (Mali),1196.9,Lundi,sèche,dédouané avant arrivée,54.7,38.9,True,107731
CRI-00683,2024-03-04,Terminal à Conteneurs,Denrées alimentaires,3,392,Transporteur B,Touba,191.3,Lundi,sèche,dédouané avant arrivée,83.4,64.5,False,1300207
CRI-00684,2024-03-04,Terminal à Conteneurs,Biens de consommation,1,372,Transporteur D,Touba,178.1,Lundi,sèche,dédouanement en cours,72.3,21.2,False,128481
CRI-00685,2024-03-04,Terminal à Conteneurs,Matériaux de construction,1,413,Transporteur B,Kaédi (Mauritanie),477.0,Lundi,sèche,dédouané avant arrivée,35.8,53.3,False,96184
CRI-00686,2024-03-04,Terminal à Conteneurs,Biens de consommation,2,411,Transporteur C,Kaolack,187.4,Lundi,sèche,dédouané avant arrivée,75.6,74.7,False,946633
CRI-00687,2024-03-04,Môle 1,Équipements industriels,1,324,Transporteur B,Kayes (Mali),888.6,Lundi,sèche,dédouanement en cours,88.4,63.9,False,404419
CRI-00688,2024-03-04,Terminal à Conteneurs,Biens de consommation,1,380,Transporteur A,Dakar (local),19.9,Lundi,sèche,dédouané avant arrivée,53.8,26.0,False,50054
CRI-00689,2024-03-04,Môle 8,Denrées alimentaires,2,375,Transporteur C,Kaolack,195.5,Lundi,sèche,dédouanement en cours,76.4,49.5,False,504365
CRI-00690,2024-03-04,Terminal à Conteneurs,Denrées alimentaires,1,398,Transporteur E,Kaédi (Mauritanie),453.4,Lundi,sèche,dédouanement en cours,69.5,37.6,False,176102
CRI-00691,2024-03-04,Môle 3,Hydrocarbures,2,411,Transporteur A,Kayes (Mali),942.2,Lundi,sèche,bloqué (litige/documents),128.1,52.9,False,1143286
CRI-00692,2024-03-04,Terminal à Conteneurs,Import général,1,373,Transporteur F,Bamako (Mali),1212.2,Lundi,sèche,bloqué (litige/documents),139.4,32.5,False,628123
CRI-00693,2024-03-05,Terminal à Conteneurs,Import général,1,395,Transporteur C,Kaolack,185.8,Mardi,sèche,dédouané avant arrivée,34.2,45.2,False,48578
CRI-00694,2024-03-05,Terminal à Conteneurs,Biens de consommation,2,336,Transporteur F,Bamako (Mali),1197.3,Mardi,sèche,bloqué (litige/documents),121.1,41.1,False,868101
CRI-00695,2024-03-05,Môle 8,Hydrocarbures,1,352,Transporteur G,Dakar (local),20.8,Mardi,sèche,dédouanement en cours,46.6,40.0,False,89620
CRI-00696,2024-03-05,Terminal Roulier,Denrées alimentaires,3,349,Transporteur B,Bamako (Mali),1189.8,Mardi,sèche,dédouanement en cours,133.8,52.5,False,1727810
CRI-00697,2024-03-05,Terminal à Conteneurs,Denrées alimentaires,2,398,Transporteur A,Bamako (Mali),1267.1,Mardi,sèche,dédouané avant arrivée,48.7,24.7,False,18899
CRI-00698,2024-03-05,Terminal à Conteneurs,Hydrocarbures,1,360,Transporteur D,Kayes (Mali),919.7,Mardi,sèche,dédouané avant arrivée,77.8,36.3,False,243735
CRI-00699,2024-03-05,Terminal à Conteneurs,Import général,1,379,Transporteur F,Tambacounda,485.4,Mardi,sèche,dédouanement en cours,67.1,49.6,False,221305
CRI-00700,2024-03-05,Terminal à Conteneurs,Denrées alimentaires,1,463,Transporteur B,Ziguinchor,444.3,Mardi,sèche,dédouanement en cours,74.1,71.8,False,433123
CRI-00701,2024-03-05,Môle 8,Biens de consommation,1,356,Transporteur C,Dakar (local),19.8,Mardi,sèche,dédouané avant arrivée,57.7,32.8,False,97304
CRI-00702,2024-03-05,Terminal à Conteneurs,Import général,1,446,Transporteur E,Bamako (Mali),1266.6,Mardi,sèche,dédouané avant arrivée,73.9,39.9,True,259169
CRI-00703,2024-03-05,Môle 3,Import général,2,414,Transporteur B,Kaolack,185.9,Mardi,sèche,dédouané avant arrivée,106.9,66.6,False,1236085
CRI-00704,2024-03-05,Terminal à Conteneurs,Denrées alimentaires,1,316,Transporteur indépendant,Bamako (Mali),1224.9,Mardi,sèche,bloqué (litige/documents),97.4,42.0,True,374472
CRI-00705,2024-03-05,Môle 1,Hydrocarbures,3,379,Transporteur A,Kayes (Mali),930.9,Mardi,sèche,dédouanement en cours,76.9,33.5,False,574030
CRI-00706,2024-03-05,Môle 3,Import général,2,398,Transporteur B,Tambacounda,497.2,Mardi,sèche,dédouané avant arrivée,80.9,54.9,False,873076
CRI-00707,2024-03-05,Môle 1,Import général,1,333,Transporteur F,Bamako (Mali),1193.2,Mardi,sèche,bloqué (litige/documents),72.1,56.4,True,328146
CRI-00708,2024-03-05,Môle 3,Denrées alimentaires,1,332,Transporteur F,Thiès,69.0,Mardi,sèche,bloqué (litige/documents),117.8,49.4,False,609974
CRI-00709,2024-03-05,Môle 3,Import général,1,282,Transporteur D,Dakar (local),19.8,Mardi,sèche,dédouané avant arrivée,31.2,43.8,False,16613
CRI-00710,2024-03-05,Môle 3,Denrées alimentaires,3,443,Transporteur indépendant,Thiès,68.6,Mardi,sèche,dédouané avant arrivée,58.9,67.2,False,825844
CRI-00711,2024-03-06,Terminal Roulier,Import général,1,317,Transporteur A,Dakar (local),18.9,Mercredi,sèche,dédouanement en cours,61.5,41.5,False,212097
CRI-00712,2024-03-06,Môle 1,Biens de consommation,2,371,Transporteur D,Bamako (Mali),1227.5,Mercredi,sèche,dédouanement en cours,72.7,36.1,True,483511
CRI-00713,2024-03-06,Terminal à Conteneurs,Denrées alimentaires,1,274,Transporteur G,Bamako (Mali),1142.0,Mercredi,sèche,dédouanement en cours,53.3,38.0,False,98191
CRI-00714,2024-03-06,Terminal à Conteneurs,Import général,4,336,Transporteur F,Dakar (local),20.3,Mercredi,sèche,dédouané avant arrivée,58.8,34.7,False,554524
CRI-00715,2024-03-06,Terminal à Conteneurs,Équipements industriels,1,418,Transporteur indépendant,Bamako (Mali),1225.8,Mercredi,sèche,dédouané avant arrivée,50.2,48.9,True,149181
CRI-00716,2024-03-06,Terminal Roulier,Import général,2,299,Transporteur B,Dakar (local),19.5,Mercredi,sèche,dédouanement en cours,136.5,37.2,False,1203096
CRI-00717,2024-03-06,Môle 3,Denrées alimentaires,1,374,Transporteur C,Dakar (local),20.2,Mercredi,sèche,dédouané avant arrivée,44.4,61.3,False,156378
CRI-00718,2024-03-06,Terminal à Conteneurs,Denrées alimentaires,2,378,Transporteur E,Dakar (local),19.2,Mercredi,sèche,dédouanement en cours,76.1,37.2,False,531403
CRI-00719,2024-03-06,Môle 3,Import général,1,353,Transporteur C,Dakar (local),20.5,Mercredi,sèche,bloqué (litige/documents),148.6,43.4,False,570774
CRI-00720,2024-03-06,Môle 3,Import général,3,335,Transporteur F,Kayes (Mali),909.0,Mercredi,sèche,dédouané avant arrivée,68.7,50.5,True,769113
CRI-00721,2024-03-07,Môle 8,Import général,1,413,Transporteur F,Dakar (local),19.7,Jeudi,sèche,dédouanement en cours,93.9,80.1,False,493072
CRI-00722,2024-03-07,Môle 1,Import général,1,391,Transporteur A,Thiès,69.9,Jeudi,sèche,bloqué (litige/documents),153.3,14.4,False,653079
CRI-00723,2024-03-07,Terminal à Conteneurs,Matériaux de construction,1,299,Transporteur F,Bamako (Mali),1239.4,Jeudi,sèche,dédouanement en cours,92.8,39.8,False,391727
CRI-00724,2024-03-07,Môle 3,Biens de consommation,1,382,Transporteur E,Dakar (local),19.1,Jeudi,sèche,bloqué (litige/documents),128.1,51.6,False,516559
CRI-00725,2024-03-07,Môle 8,Denrées alimentaires,1,335,Transporteur E,Bamako (Mali),1252.1,Jeudi,sèche,dédouané avant arrivée,76.3,49.2,True,353923
CRI-00726,2024-03-07,Terminal à Conteneurs,Biens de consommation,1,378,Transporteur F,Bamako (Mali),1180.2,Jeudi,sèche,dédouané avant arrivée,29.8,64.8,True,145883
CRI-00727,2024-03-07,Terminal à Conteneurs,Hydrocarbures,2,468,Transporteur A,Ziguinchor,445.4,Jeudi,sèche,dédouanement en cours,59.1,62.0,False,513187
CRI-00728,2024-03-07,Terminal Roulier,Denrées alimentaires,2,342,Transporteur indépendant,Thiès,70.4,Jeudi,sèche,dédouanement en cours,86.4,77.8,False,1121358
CRI-00729,2024-03-07,Terminal à Conteneurs,Matériaux de construction,2,369,Transporteur F,Tambacounda,496.3,Jeudi,sèche,bloqué (litige/documents),131.0,33.5,False,1145513
CRI-00730,2024-03-07,Môle 3,Biens de consommation,1,335,Transporteur F,Touba,188.1,Jeudi,sèche,dédouanement en cours,73.7,44.1,False,267370
CRI-00731,2024-03-07,Terminal à Conteneurs,Import général,1,370,Transporteur B,Ziguinchor,437.2,Jeudi,sèche,dédouanement en cours,80.3,74.9,False,416374
CRI-00732,2024-03-07,Terminal à Conteneurs,Import général,1,325,Transporteur B,Bamako (Mali),1315.2,Jeudi,sèche,dédouané avant arrivée,61.1,33.6,False,144511
CRI-00733,2024-03-07,Môle 1,Hydrocarbures,3,293,Transporteur F,Dakar (local),20.0,Jeudi,sèche,dédouanement en cours,82.8,51.0,False,1245317
CRI-00734,2024-03-08,Môle 8,Matériaux de construction,1,304,Transporteur B,Bamako (Mali),1207.9,Vendredi,sèche,dédouanement en cours,61.3,49.0,False,210983
CRI-00735,2024-03-08,Môle 3,Équipements industriels,1,312,Transporteur G,Thiès,68.6,Vendredi,sèche,dédouané avant arrivée,48.7,36.1,False,61017
CRI-00736,2024-03-08,Terminal à Conteneurs,Denrées alimentaires,1,388,Transporteur F,Thiès,71.4,Vendredi,sèche,dédouané avant arrivée,101.6,47.7,False,527867
CRI-00737,2024-03-08,Terminal à Conteneurs,Équipements industriels,4,284,Transporteur indépendant,Touba,201.1,Vendredi,sèche,bloqué (litige/documents),96.1,55.4,False,1549823
CRI-00738,2024-03-08,Terminal à Conteneurs,Denrées alimentaires,1,308,Transporteur F,Thiès,68.8,Vendredi,sèche,dédouanement en cours,64.8,28.2,False,145059
CRI-00739,2024-03-08,Terminal à Conteneurs,Biens de consommation,2,376,Transporteur A,Dakar (local),20.0,Vendredi,sèche,dédouané avant arrivée,68.2,51.5,False,615950
CRI-00740,2024-03-08,Terminal Roulier,Denrées alimentaires,1,430,Transporteur F,Thiès,70.0,Vendredi,sèche,dédouanement en cours,115.4,54.9,False,528728
CRI-00741,2024-03-08,Môle 1,Hydrocarbures,1,287,Transporteur F,Tambacounda,463.6,Vendredi,sèche,dédouanement en cours,64.7,41.7,False,185888
CRI-00742,2024-03-08,Môle 8,Denrées alimentaires,2,472,Transporteur B,Dakar (local),19.5,Vendredi,sèche,dédouané avant arrivée,61.4,77.5,False,919662
CRI-00743,2024-03-09,Môle 3,Import général,1,322,Transporteur G,Kaolack,186.3,Samedi,sèche,dédouané avant arrivée,32.4,53.2,False,88214
CRI-00744,2024-03-09,Môle 1,Import général,3,270,Transporteur indépendant,Dakar (local),20.4,Samedi,sèche,dédouané avant arrivée,57.5,34.9,False,336393
CRI-00745,2024-03-09,Terminal Roulier,Import général,1,337,Transporteur C,Thiès,72.1,Samedi,sèche,dédouané avant arrivée,68.2,61.6,False,387867
CRI-00746,2024-03-09,Terminal à Conteneurs,Import général,2,367,Transporteur G,Dakar (local),19.6,Samedi,sèche,dédouanement en cours,60.5,20.1,False,83618
CRI-00747,2024-03-09,Môle 1,Import général,1,425,Transporteur C,Tambacounda,496.7,Samedi,sèche,bloqué (litige/documents),87.4,39.0,True,281448
CRI-00748,2024-03-09,Terminal à Conteneurs,Import général,2,334,Transporteur B,Thiès,68.2,Samedi,sèche,dédouané avant arrivée,43.9,42.2,False,127558
CRI-00749,2024-03-09,Môle 8,Import général,1,335,Transporteur C,Thiès,70.9,Samedi,sèche,dédouané avant arrivée,51.8,36.2,False,91657
CRI-00750,2024-03-09,Môle 8,Import général,3,352,Transporteur D,Tambacounda,455.4,Samedi,sèche,dédouanement en cours,90.6,53.9,False,1170678
CRI-00751,2024-03-09,Môle 1,Import général,2,339,Transporteur F,Touba,196.0,Samedi,sèche,dédouanement en cours,33.5,62.4,False,228356
CRI-00752,2024-03-09,Terminal à Conteneurs,Équipements industriels,1,345,Transporteur F,Thiès,71.2,Samedi,sèche,bloqué (litige/documents),69.8,39.5,False,205634
CRI-00753,2024-03-09,Môle 3,Import général,1,221,Transporteur F,Bamako (Mali),1203.6,Samedi,sèche,dédouané avant arrivée,49.3,20.9,False,0
CRI-00754,2024-03-09,Môle 1,Biens de consommation,1,375,Transporteur indépendant,Kaédi (Mauritanie),473.1,Samedi,sèche,dédouané avant arrivée,76.0,53.7,False,304312
CRI-00755,2024-03-09,Terminal Roulier,Import général,4,345,Transporteur B,Bamako (Mali),1207.1,Samedi,sèche,dédouanement en cours,77.8,70.3,False,1701700
CRI-00756,2024-03-10,Môle 1,Matériaux de construction,2,248,Transporteur indépendant,Kayes (Mali),993.2,Dimanche,sèche,bloqué (litige/documents),141.9,47.4,False,1241285
CRI-00757,2024-03-10,Môle 3,Import général,2,277,Transporteur G,Dakar (local),20.5,Dimanche,sèche,dédouané avant arrivée,49.9,26.3,False,58358
CRI-00758,2024-03-10,Môle 3,Biens de consommation,1,274,Transporteur C,Dakar (local),20.0,Dimanche,sèche,dédouané avant arrivée,37.1,27.4,False,0
CRI-00759,2024-03-10,Môle 3,Import général,1,327,Transporteur G,Dakar (local),19.2,Dimanche,sèche,dédouané avant arrivée,64.7,45.3,False,241198
CRI-00760,2024-03-10,Môle 8,Hydrocarbures,2,252,Transporteur A,Tambacounda,460.4,Dimanche,sèche,dédouané avant arrivée,35.7,31.1,False,0
CRI-00761,2024-03-10,Terminal à Conteneurs,Denrées alimentaires,1,261,Transporteur F,Bamako (Mali),1228.3,Dimanche,sèche,dédouanement en cours,71.0,43.3,False,268841
CRI-00762,2024-03-10,Terminal Roulier,Import général,1,252,Transporteur A,Thiès,69.0,Dimanche,sèche,dédouanement en cours,52.4,27.5,False,50801
CRI-00763,2024-03-10,Môle 8,Import général,1,303,Transporteur D,Kayes (Mali),942.3,Dimanche,sèche,dédouanement en cours,42.3,59.9,False,141576
CRI-00764,2024-03-10,Terminal à Conteneurs,Matériaux de construction,1,209,Transporteur D,Dakar (local),20.2,Dimanche,sèche,dédouané avant arrivée,48.0,19.8,False,0
CRI-00765,2024-03-10,Môle 1,Denrées alimentaires,2,193,Transporteur D,Ziguinchor,452.5,Dimanche,sèche,dédouané avant arrivée,48.3,38.1,False,160561
CRI-00766,2024-03-10,Môle 3,Biens de consommation,1,300,Transporteur D,Kaolack,193.0,Dimanche,sèche,dédouané avant arrivée,20.2,50.0,False,0
CRI-00767,2024-03-10,Terminal à Conteneurs,Biens de consommation,1,227,Transporteur B,Kaolack,190.5,Dimanche,sèche,dédouanement en cours,38.3,33.0,False,0
CRI-00768,2024-03-10,Môle 1,Matériaux de construction,1,282,Transporteur C,Bamako (Mali),1259.4,Dimanche,sèche,dédouané avant arrivée,88.3,62.6,True,365172
CRI-00769,2024-03-10,Môle 1,Matériaux de construction,1,260,Transporteur B,Bamako (Mali),1223.1,Dimanche,sèche,dédouané avant arrivée,54.4,37.1,False,104195
CRI-00770,2024-03-10,Môle 1,Équipements industriels,1,264,Transporteur indépendant,Bamako (Mali),1192.1,Dimanche,sèche,dédouané avant arrivée,79.0,36.3,True,271837
CRI-00771,2024-03-10,Terminal à Conteneurs,Matériaux de construction,1,235,Transporteur B,Dakar (local),19.7,Dimanche,sèche,dédouanement en cours,55.2,20.3,False,19823
CRI-00772,2024-03-10,Môle 8,Denrées alimentaires,1,238,Transporteur B,Kaolack,184.5,Dimanche,sèche,dédouanement en cours,46.5,28.9,False,21396
CRI-00773,2024-03-11,Môle 3,Matériaux de construction,2,494,Transporteur indépendant,Dakar (local),20.5,Lundi,sèche,dédouanement en cours,125.9,53.8,False,1027857
CRI-00774,2024-03-11,Terminal à Conteneurs,Import général,1,469,Transporteur indépendant,Bamako (Mali),1152.7,Lundi,sèche,dédouané avant arrivée,48.9,62.8,True,274646
CRI-00775,2024-03-11,Terminal à Conteneurs,Matériaux de construction,4,425,Transporteur A,Kayes (Mali),910.0,Lundi,sèche,dédouané avant arrivée,53.3,43.9,True,490214
CRI-00776,2024-03-11,Terminal Roulier,Denrées alimentaires,1,392,Transporteur A,Ziguinchor,456.4,Lundi,sèche,dédouanement en cours,57.5,35.5,False,113622
CRI-00777,2024-03-11,Môle 3,Matériaux de construction,1,373,Transporteur B,Ziguinchor,431.2,Lundi,sèche,dédouanement en cours,79.4,37.4,True,237941
CRI-00778,2024-03-11,Terminal à Conteneurs,Matériaux de construction,2,385,Transporteur G,Dakar (local),19.7,Lundi,sèche,dédouané avant arrivée,42.6,46.5,False,180129
CRI-00779,2024-03-11,Môle 1,Matériaux de construction,2,416,Transporteur G,Kayes (Mali),949.7,Lundi,sèche,bloqué (litige/documents),117.7,24.4,False,979740
CRI-00780,2024-03-11,Môle 3,Hydrocarbures,1,363,Transporteur A,Kayes (Mali),972.0,Lundi,sèche,dédouané avant arrivée,73.7,55.2,False,256879
CRI-00781,2024-03-11,Môle 8,Import général,1,407,Transporteur D,Bamako (Mali),1207.8,Lundi,sèche,dédouané avant arrivée,68.2,48.6,True,291279
CRI-00782,2024-03-11,Terminal à Conteneurs,Denrées alimentaires,1,382,Transporteur B,Dakar (local),21.0,Lundi,sèche,dédouanement en cours,40.1,23.9,False,0
CRI-00783,2024-03-11,Terminal à Conteneurs,Matériaux de construction,3,388,Transporteur E,Kaédi (Mauritanie),486.9,Lundi,sèche,bloqué (litige/documents),59.1,37.2,False,389297
CRI-00784,2024-03-12,Terminal à Conteneurs,Import général,1,352,Transporteur indépendant,Dakar (local),21.3,Mardi,sèche,dédouané avant arrivée,59.5,30.4,False,80871
CRI-00785,2024-03-12,Terminal à Conteneurs,Import général,1,465,Transporteur F,Kaolack,193.1,Mardi,sèche,dédouané avant arrivée,90.5,46.0,False,310166
CRI-00786,2024-03-12,Terminal à Conteneurs,Denrées alimentaires,3,417,Transporteur C,Dakar (local),20.9,Mardi,sèche,dédouanement en cours,64.4,61.5,False,829939
CRI-00787,2024-03-12,Terminal à Conteneurs,Matériaux de construction,1,347,Transporteur G,Bamako (Mali),1155.2,Mardi,sèche,dédouanement en cours,69.0,26.9,True,152356
CRI-00788,2024-03-12,Môle 8,Denrées alimentaires,1,438,Transporteur D,Ziguinchor,448.7,Mardi,sèche,dédouanement en cours,62.0,113.1,False,685425
CRI-00789,2024-03-12,Terminal à Conteneurs,Matériaux de construction,2,458,Transporteur G,Tambacounda,465.7,Mardi,sèche,dédouané avant arrivée,34.3,46.6,False,99885
CRI-00790,2024-03-12,Terminal à Conteneurs,Import général,2,411,Transporteur A,Kaédi (Mauritanie),475.8,Mardi,sèche,dédouané avant arrivée,88.8,68.7,False,993112
CRI-00791,2024-03-12,Terminal à Conteneurs,Denrées alimentaires,2,399,Transporteur B,Dakar (local),19.1,Mardi,sèche,bloqué (litige/documents),142.9,34.3,False,1071730
CRI-00792,2024-03-12,Môle 3,Denrées alimentaires,3,410,Transporteur D,Thiès,69.6,Mardi,sèche,dédouané avant arrivée,66.9,46.9,False,663211
CRI-00793,2024-03-12,Terminal à Conteneurs,Matériaux de construction,2,382,Transporteur D,Dakar (local),20.4,Mardi,sèche,dédouanement en cours,111.7,34.5,False,858486
CRI-00794,2024-03-12,Môle 1,Biens de consommation,1,416,Transporteur C,Bamako (Mali),1145.9,Mardi,sèche,bloqué (litige/documents),110.6,60.7,True,610021
CRI-00795,2024-03-13,Terminal à Conteneurs,Import général,1,353,Transporteur C,Touba,182.9,Mercredi,sèche,dédouanement en cours,64.6,44.9,False,225010
CRI-00796,2024-03-13,Môle 3,Hydrocarbures,1,366,Transporteur F,Bamako (Mali),1267.6,Mercredi,sèche,bloqué (litige/documents),180.6,18.0,True,628325
CRI-00797,2024-03-13,Terminal Roulier,Import général,1,325,Transporteur B,Kayes (Mali),935.3,Mercredi,sèche,dédouané avant arrivée,43.3,57.1,False,152938
CRI-00798,2024-03-13,Terminal Roulier,Biens de consommation,1,374,Transporteur G,Thiès,68.8,Mercredi,sèche,dédouané avant arrivée,51.9,62.7,False,228805
CRI-00799,2024-03-13,Môle 3,Équipements industriels,3,348,Transporteur E,Bamako (Mali),1227.5,Mercredi,sèche,bloqué (litige/documents),110.5,48.3,True,1396612
CRI-00800,2024-03-13,Môle 1,Denrées alimentaires,2,354,Transporteur indépendant,Bamako (Mali),1216.0,Mercredi,sèche,dédouané avant arrivée,63.1,32.0,True,285372
CRI-00801,2024-03-13,Terminal Roulier,Import général,4,357,Transporteur C,Kaédi (Mauritanie),461.7,Mercredi,sèche,dédouané avant arrivée,44.8,45.3,True,444832
CRI-00802,2024-03-13,Môle 1,Denrées alimentaires,2,351,Transporteur E,Tambacounda,459.3,Mercredi,sèche,dédouanement en cours,86.8,42.7,False,610562
CRI-00803,2024-03-13,Terminal Roulier,Hydrocarbures,1,412,Transporteur A,Bamako (Mali),1205.6,Mercredi,sèche,dédouanement en cours,54.5,43.6,True,169237
CRI-00804,2024-03-13,Môle 8,Équipements industriels,2,355,Transporteur A,Thiès,69.5,Mercredi,sèche,dédouanement en cours,81.1,64.0,False,965457
CRI-00805,2024-03-13,Môle 1,Hydrocarbures,1,427,Transporteur A,Bamako (Mali),1195.1,Mercredi,sèche,dédouané avant arrivée,57.7,40.1,True,178266
CRI-00806,2024-03-13,Môle 3,Import général,2,361,Transporteur C,Bamako (Mali),1184.0,Mercredi,sèche,dédouané avant arrivée,42.0,42.9,True,151924
CRI-00807,2024-03-14,Môle 1,Import général,1,424,Transporteur C,Touba,179.0,Jeudi,sèche,dédouanement en cours,122.6,37.1,True,586170
CRI-00808,2024-03-14,Terminal Roulier,Matériaux de construction,3,325,Transporteur D,Touba,194.2,Jeudi,sèche,bloqué (litige/documents),127.5,41.7,False,1909986
CRI-00809,2024-03-14,Terminal à Conteneurs,Hydrocarbures,1,315,Transporteur C,Tambacounda,446.3,Jeudi,sèche,dédouanement en cours,40.3,39.3,False,43566
CRI-00810,2024-03-14,Môle 3,Biens de consommation,1,289,Transporteur E,Kayes (Mali),929.1,Jeudi,sèche,dédouanement en cours,89.9,22.9,False,284640
CRI-00811,2024-03-14,Môle 1,Import général,1,315,Transporteur E,Bamako (Mali),1189.0,Jeudi,sèche,dédouané avant arrivée,74.1,39.8,True,204460
CRI-00812,2024-03-14,Môle 8,Denrées alimentaires,1,392,Transporteur G,Kaédi (Mauritanie),487.7,Jeudi,sèche,dédouanement en cours,84.4,35.3,True,282210
CRI-00813,2024-03-14,Môle 1,Import général,1,375,Transporteur E,Touba,197.1,Jeudi,sèche,dédouané avant arrivée,66.7,72.1,False,314695
CRI-00814,2024-03-14,Terminal à Conteneurs,Denrées alimentaires,2,399,Transporteur D,Kayes (Mali),962.5,Jeudi,sèche,dédouané avant arrivée,62.3,54.2,True,420715
CRI-00815,2024-03-14,Terminal Roulier,Équipements industriels,3,379,Transporteur E,Kaolack,189.4,Jeudi,sèche,dédouané avant arrivée,100.8,37.9,False,1102168
CRI-00816,2024-03-15,Môle 8,Import général,2,318,Transporteur B,Thiès,68.5,Vendredi,sèche,dédouané avant arrivée,47.7,44.2,False,238031
CRI-00817,2024-03-15,Terminal à Conteneurs,Biens de consommation,4,360,Transporteur B,Kayes (Mali),978.4,Vendredi,sèche,dédouanement en cours,42.8,44.9,False,311169
CRI-00818,2024-03-15,Môle 8,Matériaux de construction,2,336,Transporteur F,Kaolack,187.2,Vendredi,sèche,dédouanement en cours,85.1,60.5,False,810964
CRI-00819,2024-03-15,Môle 8,Biens de consommation,2,364,Transporteur E,Ziguinchor,470.1,Vendredi,sèche,dédouanement en cours,102.3,62.3,False,1085176
CRI-00820,2024-03-15,Môle 8,Import général,2,338,Transporteur E,Tambacounda,491.0,Vendredi,sèche,dédouanement en cours,66.6,68.9,False,837988
CRI-00821,2024-03-15,Terminal à Conteneurs,Équipements industriels,1,305,Transporteur G,Kaolack,194.1,Vendredi,sèche,dédouanement en cours,48.3,44.2,False,132284
CRI-00822,2024-03-15,Terminal à Conteneurs,Équipements industriels,2,367,Transporteur F,Tambacounda,478.5,Vendredi,sèche,bloqué (litige/documents),83.3,61.2,False,669661
CRI-00823,2024-03-15,Môle 8,Matériaux de construction,1,279,Transporteur C,Thiès,68.5,Vendredi,sèche,bloqué (litige/documents),88.4,39.0,False,367454
CRI-00824,2024-03-15,Môle 1,Équipements industriels,1,371,Transporteur C,Kaolack,192.0,Vendredi,sèche,dédouané avant arrivée,75.6,41.7,False,254601
CRI-00825,2024-03-15,Môle 3,Matériaux de construction,1,400,Transporteur E,Dakar (local),20.2,Vendredi,sèche,dédouané avant arrivée,77.4,30.4,False,201430
CRI-00826,2024-03-16,Terminal à Conteneurs,Biens de consommation,4,426,Transporteur G,Dakar (local),21.6,Samedi,sèche,dédouané avant arrivée,55.5,86.4,False,1742958
CRI-00827,2024-03-16,Môle 8,Biens de consommation,2,405,Transporteur indépendant,Tambacounda,474.2,Samedi,sèche,bloqué (litige/documents),84.4,64.6,True,938355
CRI-00828,2024-03-16,Môle 1,Import général,2,412,Transporteur G,Bamako (Mali),1232.9,Samedi,sèche,dédouané avant arrivée,80.5,34.0,True,471238
CRI-00829,2024-03-16,Terminal Roulier,Denrées alimentaires,3,287,Transporteur G,Dakar (local),20.7,Samedi,sèche,dédouanement en cours,53.9,37.3,False,327631
CRI-00830,2024-03-16,Terminal Roulier,Denrées alimentaires,1,339,Transporteur A,Dakar (local),20.3,Samedi,sèche,dédouanement en cours,52.8,33.3,False,85199
CRI-00831,2024-03-16,Môle 3,Hydrocarbures,3,362,Transporteur F,Kaolack,197.3,Samedi,sèche,dédouané avant arrivée,51.3,49.4,False,403631
CRI-00832,2024-03-16,Terminal à Conteneurs,Import général,1,337,Transporteur F,Bamako (Mali),1267.2,Samedi,sèche,dédouané avant arrivée,40.2,50.2,True,100920
CRI-00833,2024-03-16,Terminal Roulier,Équipements industriels,3,351,Transporteur E,Dakar (local),20.0,Samedi,sèche,dédouané avant arrivée,70.3,38.0,False,614703
CRI-00834,2024-03-16,Terminal à Conteneurs,Équipements industriels,2,362,Transporteur E,Thiès,69.0,Samedi,sèche,bloqué (litige/documents),129.2,50.1,False,1461984
CRI-00835,2024-03-16,Terminal à Conteneurs,Denrées alimentaires,1,450,Transporteur A,Kaédi (Mauritanie),465.1,Samedi,sèche,dédouanement en cours,102.2,32.8,False,367766
CRI-00836,2024-03-16,Terminal à Conteneurs,Import général,2,326,Transporteur D,Touba,192.0,Samedi,sèche,bloqué (litige/documents),90.4,46.6,False,817291
CRI-00837,2024-03-16,Terminal à Conteneurs,Biens de consommation,2,347,Transporteur G,Kayes (Mali),946.9,Samedi,sèche,dédouanement en cours,74.6,31.6,True,439982
CRI-00838,2024-03-16,Môle 3,Biens de consommation,2,331,Transporteur C,Kaolack,186.7,Samedi,sèche,bloqué (litige/documents),84.1,29.8,False,400073
CRI-00839,2024-03-16,Terminal à Conteneurs,Hydrocarbures,2,389,Transporteur indépendant,Kayes (Mali),941.5,Samedi,sèche,dédouané avant arrivée,85.9,76.4,True,870016
CRI-00840,2024-03-16,Môle 3,Denrées alimentaires,2,366,Transporteur G,Bamako (Mali),1165.6,Samedi,sèche,dédouanement en cours,85.1,49.6,False,632206
CRI-00841,2024-03-16,Terminal à Conteneurs,Matériaux de construction,1,363,Transporteur indépendant,Bamako (Mali),1262.0,Samedi,sèche,dédouané avant arrivée,65.3,43.9,True,254701
CRI-00842,2024-03-16,Terminal à Conteneurs,Import général,1,371,Transporteur F,Kaolack,186.2,Samedi,sèche,dédouanement en cours,90.7,37.6,False,373141
CRI-00843,2024-03-17,Môle 1,Matériaux de construction,1,270,Transporteur G,Bamako (Mali),1196.1,Dimanche,sèche,dédouanement en cours,27.9,37.1,False,0
CRI-00844,2024-03-17,Môle 1,Biens de consommation,1,172,Transporteur A,Kayes (Mali),895.2,Dimanche,sèche,bloqué (litige/documents),162.7,26.2,False,795923
CRI-00845,2024-03-17,Terminal Roulier,Matériaux de construction,2,289,Transporteur C,Tambacounda,482.9,Dimanche,sèche,dédouané avant arrivée,69.3,58.7,False,728906
CRI-00846,2024-03-17,Môle 3,Équipements industriels,3,240,Transporteur E,Dakar (local),20.3,Dimanche,sèche,dédouané avant arrivée,31.7,36.7,False,0
CRI-00847,2024-03-17,Terminal Roulier,Hydrocarbures,2,241,Transporteur F,Ziguinchor,463.3,Dimanche,sèche,dédouané avant arrivée,55.8,37.5,False,222940
CRI-00848,2024-03-17,Môle 1,Biens de consommation,2,239,Transporteur indépendant,Bamako (Mali),1232.7,Dimanche,sèche,dédouanement en cours,57.3,34.7,False,258275
CRI-00849,2024-03-17,Môle 1,Matériaux de construction,1,212,Transporteur A,Thiès,73.4,Dimanche,sèche,dédouané avant arrivée,17.8,13.8,False,0
CRI-00850,2024-03-17,Terminal à Conteneurs,Hydrocarbures,1,294,Transporteur indépendant,Touba,187.6,Dimanche,sèche,dédouanement en cours,78.5,33.8,False,275146
CRI-00851,2024-03-18,Môle 8,Biens de consommation,1,473,Transporteur indépendant,Bamako (Mali),1182.2,Lundi,sèche,dédouanement en cours,51.2,93.6,True,489310
CRI-00852,2024-03-18,Terminal à Conteneurs,Matériaux de construction,2,331,Transporteur C,Ziguinchor,448.5,Lundi,sèche,dédouané avant arrivée,49.2,59.3,False,458935
CRI-00853,2024-03-18,Terminal à Conteneurs,Matériaux de construction,1,427,Transporteur indépendant,Ziguinchor,418.2,Lundi,sèche,dédouané avant arrivée,69.5,31.3,True,132735
CRI-00854,2024-03-18,Môle 8,Import général,2,363,Transporteur indépendant,Bamako (Mali),1213.1,Lundi,sèche,dédouané avant arrivée,57.2,28.4,True,131867
CRI-00855,2024-03-18,Terminal à Conteneurs,Biens de consommation,3,361,Transporteur F,Bamako (Mali),1187.2,Lundi,sèche,dédouané avant arrivée,32.5,31.7,True,0
CRI-00856,2024-03-18,Môle 3,Denrées alimentaires,2,400,Transporteur A,Tambacounda,466.7,Lundi,sèche,dédouanement en cours,77.6,27.5,False,329988
CRI-00857,2024-03-18,Môle 1,Équipements industriels,1,441,Transporteur indépendant,Tambacounda,460.1,Lundi,sèche,dédouanement en cours,126.5,53.6,False,644246
CRI-00858,2024-03-18,Terminal Roulier,Biens de consommation,1,413,Transporteur B,Bamako (Mali),1202.1,Lundi,sèche,dédouanement en cours,92.6,83.0,True,717691
CRI-00859,2024-03-18,Môle 3,Import général,1,384,Transporteur D,Dakar (local),19.4,Lundi,sèche,dédouanement en cours,103.9,92.7,False,766274
CRI-00860,2024-03-18,Môle 1,Hydrocarbures,1,372,Transporteur C,Kaolack,189.6,Lundi,sèche,dédouané avant arrivée,36.6,51.8,False,78251
CRI-00861,2024-03-18,Môle 1,Hydrocarbures,1,429,Transporteur B,Dakar (local),19.3,Lundi,sèche,dédouané avant arrivée,34.1,77.0,False,225492
CRI-00862,2024-03-18,Môle 1,Équipements industriels,2,383,Transporteur F,Kaolack,183.9,Lundi,sèche,bloqué (litige/documents),123.9,50.7,False,1399482
CRI-00863,2024-03-19,Terminal à Conteneurs,Biens de consommation,1,418,Transporteur indépendant,Touba,190.2,Mardi,sèche,dédouanement en cours,144.0,68.2,False,697744
CRI-00864,2024-03-19,Terminal à Conteneurs,Hydrocarbures,1,453,Transporteur E,Thiès,72.2,Mardi,sèche,dédouané avant arrivée,74.3,40.0,False,256384
CRI-00865,2024-03-19,Môle 8,Import général,1,332,Transporteur A,Kayes (Mali),946.3,Mardi,sèche,dédouanement en cours,69.0,39.4,False,223187
CRI-00866,2024-03-19,Terminal à Conteneurs,Biens de consommation,2,320,Transporteur D,Dakar (local),20.3,Mardi,sèche,dédouané avant arrivée,41.0,63.4,False,384821
CRI-00867,2024-03-19,Terminal Roulier,Import général,3,406,Transporteur D,Dakar (local),19.4,Mardi,sèche,dédouanement en cours,64.6,27.5,False,328128
CRI-00868,2024-03-20,Môle 1,Hydrocarbures,2,333,Transporteur D,Dakar (local),20.9,Mercredi,sèche,bloqué (litige/documents),124.6,56.3,False,1196017
CRI-00869,2024-03-20,Terminal à Conteneurs,Matériaux de construction,1,395,Transporteur indépendant,Dakar (local),20.5,Mercredi,sèche,dédouanement en cours,93.3,80.2,True,491787
CRI-00870,2024-03-20,Môle 8,Hydrocarbures,1,261,Transporteur C,Kayes (Mali),905.3,Mercredi,sèche,dédouanement en cours,48.0,37.9,False,73647
CRI-00871,2024-03-20,Terminal à Conteneurs,Import général,1,367,Transporteur B,Dakar (local),19.5,Mercredi,sèche,dédouanement en cours,61.1,58.9,False,327067
CRI-00872,2024-03-20,Terminal à Conteneurs,Hydrocarbures,1,437,Transporteur C,Bamako (Mali),1203.2,Mercredi,sèche,dédouané avant arrivée,77.7,66.1,True,404940
CRI-00873,2024-03-20,Terminal à Conteneurs,Import général,2,444,Transporteur A,Kaolack,200.9,Mercredi,sèche,dédouané avant arrivée,56.3,51.4,False,383385
CRI-00874,2024-03-20,Môle 3,Import général,1,356,Transporteur A,Bamako (Mali),1223.7,Mercredi,sèche,dédouané avant arrivée,103.2,36.5,False,347013
CRI-00875,2024-03-20,Môle 1,Denrées alimentaires,2,316,Transporteur A,Kaolack,196.7,Mercredi,sèche,dédouanement en cours,53.2,62.3,False,434917
CRI-00876,2024-03-20,Terminal à Conteneurs,Biens de consommation,1,391,Transporteur A,Tambacounda,464.1,Mercredi,sèche,dédouanement en cours,95.4,67.2,False,588260
CRI-00877,2024-03-20,Terminal à Conteneurs,Denrées alimentaires,2,324,Transporteur E,Touba,190.7,Mercredi,sèche,dédouanement en cours,55.7,22.5,False,82669
CRI-00878,2024-03-20,Terminal à Conteneurs,Import général,1,375,Transporteur F,Ziguinchor,453.3,Mercredi,sèche,dédouanement en cours,85.0,42.5,False,348345
CRI-00879,2024-03-21,Môle 8,Import général,2,372,Transporteur B,Kaolack,183.7,Jeudi,sèche,dédouanement en cours,70.3,58.6,False,747819
CRI-00880,2024-03-21,Terminal à Conteneurs,Denrées alimentaires,2,436,Transporteur indépendant,Kayes (Mali),959.7,Jeudi,sèche,dédouané avant arrivée,80.1,38.4,True,498784
CRI-00881,2024-03-21,Terminal à Conteneurs,Biens de consommation,1,421,Transporteur C,Dakar (local),20.2,Jeudi,sèche,dédouané avant arrivée,81.8,62.1,False,401760
CRI-00882,2024-03-21,Môle 1,Biens de consommation,1,339,Transporteur indépendant,Kaolack,198.0,Jeudi,sèche,bloqué (litige/documents),109.2,30.4,False,382879
CRI-00883,2024-03-21,Môle 3,Biens de consommation,1,361,Transporteur G,Dakar (local),19.4,Jeudi,sèche,dédouané avant arrivée,33.9,47.4,False,60456
CRI-00884,2024-03-21,Môle 1,Matériaux de construction,3,393,Transporteur G,Dakar (local),19.7,Jeudi,sèche,dédouanement en cours,110.0,31.3,False,1381140
CRI-00885,2024-03-21,Môle 8,Biens de consommation,3,422,Transporteur E,Dakar (local),20.5,Jeudi,sèche,dédouanement en cours,110.7,48.2,False,1205657
CRI-00886,2024-03-21,Terminal à Conteneurs,Biens de consommation,1,309,Transporteur indépendant,Kaédi (Mauritanie),482.0,Jeudi,sèche,dédouanement en cours,39.4,39.7,False,41415
CRI-00887,2024-03-21,Môle 8,Import général,2,371,Transporteur A,Dakar (local),19.8,Jeudi,sèche,dédouanement en cours,112.6,73.6,False,1574447
CRI-00888,2024-03-21,Môle 3,Biens de consommation,1,416,Transporteur B,Kaédi (Mauritanie),466.8,Jeudi,sèche,dédouanement en cours,90.9,59.3,True,442562
CRI-00889,2024-03-21,Terminal à Conteneurs,Denrées alimentaires,4,443,Transporteur G,Kayes (Mali),932.0,Jeudi,sèche,dédouané avant arrivée,52.2,47.3,True,534549
CRI-00890,2024-03-21,Môle 1,Matériaux de construction,2,396,Transporteur E,Dakar (local),19.5,Jeudi,sèche,dédouané avant arrivée,53.3,57.9,False,463289
CRI-00891,2024-03-21,Terminal à Conteneurs,Hydrocarbures,1,303,Transporteur F,Tambacounda,473.4,Jeudi,sèche,dédouané avant arrivée,42.3,27.8,False,0
CRI-00892,2024-03-21,Terminal Roulier,Biens de consommation,1,388,Transporteur A,Kaédi (Mauritanie),466.7,Jeudi,sèche,dédouané avant arrivée,86.6,46.1,False,350130
CRI-00893,2024-03-22,Terminal à Conteneurs,Matériaux de construction,1,318,Transporteur F,Bamako (Mali),1237.7,Vendredi,sèche,dédouané avant arrivée,36.3,43.0,True,43560
CRI-00894,2024-03-22,Môle 1,Biens de consommation,2,284,Transporteur F,Kaédi (Mauritanie),487.7,Vendredi,sèche,dédouanement en cours,55.9,22.7,False,70549
CRI-00895,2024-03-22,Terminal à Conteneurs,Matériaux de construction,2,323,Transporteur D,Kayes (Mali),980.9,Vendredi,sèche,dédouanement en cours,49.1,63.5,False,539908
CRI-00896,2024-03-22,Môle 8,Hydrocarbures,1,309,Transporteur B,Kaédi (Mauritanie),466.3,Vendredi,sèche,dédouané avant arrivée,42.7,34.8,False,27512
CRI-00897,2024-03-22,Môle 3,Denrées alimentaires,1,357,Transporteur F,Thiès,72.1,Vendredi,sèche,dédouané avant arrivée,54.8,43.1,False,118908
CRI-00898,2024-03-22,Môle 3,Matériaux de construction,2,379,Transporteur F,Thiès,66.0,Vendredi,sèche,dédouanement en cours,49.1,52.8,False,312858
CRI-00899,2024-03-22,Terminal à Conteneurs,Hydrocarbures,1,378,Transporteur F,Kayes (Mali),1010.2,Vendredi,sèche,dédouané avant arrivée,33.3,38.0,False,0
CRI-00900,2024-03-22,Terminal à Conteneurs,Import général,1,454,Transporteur B,Kaolack,198.3,Vendredi,sèche,dédouané avant arrivée,51.1,56.9,False,218082
CRI-00901,2024-03-22,Terminal à Conteneurs,Biens de consommation,3,344,Transporteur G,Ziguinchor,440.1,Vendredi,sèche,bloqué (litige/documents),89.7,59.9,False,1498809
CRI-00902,2024-03-22,Môle 8,Import général,2,359,Transporteur A,Tambacounda,475.0,Vendredi,sèche,dédouané avant arrivée,97.4,23.3,False,635465
CRI-00903,2024-03-22,Terminal à Conteneurs,Matériaux de construction,1,422,Transporteur A,Bamako (Mali),1212.9,Vendredi,sèche,dédouanement en cours,63.7,28.8,True,129533
CRI-00904,2024-03-22,Môle 1,Import général,2,368,Transporteur C,Kaédi (Mauritanie),462.2,Vendredi,sèche,dédouané avant arrivée,71.5,40.6,False,414295
CRI-00905,2024-03-22,Môle 3,Import général,2,391,Transporteur B,Thiès,69.9,Vendredi,sèche,dédouané avant arrivée,59.6,28.3,False,156135
CRI-00906,2024-03-22,Terminal Roulier,Denrées alimentaires,1,338,Transporteur E,Touba,188.0,Vendredi,sèche,dédouané avant arrivée,43.4,24.1,False,0
CRI-00907,2024-03-23,Môle 3,Import général,2,395,Transporteur A,Touba,186.0,Samedi,sèche,dédouanement en cours,78.1,63.4,False,929102
CRI-00908,2024-03-23,Terminal Roulier,Denrées alimentaires,2,297,Transporteur indépendant,Kaolack,194.3,Samedi,sèche,dédouané avant arrivée,56.5,43.7,False,336568
CRI-00909,2024-03-23,Terminal à Conteneurs,Matériaux de construction,1,305,Transporteur A,Touba,190.5,Samedi,sèche,dédouanement en cours,101.8,23.6,False,276208
CRI-00910,2024-03-23,Môle 1,Import général,2,375,Transporteur G,Tambacounda,472.9,Samedi,sèche,dédouané avant arrivée,47.1,37.6,False,165489
CRI-00911,2024-03-23,Terminal à Conteneurs,Import général,1,467,Transporteur A,Bamako (Mali),1162.4,Samedi,sèche,dédouanement en cours,122.1,62.3,True,753334
CRI-00912,2024-03-23,Terminal à Conteneurs,Biens de consommation,2,312,Transporteur A,Bamako (Mali),1257.6,Samedi,sèche,dédouanement en cours,50.3,28.7,False,84689
CRI-00913,2024-03-23,Terminal Roulier,Hydrocarbures,1,380,Transporteur D,Kayes (Mali),999.6,Samedi,sèche,dédouanement en cours,103.2,76.0,True,538474
CRI-00914,2024-03-23,Môle 8,Denrées alimentaires,1,283,Transporteur E,Touba,186.8,Samedi,sèche,dédouanement en cours,74.0,31.4,False,153784
CRI-00915,2024-03-23,Terminal à Conteneurs,Import général,1,345,Transporteur B,Bamako (Mali),1217.4,Samedi,sèche,dédouanement en cours,79.9,79.2,True,438639
CRI-00916,2024-03-23,Terminal à Conteneurs,Import général,2,281,Transporteur E,Dakar (local),18.5,Samedi,sèche,dédouané avant arrivée,53.3,46.4,False,290617
CRI-00917,2024-03-23,Môle 3,Import général,1,366,Transporteur C,Dakar (local),20.8,Samedi,sèche,dédouané avant arrivée,44.7,52.4,False,120034
CRI-00918,2024-03-23,Terminal à Conteneurs,Matériaux de construction,4,394,Transporteur indépendant,Kaolack,186.5,Samedi,sèche,dédouané avant arrivée,49.5,32.9,False,252309
CRI-00919,2024-03-23,Terminal à Conteneurs,Matériaux de construction,2,327,Transporteur C,Touba,192.1,Samedi,sèche,dédouané avant arrivée,64.0,30.7,False,215994
CRI-00920,2024-03-23,Terminal à Conteneurs,Matériaux de construction,3,357,Transporteur E,Kaolack,190.1,Samedi,sèche,dédouané avant arrivée,48.9,23.1,True,0
CRI-00921,2024-03-23,Môle 3,Denrées alimentaires,2,308,Transporteur D,Bamako (Mali),1198.7,Samedi,sèche,dédouanement en cours,48.4,57.5,True,408745
CRI-00922,2024-03-23,Môle 3,Biens de consommation,2,321,Transporteur E,Tambacounda,451.6,Samedi,sèche,dédouané avant arrivée,53.2,44.0,False,265507
CRI-00923,2024-03-23,Terminal à Conteneurs,Matériaux de construction,1,374,Transporteur D,Dakar (local),21.0,Samedi,sèche,dédouané avant arrivée,78.2,28.8,False,227120
CRI-00924,2024-03-23,Terminal à Conteneurs,Matériaux de construction,1,322,Transporteur F,Bamako (Mali),1206.3,Samedi,sèche,dédouané avant arrivée,85.8,46.0,False,371488
CRI-00925,2024-03-23,Môle 1,Denrées alimentaires,1,361,Transporteur C,Tambacounda,449.5,Samedi,sèche,dédouané avant arrivée,52.2,50.1,False,208619
CRI-00926,2024-03-24,Terminal à Conteneurs,Import général,3,297,Transporteur E,Kaolack,188.8,Dimanche,sèche,dédouanement en cours,79.5,60.1,False,1078085
CRI-00927,2024-03-24,Môle 1,Import général,3,268,Transporteur B,Bamako (Mali),1227.8,Dimanche,sèche,dédouané avant arrivée,37.4,30.5,False,0
CRI-00928,2024-03-24,Terminal à Conteneurs,Denrées alimentaires,2,276,Transporteur F,Kaédi (Mauritanie),464.1,Dimanche,sèche,dédouanement en cours,63.7,23.7,False,155279
CRI-00929,2024-03-24,Môle 3,Hydrocarbures,4,273,Transporteur B,Tambacounda,465.4,Dimanche,sèche,dédouané avant arrivée,42.9,23.0,False,0
CRI-00930,2024-03-24,Môle 3,Matériaux de construction,1,248,Transporteur F,Dakar (local),19.4,Dimanche,sèche,dédouané avant arrivée,21.6,31.5,False,0
CRI-00931,2024-03-24,Terminal à Conteneurs,Équipements industriels,1,260,Transporteur F,Thiès,68.6,Dimanche,sèche,dédouané avant arrivée,37.2,36.2,False,5980
CRI-00932,2024-03-24,Terminal à Conteneurs,Biens de consommation,3,217,Transporteur A,Thiès,72.6,Dimanche,sèche,dédouanement en cours,86.3,43.1,False,1194076
CRI-00933,2024-03-24,Môle 1,Hydrocarbures,2,269,Transporteur A,Thiès,65.8,Dimanche,sèche,dédouanement en cours,46.2,31.1,False,72098
CRI-00934,2024-03-24,Terminal à Conteneurs,Matériaux de construction,3,288,Transporteur G,Ziguinchor,456.8,Dimanche,sèche,dédouanement en cours,61.1,28.5,False,364969
CRI-00935,2024-03-24,Môle 1,Matériaux de construction,1,194,Transporteur E,Bamako (Mali),1262.8,Dimanche,sèche,dédouané avant arrivée,32.5,25.2,False,0
CRI-00936,2024-03-24,Terminal à Conteneurs,Import général,1,284,Transporteur A,Bamako (Mali),1205.7,Dimanche,sèche,dédouané avant arrivée,64.9,34.9,False,125470
CRI-00937,2024-03-24,Môle 1,Hydrocarbures,4,298,Transporteur G,Dakar (local),20.4,Dimanche,sèche,dédouanement en cours,87.7,69.8,False,1556372
CRI-00938,2024-03-25,Môle 1,Import général,1,382,Transporteur A,Dakar (local),19.1,Lundi,sèche,dédouanement en cours,61.5,50.8,False,220926
CRI-00939,2024-03-25,Terminal à Conteneurs,Hydrocarbures,1,438,Transporteur F,Kayes (Mali),991.7,Lundi,sèche,dédouané avant arrivée,94.7,38.1,True,282026
CRI-00940,2024-03-25,Môle 3,Matériaux de construction,1,364,Transporteur E,Ziguinchor,442.2,Lundi,sèche,dédouanement en cours,116.9,41.1,False,455273
CRI-00941,2024-03-25,Môle 3,Denrées alimentaires,2,390,Transporteur D,Touba,189.7,Lundi,sèche,dédouané avant arrivée,43.8,34.0,False,73166
CRI-00942,2024-03-25,Terminal Roulier,Équipements industriels,2,394,Transporteur F,Tambacounda,461.8,Lundi,sèche,dédouané avant arrivée,40.6,77.0,False,636203
CRI-00943,2024-03-25,Terminal à Conteneurs,Import général,2,342,Transporteur C,Touba,200.1,Lundi,sèche,dédouanement en cours,53.4,27.4,False,97372
CRI-00944,2024-03-25,Môle 3,Import général,1,354,Transporteur indépendant,Dakar (local),19.9,Lundi,sèche,bloqué (litige/documents),167.3,70.6,False,1018292
CRI-00945,2024-03-25,Terminal Roulier,Matériaux de construction,2,415,Transporteur G,Dakar (local),20.2,Lundi,sèche,dédouanement en cours,110.9,59.5,False,935047
CRI-00946,2024-03-25,Môle 3,Denrées alimentaires,2,459,Transporteur C,Bamako (Mali),1238.7,Lundi,sèche,dédouané avant arrivée,99.3,31.0,True,770607
CRI-00947,2024-03-25,Môle 8,Import général,2,369,Transporteur D,Dakar (local),20.0,Lundi,sèche,bloqué (litige/documents),122.4,43.3,False,1225694
CRI-00948,2024-03-25,Terminal à Conteneurs,Biens de consommation,1,309,Transporteur D,Bamako (Mali),1172.4,Lundi,sèche,dédouanement en cours,54.9,52.1,True,171878
CRI-00949,2024-03-25,Môle 1,Import général,4,395,Transporteur A,Thiès,69.9,Lundi,sèche,dédouanement en cours,108.1,59.1,False,2383535
CRI-00950,2024-03-25,Terminal à Conteneurs,Import général,1,351,Transporteur indépendant,Thiès,70.2,Lundi,sèche,dédouanement en cours,53.3,29.3,False,66676
CRI-00951,2024-03-26,Terminal à Conteneurs,Import général,2,379,Transporteur F,Tambacounda,447.1,Mardi,sèche,dédouané avant arrivée,74.8,74.1,False,806091
CRI-00952,2024-03-26,Môle 3,Denrées alimentaires,1,373,Transporteur indépendant,Kaédi (Mauritanie),449.6,Mardi,sèche,bloqué (litige/documents),82.3,44.8,True,259687
CRI-00953,2024-03-26,Terminal à Conteneurs,Hydrocarbures,2,394,Transporteur indépendant,Dakar (local),20.7,Mardi,sèche,bloqué (litige/documents),102.3,41.6,False,770431
CRI-00954,2024-03-26,Terminal à Conteneurs,Import général,1,379,Transporteur B,Dakar (local),19.5,Mardi,sèche,dédouanement en cours,112.4,65.8,False,668232
CRI-00955,2024-03-26,Môle 1,Import général,1,336,Transporteur C,Bamako (Mali),1252.0,Mardi,sèche,dédouané avant arrivée,82.6,37.3,False,311605
CRI-00956,2024-03-26,Môle 3,Denrées alimentaires,3,497,Transporteur indépendant,Bamako (Mali),1171.6,Mardi,sèche,dédouané avant arrivée,75.1,76.7,True,1123213
CRI-00957,2024-03-26,Môle 1,Import général,1,358,Transporteur indépendant,Bamako (Mali),1225.0,Mardi,sèche,dédouané avant arrivée,62.8,60.0,True,318631
CRI-00958,2024-03-27,Terminal Roulier,Biens de consommation,2,359,Transporteur D,Bamako (Mali),1245.6,Mercredi,sèche,dédouanement en cours,59.4,67.2,True,535935
CRI-00959,2024-03-27,Terminal à Conteneurs,Import général,1,386,Transporteur B,Touba,183.0,Mercredi,sèche,dédouanement en cours,57.9,71.6,False,288839
CRI-00960,2024-03-27,Môle 3,Biens de consommation,2,359,Transporteur C,Tambacounda,465.8,Mercredi,sèche,dédouané avant arrivée,60.7,44.9,False,308139
CRI-00961,2024-03-27,Terminal à Conteneurs,Denrées alimentaires,1,320,Transporteur indépendant,Kaolack,196.8,Mercredi,sèche,dédouanement en cours,99.0,81.0,False,673807
CRI-00962,2024-03-27,Terminal Roulier,Biens de consommation,1,401,Transporteur F,Bamako (Mali),1186.4,Mercredi,sèche,dédouané avant arrivée,54.0,26.8,True,46214
CRI-00963,2024-03-27,Terminal à Conteneurs,Import général,2,371,Transporteur B,Bamako (Mali),1216.3,Mercredi,sèche,dédouané avant arrivée,47.4,38.0,True,148170
CRI-00964,2024-03-27,Terminal Roulier,Import général,1,413,Transporteur C,Ziguinchor,443.4,Mercredi,sèche,dédouané avant arrivée,53.2,82.9,False,320128
CRI-00965,2024-03-27,Terminal à Conteneurs,Import général,1,395,Transporteur E,Kaolack,202.7,Mercredi,sèche,dédouanement en cours,81.5,45.1,False,279372
CRI-00966,2024-03-27,Terminal à Conteneurs,Import général,1,242,Transporteur D,Kaédi (Mauritanie),458.0,Mercredi,sèche,dédouané avant arrivée,36.6,51.1,False,106391
CRI-00967,2024-03-27,Môle 3,Hydrocarbures,1,305,Transporteur A,Kayes (Mali),965.1,Mercredi,sèche,dédouanement en cours,56.1,42.0,False,179300
CRI-00968,2024-03-27,Terminal à Conteneurs,Import général,4,370,Transporteur F,Bamako (Mali),1276.4,Mercredi,sèche,dédouanement en cours,101.9,23.7,False,1261610
CRI-00969,2024-03-27,Môle 8,Matériaux de construction,1,366,Transporteur F,Ziguinchor,432.9,Mercredi,sèche,dédouané avant arrivée,32.6,29.4,False,0
CRI-00970,2024-03-28,Môle 1,Matériaux de construction,2,355,Transporteur F,Thiès,69.8,Jeudi,sèche,dédouanement en cours,49.4,56.0,False,341726
CRI-00971,2024-03-28,Terminal à Conteneurs,Biens de consommation,1,369,Transporteur E,Touba,200.3,Jeudi,sèche,dédouanement en cours,51.2,62.0,False,274663
CRI-00972,2024-03-28,Terminal à Conteneurs,Denrées alimentaires,1,344,Transporteur A,Dakar (local),19.9,Jeudi,sèche,dédouanement en cours,87.7,67.0,False,401365
CRI-00973,2024-03-28,Terminal à Conteneurs,Biens de consommation,2,417,Transporteur indépendant,Dakar (local),20.1,Jeudi,sèche,dédouané avant arrivée,87.0,41.7,False,748275
CRI-00974,2024-03-28,Terminal Roulier,Import général,2,259,Transporteur indépendant,Thiès,70.0,Jeudi,sèche,dédouané avant arrivée,33.3,50.3,False,122591
CRI-00975,2024-03-28,Môle 8,Matériaux de construction,1,308,Transporteur C,Tambacounda,459.2,Jeudi,sèche,dédouané avant arrivée,60.3,37.7,False,127440
CRI-00976,2024-03-28,Terminal à Conteneurs,Denrées alimentaires,1,327,Transporteur E,Bamako (Mali),1267.1,Jeudi,sèche,dédouané avant arrivée,53.7,38.0,True,136013
CRI-00977,2024-03-28,Môle 8,Biens de consommation,4,383,Transporteur F,Dakar (local),18.5,Jeudi,sèche,dédouanement en cours,61.9,53.4,False,1042051
CRI-00978,2024-03-28,Môle 1,Matériaux de construction,2,347,Transporteur F,Dakar (local),20.8,Jeudi,sèche,dédouané avant arrivée,92.5,50.2,False,675932
CRI-00979,2024-03-28,Môle 1,Import général,1,337,Transporteur A,Bamako (Mali),1252.8,Jeudi,sèche,dédouanement en cours,64.6,36.1,True,130346
CRI-00980,2024-03-28,Terminal à Conteneurs,Biens de consommation,2,374,Transporteur A,Kaolack,190.6,Jeudi,sèche,dédouané avant arrivée,57.8,80.6,False,750779
CRI-00981,2024-03-28,Terminal à Conteneurs,Denrées alimentaires,1,325,Transporteur D,Kaolack,187.2,Jeudi,sèche,dédouanement en cours,69.0,44.4,False,217332
CRI-00982,2024-03-28,Terminal à Conteneurs,Équipements industriels,1,334,Transporteur C,Kayes (Mali),886.9,Jeudi,sèche,dédouanement en cours,56.1,17.8,True,12638
CRI-00983,2024-03-28,Môle 1,Équipements industriels,1,334,Transporteur G,Thiès,69.8,Jeudi,sèche,dédouanement en cours,81.0,46.5,False,291164
CRI-00984,2024-03-28,Môle 1,Hydrocarbures,1,375,Transporteur E,Dakar (local),20.0,Jeudi,sèche,dédouanement en cours,100.9,38.5,False,376918
CRI-00985,2024-03-29,Terminal Roulier,Hydrocarbures,2,351,Transporteur E,Touba,196.1,Vendredi,sèche,dédouané avant arrivée,97.2,44.3,False,940351
CRI-00986,2024-03-29,Môle 3,Denrées alimentaires,3,391,Transporteur B,Touba,189.9,Vendredi,sèche,dédouané avant arrivée,55.1,63.9,False,793559
CRI-00987,2024-03-29,Terminal à Conteneurs,Import général,2,416,Transporteur indépendant,Bamako (Mali),1176.1,Vendredi,sèche,dédouané avant arrivée,39.2,56.5,True,242991
CRI-00988,2024-03-29,Terminal à Conteneurs,Import général,1,370,Transporteur D,Bamako (Mali),1261.8,Vendredi,sèche,bloqué (litige/documents),169.2,46.7,False,988624
CRI-00989,2024-03-29,Môle 8,Biens de consommation,1,341,Transporteur F,Bamako (Mali),1250.0,Vendredi,sèche,dédouanement en cours,91.5,36.1,False,387178
CRI-00990,2024-03-29,Terminal à Conteneurs,Denrées alimentaires,1,347,Transporteur G,Tambacounda,464.0,Vendredi,sèche,dédouané avant arrivée,56.7,46.5,False,206023
CRI-00991,2024-03-29,Terminal à Conteneurs,Hydrocarbures,1,369,Transporteur G,Bamako (Mali),1231.6,Vendredi,sèche,dédouanement en cours,37.3,43.6,True,42610
CRI-00992,2024-03-29,Môle 3,Matériaux de construction,1,273,Transporteur B,Bamako (Mali),1252.2,Vendredi,sèche,dédouané avant arrivée,67.1,21.7,False,79393
CRI-00993,2024-03-30,Terminal à Conteneurs,Matériaux de construction,1,287,Transporteur B,Bamako (Mali),1238.8,Samedi,sèche,dédouané avant arrivée,58.3,31.9,False,104491
CRI-00994,2024-03-30,Terminal Roulier,Équipements industriels,1,296,Transporteur C,Thiès,68.1,Samedi,sèche,dédouané avant arrivée,70.1,21.0,False,96001
CRI-00995,2024-03-30,Terminal à Conteneurs,Import général,2,366,Transporteur indépendant,Kaolack,192.9,Samedi,sèche,bloqué (litige/documents),137.7,49.4,False,1402239
CRI-00996,2024-03-30,Môle 3,Import général,3,311,Transporteur E,Kaolack,186.5,Samedi,sèche,dédouané avant arrivée,29.8,36.1,False,0
CRI-00997,2024-03-30,Terminal à Conteneurs,Hydrocarbures,4,275,Transporteur G,Bamako (Mali),1222.7,Samedi,sèche,dédouanement en cours,55.7,37.1,False,411498
CRI-00998,2024-03-30,Môle 3,Denrées alimentaires,1,373,Transporteur indépendant,Dakar (local),21.0,Samedi,sèche,dédouanement en cours,39.4,39.9,False,39661
CRI-00999,2024-03-30,Terminal à Conteneurs,Matériaux de construction,1,326,Transporteur F,Bamako (Mali),1217.3,Samedi,sèche,dédouanement en cours,62.0,25.6,False,70410
CRI-01000,2024-03-30,Terminal à Conteneurs,Matériaux de construction,1,410,Transporteur indépendant,Dakar (local),19.9,Samedi,sèche,dédouané avant arrivée,59.3,68.7,False,365374
CRI-01001,2024-03-30,Môle 1,Denrées alimentaires,1,357,Transporteur A,Touba,187.1,Samedi,sèche,dédouané avant arrivée,39.8,88.8,False,365342
CRI-01002,2024-03-30,Môle 1,Import général,2,390,Transporteur F,Kaolack,193.6,Samedi,sèche,dédouanement en cours,56.4,70.1,False,672243
CRI-01003,2024-03-30,Môle 8,Matériaux de construction,1,398,Transporteur A,Tambacounda,454.1,Samedi,sèche,dédouané avant arrivée,26.6,43.5,False,0
CRI-01004,2024-03-30,Terminal à Conteneurs,Matériaux de construction,1,347,Transporteur indépendant,Kaédi (Mauritanie),476.0,Samedi,sèche,dédouanement en cours,93.8,42.6,False,417586
CRI-01005,2024-03-30,Terminal à Conteneurs,Biens de consommation,1,369,Transporteur G,Dakar (local),19.5,Samedi,sèche,bloqué (litige/documents),116.0,26.3,False,391159
CRI-01006,2024-03-30,Môle 1,Matériaux de construction,1,305,Transporteur G,Dakar (local),19.4,Samedi,sèche,dédouanement en cours,74.1,44.8,False,284581
CRI-01007,2024-03-30,Terminal à Conteneurs,Matériaux de construction,1,433,Transporteur E,Dakar (local),20.3,Samedi,sèche,bloqué (litige/documents),168.0,73.2,False,1038002
CRI-01008,2024-03-30,Môle 1,Équipements industriels,2,482,Transporteur D,Ziguinchor,432.5,Samedi,sèche,dédouanement en cours,125.6,58.2,False,1331268
CRI-01009,2024-03-30,Terminal Roulier,Matériaux de construction,2,290,Transporteur C,Dakar (local),19.8,Samedi,sèche,dédouanement en cours,54.8,38.1,False,276074
CRI-01010,2024-03-31,Môle 8,Import général,1,268,Transporteur C,Kayes (Mali),1015.6,Dimanche,sèche,dédouané avant arrivée,50.4,39.7,False,125276
CRI-01011,2024-03-31,Môle 1,Biens de consommation,2,266,Transporteur G,Touba,192.0,Dimanche,sèche,dédouanement en cours,79.1,29.8,False,396092
CRI-01012,2024-03-31,Môle 8,Import général,2,273,Transporteur A,Tambacounda,478.2,Dimanche,sèche,dédouanement en cours,59.0,18.1,False,58411
CRI-01013,2024-03-31,Môle 1,Import général,2,238,Transporteur C,Dakar (local),20.4,Dimanche,sèche,dédouané avant arrivée,40.9,23.4,False,0
CRI-01014,2024-03-31,Môle 3,Biens de consommation,1,296,Transporteur E,Kayes (Mali),941.7,Dimanche,sèche,dédouané avant arrivée,43.8,28.4,True,1607
CRI-01015,2024-03-31,Terminal à Conteneurs,Hydrocarbures,1,235,Transporteur E,Bamako (Mali),1174.1,Dimanche,sèche,dédouanement en cours,68.8,46.5,False,227407
CRI-01016,2024-03-31,Môle 8,Import général,1,253,Transporteur D,Dakar (local),19.5,Dimanche,sèche,dédouané avant arrivée,51.9,44.0,False,130602
CRI-01017,2024-03-31,Môle 8,Import général,2,206,Transporteur F,Bamako (Mali),1224.9,Dimanche,sèche,dédouané avant arrivée,62.4,28.0,False,224266
CRI-01018,2024-04-01,Môle 3,Denrées alimentaires,4,353,Transporteur A,Bamako (Mali),1169.5,Lundi,sèche,dédouanement en cours,85.1,76.2,True,2157866
CRI-01019,2024-04-01,Môle 1,Import général,2,405,Transporteur C,Kayes (Mali),900.8,Lundi,sèche,dédouané avant arrivée,83.2,35.6,True,606673
CRI-01020,2024-04-01,Terminal Roulier,Denrées alimentaires,1,323,Transporteur G,Dakar (local),20.1,Lundi,sèche,dédouanement en cours,68.8,58.0,False,345219
CRI-01021,2024-04-01,Terminal à Conteneurs,Denrées alimentaires,2,354,Transporteur A,Bamako (Mali),1190.5,Lundi,sèche,dédouané avant arrivée,57.4,48.5,False,429268
CRI-01022,2024-04-01,Terminal Roulier,Équipements industriels,1,505,Transporteur C,Dakar (local),20.2,Lundi,sèche,bloqué (litige/documents),196.6,57.4,False,1176665
CRI-01023,2024-04-01,Môle 8,Import général,3,429,Transporteur C,Kaédi (Mauritanie),448.3,Lundi,sèche,bloqué (litige/documents),176.4,54.0,False,3175022
CRI-01024,2024-04-01,Terminal Roulier,Biens de consommation,2,358,Transporteur indépendant,Dakar (local),20.2,Lundi,sèche,dédouanement en cours,87.1,38.7,False,721995
CRI-01025,2024-04-01,Môle 8,Denrées alimentaires,1,540,Transporteur indépendant,Dakar (local),19.9,Lundi,sèche,bloqué (litige/documents),151.7,127.3,True,1319343
CRI-01026,2024-04-01,Terminal Roulier,Biens de consommation,1,383,Transporteur G,Dakar (local),19.4,Lundi,sèche,dédouanement en cours,123.6,58.9,False,611820
CRI-01027,2024-04-01,Môle 3,Hydrocarbures,1,354,Transporteur G,Dakar (local),19.3,Lundi,sèche,dédouané avant arrivée,68.5,44.0,False,233542
CRI-01028,2024-04-01,Môle 8,Denrées alimentaires,2,355,Transporteur G,Thiès,68.5,Lundi,sèche,dédouané avant arrivée,73.6,60.0,False,703433
CRI-01029,2024-04-01,Terminal à Conteneurs,Matériaux de construction,1,419,Transporteur F,Dakar (local),19.7,Lundi,sèche,dédouané avant arrivée,75.0,80.7,False,493983
CRI-01030,2024-04-01,Terminal à Conteneurs,Hydrocarbures,4,374,Transporteur A,Dakar (local),20.2,Lundi,sèche,dédouanement en cours,51.9,45.8,False,720661
CRI-01031,2024-04-01,Terminal Roulier,Denrées alimentaires,1,331,Transporteur G,Tambacounda,475.9,Lundi,sèche,dédouané avant arrivée,32.8,47.5,False,46993
CRI-01032,2024-04-01,Terminal à Conteneurs,Biens de consommation,2,484,Transporteur F,Kayes (Mali),940.5,Lundi,sèche,dédouané avant arrivée,116.5,43.3,True,798697
CRI-01033,2024-04-02,Môle 1,Matériaux de construction,1,423,Transporteur A,Bamako (Mali),1177.0,Mardi,sèche,dédouanement en cours,26.6,38.1,True,0
CRI-01034,2024-04-02,Môle 1,Hydrocarbures,1,416,Transporteur B,Kayes (Mali),958.0,Mardi,sèche,dédouané avant arrivée,29.0,85.0,False,290914
CRI-01035,2024-04-02,Môle 3,Biens de consommation,4,367,Transporteur F,Dakar (local),20.0,Mardi,sèche,dédouané avant arrivée,51.7,39.5,False,497049
CRI-01036,2024-04-02,Môle 8,Denrées alimentaires,1,388,Transporteur G,Ziguinchor,458.9,Mardi,sèche,dédouané avant arrivée,68.7,25.7,False,119140
CRI-01037,2024-04-02,Môle 1,Import général,3,436,Transporteur G,Dakar (local),19.2,Mardi,sèche,dédouané avant arrivée,51.4,78.6,False,1163221
CRI-01038,2024-04-02,Môle 1,Import général,2,450,Transporteur A,Kayes (Mali),981.7,Mardi,sèche,dédouané avant arrivée,98.6,86.7,True,1228233
CRI-01039,2024-04-02,Môle 1,Matériaux de construction,3,520,Transporteur F,Ziguinchor,417.0,Mardi,sèche,dédouanement en cours,112.2,44.2,True,1283970
CRI-01040,2024-04-02,Terminal à Conteneurs,Hydrocarbures,2,435,Transporteur G,Kaolack,189.9,Mardi,sèche,dédouané avant arrivée,51.0,60.9,False,527372
CRI-01041,2024-04-03,Môle 1,Matériaux de construction,1,405,Transporteur C,Ziguinchor,467.9,Mercredi,sèche,dédouanement en cours,74.6,85.4,False,521519
CRI-01042,2024-04-03,Môle 1,Biens de consommation,3,262,Transporteur B,Dakar (local),20.2,Mercredi,sèche,dédouané avant arrivée,35.3,31.9,False,0
CRI-01043,2024-04-03,Terminal Roulier,Import général,1,354,Transporteur indépendant,Thiès,67.3,Mercredi,sèche,dédouané avant arrivée,53.4,61.8,False,225507
CRI-01044,2024-04-03,Môle 1,Équipements industriels,2,368,Transporteur A,Dakar (local),20.0,Mercredi,sèche,dédouanement en cours,107.5,65.2,False,1061748
CRI-01045,2024-04-03,Terminal à Conteneurs,Matériaux de construction,1,345,Transporteur G,Bamako (Mali),1262.7,Mercredi,sèche,dédouané avant arrivée,50.8,68.0,True,327375
CRI-01046,2024-04-03,Môle 3,Denrées alimentaires,1,281,Transporteur C,Kaolack,199.0,Mercredi,sèche,dédouanement en cours,49.7,58.5,False,213544
CRI-01047,2024-04-03,Terminal à Conteneurs,Hydrocarbures,2,345,Transporteur D,Dakar (local),20.9,Mercredi,sèche,dédouanement en cours,61.3,19.9,False,124620
CRI-01048,2024-04-04,Terminal à Conteneurs,Biens de consommation,1,390,Transporteur D,Tambacounda,482.3,Jeudi,sèche,dédouané avant arrivée,67.0,40.2,False,159375
CRI-01049,2024-04-04,Môle 1,Denrées alimentaires,1,393,Transporteur G,Dakar (local),19.8,Jeudi,sèche,dédouanement en cours,108.4,55.4,False,612112
CRI-01050,2024-04-04,Môle 3,Import général,1,305,Transporteur D,Kayes (Mali),947.3,Jeudi,sèche,bloqué (litige/documents),136.4,38.1,False,644453
CRI-01051,2024-04-04,Terminal à Conteneurs,Import général,1,277,Transporteur G,Kayes (Mali),949.2,Jeudi,sèche,dédouané avant arrivée,48.2,56.7,False,216014
CRI-01052,2024-04-04,Môle 3,Matériaux de construction,1,382,Transporteur A,Tambacounda,470.0,Jeudi,sèche,dédouané avant arrivée,65.6,45.3,False,189271
CRI-01053,2024-04-04,Terminal à Conteneurs,Matériaux de construction,1,349,Transporteur G,Dakar (local),20.9,Jeudi,sèche,dédouanement en cours,75.0,33.9,False,237001
CRI-01054,2024-04-04,Terminal Roulier,Import général,2,338,Transporteur E,Thiès,73.2,Jeudi,sèche,dédouané avant arrivée,36.8,30.9,False,0
CRI-01055,2024-04-04,Môle 1,Biens de consommation,1,426,Transporteur G,Kayes (Mali),928.7,Jeudi,sèche,dédouané avant arrivée,42.7,31.5,True,11932
CRI-01056,2024-04-04,Terminal à Conteneurs,Matériaux de construction,3,377,Transporteur B,Dakar (local),20.7,Jeudi,sèche,dédouanement en cours,133.0,43.8,False,1641606
CRI-01057,2024-04-04,Terminal à Conteneurs,Denrées alimentaires,3,295,Transporteur A,Bamako (Mali),1268.4,Jeudi,sèche,dédouané avant arrivée,66.4,43.7,False,528608
CRI-01058,2024-04-04,Môle 3,Matériaux de construction,1,368,Transporteur indépendant,Dakar (local),20.1,Jeudi,sèche,bloqué (litige/documents),127.3,52.0,False,530806
CRI-01059,2024-04-04,Terminal à Conteneurs,Biens de consommation,1,381,Transporteur C,Touba,192.5,Jeudi,sèche,dédouané avant arrivée,101.5,64.8,False,505870
CRI-01060,2024-04-04,Môle 3,Denrées alimentaires,1,375,Transporteur indépendant,Dakar (local),19.7,Jeudi,sèche,dédouané avant arrivée,56.9,80.6,False,310749
CRI-01061,2024-04-04,Terminal à Conteneurs,Équipements industriels,1,361,Transporteur E,Kaédi (Mauritanie),462.3,Jeudi,sèche,dédouané avant arrivée,60.9,38.4,False,165073
CRI-01062,2024-04-05,Môle 3,Hydrocarbures,2,337,Transporteur B,Tambacounda,503.6,Vendredi,sèche,dédouané avant arrivée,85.8,16.7,False,357481
CRI-01063,2024-04-05,Môle 3,Hydrocarbures,2,348,Transporteur B,Bamako (Mali),1201.7,Vendredi,sèche,dédouanement en cours,66.1,37.6,True,358046
CRI-01064,2024-04-05,Terminal à Conteneurs,Matériaux de construction,1,316,Transporteur A,Bamako (Mali),1206.4,Vendredi,sèche,dédouané avant arrivée,66.9,31.6,True,142204
CRI-01065,2024-04-05,Terminal à Conteneurs,Matériaux de construction,1,423,Transporteur G,Kaolack,192.3,Vendredi,sèche,dédouanement en cours,48.2,74.6,False,340102
CRI-01066,2024-04-05,Terminal à Conteneurs,Matériaux de construction,2,331,Transporteur D,Dakar (local),20.9,Vendredi,sèche,dédouané avant arrivée,52.2,35.0,False,207814
CRI-01067,2024-04-05,Terminal à Conteneurs,Denrées alimentaires,2,362,Transporteur B,Dakar (local),19.6,Vendredi,sèche,dédouanement en cours,81.2,46.0,False,527462
CRI-01068,2024-04-05,Terminal Roulier,Biens de consommation,1,379,Transporteur G,Bamako (Mali),1198.5,Vendredi,sèche,dédouanement en cours,78.1,75.6,True,504995
CRI-01069,2024-04-05,Terminal à Conteneurs,Matériaux de construction,2,394,Transporteur G,Tambacounda,467.3,Vendredi,sèche,dédouané avant arrivée,111.5,71.1,False,1180894
CRI-01070,2024-04-05,Terminal Roulier,Biens de consommation,1,321,Transporteur G,Tambacounda,475.0,Vendredi,sèche,dédouanement en cours,88.4,49.8,False,306369
CRI-01071,2024-04-05,Terminal à Conteneurs,Denrées alimentaires,1,374,Transporteur B,Thiès,68.8,Vendredi,sèche,dédouané avant arrivée,61.7,46.2,False,164350
CRI-01072,2024-04-05,Terminal à Conteneurs,Matériaux de construction,1,314,Transporteur A,Bamako (Mali),1233.8,Vendredi,sèche,dédouané avant arrivée,57.3,18.0,True,20518
CRI-01073,2024-04-05,Môle 3,Denrées alimentaires,3,426,Transporteur G,Ziguinchor,443.6,Vendredi,sèche,dédouanement en cours,63.5,89.8,False,1682572
CRI-01074,2024-04-05,Môle 1,Biens de consommation,1,363,Transporteur E,Dakar (local),20.1,Vendredi,sèche,dédouané avant arrivée,45.9,52.3,False,173736
CRI-01075,2024-04-05,Môle 8,Matériaux de construction,1,392,Transporteur F,Thiès,72.4,Vendredi,sèche,dédouané avant arrivée,66.5,22.3,False,94967
CRI-01076,2024-04-05,Môle 3,Matériaux de construction,1,338,Transporteur C,Kaolack,188.7,Vendredi,sèche,dédouanement en cours,46.1,29.1,False,22373
CRI-01077,2024-04-05,Môle 1,Biens de consommation,2,338,Transporteur E,Touba,191.6,Vendredi,sèche,dédouanement en cours,82.2,39.8,False,572636
CRI-01078,2024-04-05,Terminal à Conteneurs,Biens de consommation,2,376,Transporteur B,Touba,188.9,Vendredi,sèche,bloqué (litige/documents),149.9,32.1,False,1112149
CRI-01079,2024-04-06,Môle 8,Équipements industriels,1,381,Transporteur C,Ziguinchor,447.7,Samedi,sèche,dédouanement en cours,142.9,28.2,True,455449
CRI-01080,2024-04-06,Terminal à Conteneurs,Import général,2,365,Transporteur E,Dakar (local),19.5,Samedi,sèche,bloqué (litige/documents),192.4,32.3,False,2086801
CRI-01081,2024-04-06,Terminal à Conteneurs,Hydrocarbures,1,243,Transporteur A,Tambacounda,459.9,Samedi,sèche,dédouané avant arrivée,45.6,31.8,False,31615
CRI-01082,2024-04-06,Môle 1,Denrées alimentaires,3,361,Transporteur F,Thiès,68.5,Samedi,sèche,dédouanement en cours,107.6,22.5,False,1005770
CRI-01083,2024-04-06,Môle 1,Import général,1,372,Transporteur indépendant,Kaolack,186.5,Samedi,sèche,dédouanement en cours,86.3,40.6,False,284217
CRI-01084,2024-04-06,Terminal à Conteneurs,Import général,1,374,Transporteur C,Dakar (local),20.0,Samedi,sèche,dédouané avant arrivée,46.0,73.1,False,310041
CRI-01085,2024-04-06,Terminal Roulier,Import général,1,402,Transporteur F,Dakar (local),19.6,Samedi,sèche,bloqué (litige/documents),80.4,46.4,False,304881
CRI-01086,2024-04-06,Terminal à Conteneurs,Équipements industriels,1,263,Transporteur E,Bamako (Mali),1173.3,Samedi,sèche,dédouanement en cours,41.3,57.6,False,160182
CRI-01087,2024-04-06,Terminal à Conteneurs,Denrées alimentaires,1,425,Transporteur E,Bamako (Mali),1278.4,Samedi,sèche,dédouanement en cours,65.0,19.6,True,69260
CRI-01088,2024-04-06,Terminal à Conteneurs,Denrées alimentaires,1,294,Transporteur D,Kaédi (Mauritanie),480.3,Samedi,sèche,dédouané avant arrivée,72.5,68.5,False,446095
CRI-01089,2024-04-06,Môle 8,Denrées alimentaires,3,358,Transporteur indépendant,Dakar (local),19.2,Samedi,sèche,dédouanement en cours,71.2,26.5,False,487707
CRI-01090,2024-04-07,Terminal à Conteneurs,Hydrocarbures,3,272,Transporteur E,Bamako (Mali),1225.0,Dimanche,sèche,dédouanement en cours,56.1,43.4,True,529469
CRI-01091,2024-04-07,Terminal Roulier,Denrées alimentaires,2,256,Transporteur A,Dakar (local),19.6,Dimanche,sèche,bloqué (litige/documents),91.0,29.4,False,435398
CRI-01092,2024-04-07,Môle 1,Biens de consommation,2,258,Transporteur A,Kayes (Mali),950.7,Dimanche,sèche,dédouané avant arrivée,41.3,24.7,False,0
CRI-01093,2024-04-07,Môle 8,Denrées alimentaires,1,248,Transporteur E,Touba,192.3,Dimanche,sèche,dédouanement en cours,61.2,36.3,False,162892
CRI-01094,2024-04-07,Terminal à Conteneurs,Équipements industriels,1,317,Transporteur B,Kaolack,190.2,Dimanche,sèche,dédouané avant arrivée,26.3,67.3,False,123822
CRI-01095,2024-04-07,Môle 1,Denrées alimentaires,3,229,Transporteur B,Kaédi (Mauritanie),472.1,Dimanche,sèche,dédouané avant arrivée,29.7,51.8,False,175012
CRI-01096,2024-04-07,Môle 8,Matériaux de construction,1,272,Transporteur D,Dakar (local),21.4,Dimanche,sèche,dédouanement en cours,101.4,42.2,False,494913
CRI-01097,2024-04-07,Terminal à Conteneurs,Denrées alimentaires,4,262,Transporteur indépendant,Thiès,69.2,Dimanche,sèche,dédouanement en cours,102.7,40.4,False,1585644
CRI-01098,2024-04-07,Terminal Roulier,Matériaux de construction,1,258,Transporteur indépendant,Dakar (local),19.5,Dimanche,sèche,dédouanement en cours,62.7,28.6,False,134125
CRI-01099,2024-04-08,Terminal Roulier,Matériaux de construction,3,470,Transporteur F,Bamako (Mali),1211.3,Lundi,sèche,dédouané avant arrivée,83.9,119.0,True,2428024
CRI-01100,2024-04-08,Terminal à Conteneurs,Import général,2,429,Transporteur C,Kaédi (Mauritanie),449.0,Lundi,sèche,dédouané avant arrivée,69.4,97.2,False,1212475
CRI-01101,2024-04-08,Môle 1,Import général,1,436,Transporteur A,Bamako (Mali),1303.3,Lundi,sèche,dédouané avant arrivée,57.6,40.9,True,155643
CRI-01102,2024-04-08,Môle 8,Import général,2,392,Transporteur D,Kayes (Mali),958.7,Lundi,sèche,dédouanement en cours,95.1,58.9,True,831687
CRI-01103,2024-04-08,Môle 1,Import général,1,389,Transporteur F,Kaédi (Mauritanie),439.6,Lundi,sèche,dédouané avant arrivée,48.8,51.5,False,134330
CRI-01104,2024-04-08,Môle 3,Denrées alimentaires,3,422,Transporteur E,Thiès,66.5,Lundi,sèche,dédouané avant arrivée,37.0,70.2,False,690498
CRI-01105,2024-04-08,Terminal à Conteneurs,Biens de consommation,1,326,Transporteur C,Bamako (Mali),1260.0,Lundi,sèche,dédouanement en cours,52.4,58.9,False,214494
CRI-01106,2024-04-08,Môle 8,Denrées alimentaires,1,309,Transporteur B,Thiès,71.2,Lundi,sèche,bloqué (litige/documents),196.6,31.4,False,790161
CRI-01107,2024-04-08,Môle 1,Denrées alimentaires,2,415,Transporteur indépendant,Kaédi (Mauritanie),455.6,Lundi,sèche,dédouané avant arrivée,65.0,47.0,True,436829
CRI-01108,2024-04-08,Terminal à Conteneurs,Denrées alimentaires,1,382,Transporteur D,Bamako (Mali),1272.1,Lundi,sèche,dédouané avant arrivée,91.3,77.6,True,520747
CRI-01109,2024-04-08,Terminal à Conteneurs,Import général,1,469,Transporteur F,Kaolack,182.1,Lundi,sèche,dédouané avant arrivée,76.0,57.7,False,317992
CRI-01110,2024-04-09,Môle 1,Matériaux de construction,1,419,Transporteur F,Dakar (local),20.6,Mardi,sèche,bloqué (litige/documents),136.6,66.6,False,798206
CRI-01111,2024-04-09,Terminal Roulier,Import général,2,340,Transporteur indépendant,Thiès,68.7,Mardi,sèche,dédouanement en cours,53.5,46.0,False,314934
CRI-01112,2024-04-09,Môle 8,Hydrocarbures,4,364,Transporteur G,Kaolack,186.6,Mardi,sèche,dédouanement en cours,95.1,37.0,False,1512622
CRI-01113,2024-04-09,Môle 8,Hydrocarbures,2,363,Transporteur B,Kayes (Mali),963.2,Mardi,sèche,dédouané avant arrivée,69.5,64.0,False,645885
CRI-01114,2024-04-09,Môle 8,Matériaux de construction,1,398,Transporteur D,Kaolack,194.0,Mardi,sèche,dédouanement en cours,97.7,95.9,False,637117
CRI-01115,2024-04-09,Terminal à Conteneurs,Import général,2,386,Transporteur E,Dakar (local),20.6,Mardi,sèche,dédouané avant arrivée,71.2,32.3,False,292967
CRI-01116,2024-04-09,Terminal à Conteneurs,Hydrocarbures,1,413,Transporteur C,Thiès,70.1,Mardi,sèche,bloqué (litige/documents),159.3,52.6,False,901943
CRI-01117,2024-04-09,Terminal Roulier,Denrées alimentaires,2,408,Transporteur indépendant,Dakar (local),18.7,Mardi,sèche,dédouanement en cours,71.3,58.3,False,717816
CRI-01118,2024-04-10,Môle 3,Denrées alimentaires,1,361,Transporteur A,Touba,186.2,Mercredi,sèche,dédouanement en cours,39.2,42.8,False,67927
CRI-01119,2024-04-10,Terminal à Conteneurs,Import général,1,369,Transporteur A,Dakar (local),19.7,Mercredi,sèche,dédouanement en cours,64.9,59.8,False,316793
CRI-01120,2024-04-10,Môle 1,Hydrocarbures,1,305,Transporteur C,Touba,193.1,Mercredi,sèche,dédouanement en cours,53.1,43.5,False,128544
CRI-01121,2024-04-10,Môle 3,Import général,1,336,Transporteur C,Dakar (local),19.5,Mercredi,sèche,dédouané avant arrivée,47.0,23.5,False,0
CRI-01122,2024-04-10,Terminal à Conteneurs,Biens de consommation,1,241,Transporteur indépendant,Ziguinchor,444.4,Mercredi,sèche,dédouané avant arrivée,34.3,53.0,False,76446
CRI-01123,2024-04-10,Môle 8,Hydrocarbures,2,350,Transporteur G,Thiès,69.4,Mercredi,sèche,dédouané avant arrivée,65.3,26.9,False,184150
CRI-01124,2024-04-10,Terminal à Conteneurs,Import général,3,307,Transporteur B,Kaédi (Mauritanie),488.2,Mercredi,sèche,dédouané avant arrivée,27.8,46.0,False,29144
CRI-01125,2024-04-10,Môle 8,Denrées alimentaires,4,303,Transporteur B,Thiès,72.6,Mercredi,sèche,dédouanement en cours,83.1,59.9,False,1702753
CRI-01126,2024-04-10,Terminal à Conteneurs,Matériaux de construction,2,329,Transporteur C,Dakar (local),20.3,Mercredi,sèche,dédouané avant arrivée,44.8,30.9,False,33410
CRI-01127,2024-04-10,Terminal à Conteneurs,Import général,2,275,Transporteur D,Kaédi (Mauritanie),480.3,Mercredi,sèche,dédouané avant arrivée,47.2,43.7,False,232301
CRI-01128,2024-04-11,Terminal Roulier,Denrées alimentaires,1,394,Transporteur E,Tambacounda,457.7,Jeudi,sèche,dédouanement en cours,60.2,45.3,False,201906
CRI-01129,2024-04-11,Terminal à Conteneurs,Équipements industriels,1,304,Transporteur A,Bamako (Mali),1163.9,Jeudi,sèche,dédouané avant arrivée,62.2,51.6,True,235780
CRI-01130,2024-04-11,Môle 1,Hydrocarbures,1,343,Transporteur A,Dakar (local),19.9,Jeudi,sèche,dédouané avant arrivée,97.1,36.4,False,399684
CRI-01131,2024-04-11,Terminal à Conteneurs,Denrées alimentaires,1,359,Transporteur B,Bamako (Mali),1203.0,Jeudi,sèche,bloqué (litige/documents),94.0,42.8,True,443514
CRI-01132,2024-04-11,Môle 1,Denrées alimentaires,2,398,Transporteur A,Tambacounda,474.8,Jeudi,sèche,dédouanement en cours,105.9,28.1,False,609411
CRI-01133,2024-04-11,Terminal à Conteneurs,Import général,2,317,Transporteur B,Bamako (Mali),1257.1,Jeudi,sèche,dédouané avant arrivée,63.2,39.2,False,400977
CRI-01134,2024-04-11,Terminal Roulier,Hydrocarbures,1,355,Transporteur D,Bamako (Mali),1212.4,Jeudi,sèche,dédouané avant arrivée,58.8,29.5,True,84542
CRI-01135,2024-04-11,Môle 8,Denrées alimentaires,1,421,Transporteur C,Bamako (Mali),1258.4,Jeudi,sèche,dédouanement en cours,120.3,68.4,False,710670
CRI-01136,2024-04-11,Môle 1,Hydrocarbures,2,304,Transporteur E,Kaolack,182.0,Jeudi,sèche,dédouané avant arrivée,63.3,43.1,False,467165
CRI-01137,2024-04-11,Môle 3,Import général,2,357,Transporteur C,Kayes (Mali),935.1,Jeudi,sèche,dédouanement en cours,40.5,33.2,False,18536
CRI-01138,2024-04-11,Terminal Roulier,Matériaux de construction,1,342,Transporteur C,Ziguinchor,427.7,Jeudi,sèche,dédouané avant arrivée,57.8,22.5,False,45678
CRI-01139,2024-04-11,Terminal Roulier,Import général,1,399,Transporteur C,Kaolack,190.8,Jeudi,sèche,dédouanement en cours,89.3,62.7,True,425241
CRI-01140,2024-04-11,Terminal à Conteneurs,Biens de consommation,2,330,Transporteur C,Thiès,66.5,Jeudi,sèche,dédouanement en cours,117.8,50.7,False,1258570
CRI-01141,2024-04-11,Môle 3,Matériaux de construction,1,376,Transporteur A,Dakar (local),19.4,Jeudi,sèche,dédouanement en cours,76.8,33.8,False,243839
CRI-01142,2024-04-11,Terminal à Conteneurs,Matériaux de construction,2,418,Transporteur G,Kaédi (Mauritanie),471.8,Jeudi,sèche,dédouanement en cours,64.2,99.8,False,1092112
CRI-01143,2024-04-11,Môle 3,Import général,3,343,Transporteur D,Kaolack,199.1,Jeudi,sèche,dédouané avant arrivée,89.7,57.6,False,1070676
CRI-01144,2024-04-11,Terminal à Conteneurs,Import général,1,352,Transporteur G,Thiès,67.6,Jeudi,sèche,dédouané avant arrivée,62.8,52.9,False,224881
CRI-01145,2024-04-12,Môle 3,Denrées alimentaires,1,336,Transporteur A,Bamako (Mali),1248.6,Vendredi,sèche,bloqué (litige/documents),94.4,37.6,True,318785
CRI-01146,2024-04-12,Môle 3,Matériaux de construction,2,346,Transporteur indépendant,Dakar (local),19.3,Vendredi,sèche,dédouané avant arrivée,37.6,69.2,False,344892
CRI-01147,2024-04-12,Terminal à Conteneurs,Hydrocarbures,2,282,Transporteur F,Dakar (local),20.0,Vendredi,sèche,dédouanement en cours,49.5,28.7,False,77449
CRI-01148,2024-04-12,Môle 3,Denrées alimentaires,1,372,Transporteur G,Kayes (Mali),946.9,Vendredi,sèche,dédouané avant arrivée,68.5,35.3,False,191228
CRI-01149,2024-04-12,Terminal à Conteneurs,Denrées alimentaires,1,330,Transporteur C,Tambacounda,498.3,Vendredi,sèche,dédouanement en cours,52.1,45.6,False,151150
CRI-01150,2024-04-12,Môle 3,Import général,2,385,Transporteur E,Ziguinchor,451.6,Vendredi,sèche,dédouanement en cours,68.5,51.9,False,439933
CRI-01151,2024-04-12,Terminal Roulier,Import général,1,357,Transporteur B,Bamako (Mali),1221.2,Vendredi,sèche,dédouané avant arrivée,39.6,29.7,True,0
CRI-01152,2024-04-12,Terminal à Conteneurs,Denrées alimentaires,2,337,Transporteur A,Bamako (Mali),1242.7,Vendredi,sèche,dédouané avant arrivée,77.8,34.3,True,521132
CRI-01153,2024-04-12,Môle 1,Import général,1,427,Transporteur D,Kaédi (Mauritanie),472.9,Vendredi,sèche,dédouané avant arrivée,85.5,70.7,True,556250
CRI-01154,2024-04-12,Môle 3,Hydrocarbures,1,426,Transporteur E,Touba,187.1,Vendredi,sèche,bloqué (litige/documents),105.2,59.4,False,468013
CRI-01155,2024-04-12,Terminal à Conteneurs,Import général,2,294,Transporteur C,Dakar (local),20.6,Vendredi,sèche,dédouané avant arrivée,41.1,57.9,False,288166
CRI-01156,2024-04-12,Terminal Roulier,Import général,1,408,Transporteur indépendant,Bamako (Mali),1251.7,Vendredi,sèche,dédouané avant arrivée,62.1,45.3,True,186178
CRI-01157,2024-04-12,Môle 1,Import général,3,387,Transporteur D,Bamako (Mali),1294.4,Vendredi,sèche,dédouané avant arrivée,87.8,39.4,True,858815
CRI-01158,2024-04-13,Terminal à Conteneurs,Matériaux de construction,4,341,Transporteur D,Dakar (local),20.3,Samedi,sèche,dédouané avant arrivée,65.0,42.2,False,806239
CRI-01159,2024-04-13,Môle 3,Équipements industriels,1,312,Transporteur G,Ziguinchor,456.0,Samedi,sèche,bloqué (litige/documents),63.4,29.5,False,116021
CRI-01160,2024-04-13,Môle 8,Import général,2,362,Transporteur C,Tambacounda,468.5,Samedi,sèche,dédouanement en cours,85.5,50.8,False,609033
CRI-01161,2024-04-13,Môle 8,Import général,2,293,Transporteur indépendant,Kayes (Mali),963.8,Samedi,sèche,dédouanement en cours,91.0,25.6,True,577998
CRI-01162,2024-04-13,Môle 1,Import général,2,308,Transporteur B,Dakar (local),19.9,Samedi,sèche,dédouané avant arrivée,48.1,47.5,False,248529
CRI-01163,2024-04-13,Terminal Roulier,Biens de consommation,4,377,Transporteur indépendant,Dakar (local),19.7,Samedi,sèche,dédouanement en cours,103.0,22.0,False,1081108
CRI-01164,2024-04-13,Môle 3,Import général,3,387,Transporteur D,Kayes (Mali),955.9,Samedi,sèche,dédouané avant arrivée,57.0,64.0,True,663482
CRI-01165,2024-04-13,Môle 1,Import général,1,283,Transporteur A,Dakar (local),19.3,Samedi,sèche,dédouanement en cours,86.5,35.8,False,316515
CRI-01166,2024-04-13,Terminal à Conteneurs,Hydrocarbures,2,269,Transporteur D,Dakar (local),20.4,Samedi,sèche,dédouanement en cours,27.0,32.1,False,0
CRI-01167,2024-04-13,Môle 3,Import général,1,320,Transporteur D,Kayes (Mali),945.6,Samedi,sèche,dédouané avant arrivée,69.3,37.6,False,243232
CRI-01168,2024-04-13,Môle 8,Import général,1,314,Transporteur G,Bamako (Mali),1226.0,Samedi,sèche,dédouané avant arrivée,58.9,44.2,True,155058
CRI-01169,2024-04-14,Môle 3,Hydrocarbures,1,278,Transporteur A,Kayes (Mali),982.2,Dimanche,sèche,dédouanement en cours,70.5,19.3,False,124479
CRI-01170,2024-04-14,Terminal à Conteneurs,Import général,2,267,Transporteur E,Kaolack,193.7,Dimanche,sèche,dédouanement en cours,83.3,28.5,False,541462
CRI-01171,2024-04-14,Môle 3,Biens de consommation,1,251,Transporteur D,Dakar (local),19.5,Dimanche,sèche,dédouané avant arrivée,35.8,25.7,False,0
CRI-01172,2024-04-14,Môle 1,Import général,1,279,Transporteur C,Dakar (local),21.0,Dimanche,sèche,dédouané avant arrivée,42.1,34.0,False,23015
CRI-01173,2024-04-14,Terminal à Conteneurs,Import général,2,221,Transporteur G,Touba,194.0,Dimanche,sèche,dédouanement en cours,63.0,36.3,False,302144
CRI-01174,2024-04-14,Môle 1,Denrées alimentaires,2,259,Transporteur C,Kaédi (Mauritanie),472.4,Dimanche,sèche,bloqué (litige/documents),151.4,28.7,False,1288744
CRI-01175,2024-04-14,Môle 3,Import général,2,267,Transporteur F,Tambacounda,467.0,Dimanche,sèche,dédouanement en cours,115.3,27.6,False,802266
CRI-01176,2024-04-14,Môle 1,Biens de consommation,1,238,Transporteur B,Dakar (local),19.2,Dimanche,sèche,dédouané avant arrivée,60.7,31.7,False,142632
CRI-01177,2024-04-14,Terminal à Conteneurs,Import général,2,270,Transporteur C,Bamako (Mali),1198.7,Dimanche,sèche,dédouanement en cours,73.4,26.1,True,292606
CRI-01178,2024-04-14,Môle 1,Import général,2,230,Transporteur C,Bamako (Mali),1220.0,Dimanche,sèche,dédouanement en cours,88.8,46.0,False,820038
CRI-01179,2024-04-15,Terminal Roulier,Denrées alimentaires,2,469,Transporteur G,Tambacounda,472.1,Lundi,sèche,dédouanement en cours,71.1,45.7,False,404267
CRI-01180,2024-04-15,Môle 8,Import général,1,439,Transporteur indépendant,Tambacounda,449.8,Lundi,sèche,dédouanement en cours,125.7,64.2,True,617858
CRI-01181,2024-04-15,Môle 8,Matériaux de construction,1,463,Transporteur A,Bamako (Mali),1239.5,Lundi,sèche,dédouanement en cours,51.9,64.3,True,267428
CRI-01182,2024-04-15,Terminal à Conteneurs,Import général,2,377,Transporteur D,Tambacounda,451.8,Lundi,sèche,dédouané avant arrivée,28.6,44.8,False,13555
CRI-01183,2024-04-15,Terminal à Conteneurs,Matériaux de construction,1,371,Transporteur C,Thiès,71.7,Lundi,sèche,dédouané avant arrivée,58.9,47.4,False,214417
CRI-01184,2024-04-15,Môle 8,Hydrocarbures,1,417,Transporteur indépendant,Thiès,70.9,Lundi,sèche,dédouanement en cours,114.8,40.1,False,427965
CRI-01185,2024-04-15,Môle 3,Biens de consommation,2,374,Transporteur A,Kayes (Mali),978.5,Lundi,sèche,dédouané avant arrivée,78.3,44.1,False,623106
CRI-01186,2024-04-15,Terminal à Conteneurs,Denrées alimentaires,1,384,Transporteur B,Bamako (Mali),1235.0,Lundi,sèche,dédouané avant arrivée,42.6,54.5,True,144647
CRI-01187,2024-04-15,Môle 8,Import général,1,375,Transporteur A,Kayes (Mali),990.3,Lundi,sèche,dédouané avant arrivée,60.7,79.8,True,392456
CRI-01188,2024-04-15,Môle 3,Équipements industriels,2,404,Transporteur F,Bamako (Mali),1242.7,Lundi,sèche,bloqué (litige/documents),102.6,76.8,True,1039596
CRI-01189,2024-04-15,Môle 8,Denrées alimentaires,2,475,Transporteur C,Tambacounda,481.7,Lundi,sèche,dédouané avant arrivée,61.4,71.4,True,777197
CRI-01190,2024-04-16,Terminal Roulier,Denrées alimentaires,1,331,Transporteur F,Kayes (Mali),957.7,Mardi,sèche,dédouanement en cours,45.4,24.1,True,0
CRI-01191,2024-04-16,Môle 3,Import général,1,451,Transporteur indépendant,Bamako (Mali),1198.2,Mardi,sèche,dédouanement en cours,64.3,34.9,True,138897
CRI-01192,2024-04-16,Môle 3,Hydrocarbures,2,421,Transporteur F,Bamako (Mali),1238.9,Mardi,sèche,dédouanement en cours,41.0,44.2,True,146457
CRI-01193,2024-04-16,Môle 3,Denrées alimentaires,1,405,Transporteur D,Dakar (local),19.6,Mardi,sèche,bloqué (litige/documents),162.8,36.1,False,602697
CRI-01194,2024-04-16,Terminal Roulier,Denrées alimentaires,2,370,Transporteur E,Dakar (local),20.8,Mardi,sèche,dédouané avant arrivée,102.3,61.2,False,1008337
CRI-01195,2024-04-16,Môle 3,Denrées alimentaires,1,444,Transporteur A,Bamako (Mali),1195.3,Mardi,sèche,dédouanement en cours,73.4,63.2,True,428401
CRI-01196,2024-04-16,Terminal à Conteneurs,Import général,1,297,Transporteur B,Thiès,69.4,Mardi,sèche,dédouané avant arrivée,49.9,43.4,False,147665
CRI-01197,2024-04-16,Terminal à Conteneurs,Import général,2,467,Transporteur F,Bamako (Mali),1277.5,Mardi,sèche,dédouanement en cours,89.0,76.6,True,1125937
CRI-01198,2024-04-16,Terminal à Conteneurs,Denrées alimentaires,2,351,Transporteur G,Kaolack,197.3,Mardi,sèche,dédouané avant arrivée,65.3,28.5,False,266393
CRI-01199,2024-04-16,Môle 1,Biens de consommation,1,361,Transporteur B,Bamako (Mali),1207.5,Mardi,sèche,dédouanement en cours,80.8,39.0,False,266947
CRI-01200,2024-04-16,Terminal à Conteneurs,Biens de consommation,2,437,Transporteur G,Thiès,70.8,Mardi,sèche,dédouanement en cours,98.7,51.6,False,1011385
CRI-01201,2024-04-16,Môle 8,Équipements industriels,2,432,Transporteur indépendant,Thiès,67.5,Mardi,sèche,dédouané avant arrivée,72.0,52.7,False,674479
CRI-01202,2024-04-16,Môle 1,Denrées alimentaires,1,368,Transporteur G,Ziguinchor,453.3,Mardi,sèche,dédouanement en cours,66.1,53.2,False,319177
CRI-01203,2024-04-16,Môle 1,Import général,1,392,Transporteur D,Thiès,70.2,Mardi,sèche,dédouanement en cours,91.4,53.6,False,406083
CRI-01204,2024-04-16,Terminal Roulier,Hydrocarbures,1,418,Transporteur D,Tambacounda,485.7,Mardi,sèche,dédouanement en cours,104.5,71.0,False,532446
CRI-01205,2024-04-16,Môle 1,Import général,1,424,Transporteur F,Kayes (Mali),905.5,Mardi,sèche,bloqué (litige/documents),142.1,47.3,True,639987
CRI-01206,2024-04-16,Terminal à Conteneurs,Biens de consommation,2,466,Transporteur G,Dakar (local),20.2,Mardi,sèche,dédouanement en cours,81.5,94.2,False,1012333
CRI-01207,2024-04-17,Môle 1,Import général,2,317,Transporteur B,Thiès,69.9,Mercredi,sèche,bloqué (litige/documents),86.7,32.2,False,631380
CRI-01208,2024-04-17,Terminal Roulier,Hydrocarbures,1,346,Transporteur indépendant,Dakar (local),18.9,Mercredi,sèche,dédouanement en cours,97.3,19.0,False,274841
CRI-01209,2024-04-17,Môle 1,Hydrocarbures,1,417,Transporteur C,Dakar (local),20.5,Mercredi,sèche,dédouanement en cours,82.7,79.5,False,630064
CRI-01210,2024-04-17,Terminal à Conteneurs,Biens de consommation,2,289,Transporteur G,Bamako (Mali),1215.0,Mercredi,sèche,bloqué (litige/documents),134.9,42.0,False,1204647
CRI-01211,2024-04-17,Môle 8,Import général,3,338,Transporteur F,Kayes (Mali),916.2,Mercredi,sèche,bloqué (litige/documents),76.4,32.2,True,673552
CRI-01212,2024-04-17,Terminal à Conteneurs,Denrées alimentaires,3,298,Transporteur E,Thiès,70.0,Mercredi,sèche,dédouané avant arrivée,56.1,51.6,False,489448
CRI-01213,2024-04-17,Môle 8,Hydrocarbures,1,375,Transporteur B,Bamako (Mali),1146.1,Mercredi,sèche,dédouané avant arrivée,42.7,75.4,False,297546
CRI-01214,2024-04-17,Terminal à Conteneurs,Matériaux de construction,1,367,Transporteur F,Bamako (Mali),1263.2,Mercredi,sèche,dédouanement en cours,86.9,31.9,False,220344
CRI-01215,2024-04-17,Terminal à Conteneurs,Matériaux de construction,1,415,Transporteur D,Dakar (local),19.3,Mercredi,sèche,bloqué (litige/documents),97.6,40.3,False,374006
CRI-01216,2024-04-17,Môle 3,Équipements industriels,1,264,Transporteur A,Ziguinchor,478.8,Mercredi,sèche,bloqué (litige/documents),90.1,47.3,False,415826
CRI-01217,2024-04-17,Terminal à Conteneurs,Import général,1,351,Transporteur E,Kaolack,194.0,Mercredi,sèche,dédouané avant arrivée,35.0,29.4,False,0
CRI-01218,2024-04-17,Terminal à Conteneurs,Import général,2,441,Transporteur C,Kayes (Mali),985.6,Mercredi,sèche,dédouané avant arrivée,79.9,50.2,True,686491
CRI-01219,2024-04-17,Môle 3,Équipements industriels,3,366,Transporteur indépendant,Dakar (local),20.2,Mercredi,sèche,dédouanement en cours,111.9,72.0,False,1854635
CRI-01220,2024-04-17,Môle 3,Matériaux de construction,2,411,Transporteur B,Bamako (Mali),1167.3,Mercredi,sèche,dédouané avant arrivée,62.4,57.9,True,610474
CRI-01221,2024-04-17,Môle 1,Import général,2,449,Transporteur B,Bamako (Mali),1272.5,Mercredi,sèche,dédouané avant arrivée,53.8,38.8,True,189443
CRI-01222,2024-04-18,Terminal Roulier,Import général,1,320,Transporteur G,Dakar (local),20.2,Jeudi,sèche,dédouané avant arrivée,77.1,39.8,False,219233
CRI-01223,2024-04-18,Terminal à Conteneurs,Denrées alimentaires,3,397,Transporteur D,Touba,192.2,Jeudi,sèche,dédouané avant arrivée,77.9,32.3,False,604948
CRI-01224,2024-04-18,Terminal à Conteneurs,Hydrocarbures,1,361,Transporteur B,Kaédi (Mauritanie),487.0,Jeudi,sèche,dédouanement en cours,81.5,46.7,False,311070
CRI-01225,2024-04-18,Môle 1,Denrées alimentaires,1,409,Transporteur G,Touba,189.1,Jeudi,sèche,dédouanement en cours,81.3,54.9,False,300507
CRI-01226,2024-04-18,Terminal à Conteneurs,Hydrocarbures,2,412,Transporteur indépendant,Dakar (local),20.2,Jeudi,sèche,dédouanement en cours,103.3,31.0,False,563485
CRI-01227,2024-04-18,Terminal à Conteneurs,Import général,1,259,Transporteur B,Bamako (Mali),1233.8,Jeudi,sèche,dédouané avant arrivée,64.0,25.3,False,102189
CRI-01228,2024-04-18,Terminal à Conteneurs,Import général,2,356,Transporteur indépendant,Kaédi (Mauritanie),454.2,Jeudi,sèche,dédouané avant arrivée,65.1,33.7,False,286509
CRI-01229,2024-04-18,Terminal à Conteneurs,Biens de consommation,1,374,Transporteur A,Dakar (local),19.1,Jeudi,sèche,dédouanement en cours,104.6,47.1,False,400858
CRI-01230,2024-04-18,Môle 1,Matériaux de construction,1,361,Transporteur F,Thiès,72.3,Jeudi,sèche,dédouanement en cours,82.2,64.3,False,501927
CRI-01231,2024-04-18,Terminal à Conteneurs,Hydrocarbures,1,253,Transporteur E,Dakar (local),20.6,Jeudi,sèche,dédouanement en cours,61.9,22.3,False,60464
CRI-01232,2024-04-19,Môle 3,Import général,1,388,Transporteur E,Dakar (local),20.8,Vendredi,sèche,dédouané avant arrivée,68.8,77.3,False,507262
CRI-01233,2024-04-19,Môle 8,Import général,2,336,Transporteur indépendant,Dakar (local),19.4,Vendredi,sèche,dédouanement en cours,36.4,30.2,False,0
CRI-01234,2024-04-19,Terminal à Conteneurs,Denrées alimentaires,1,370,Transporteur B,Ziguinchor,451.6,Vendredi,sèche,dédouané avant arrivée,44.3,41.8,False,97073
CRI-01235,2024-04-19,Terminal à Conteneurs,Import général,2,378,Transporteur B,Thiès,68.0,Vendredi,sèche,dédouané avant arrivée,62.8,48.5,False,503169
CRI-01236,2024-04-19,Môle 1,Denrées alimentaires,1,383,Transporteur indépendant,Thiès,68.4,Vendredi,sèche,bloqué (litige/documents),102.3,88.3,False,746317
CRI-01237,2024-04-19,Môle 3,Biens de consommation,1,295,Transporteur C,Kayes (Mali),972.4,Vendredi,sèche,dédouanement en cours,67.5,36.5,False,214403
CRI-01238,2024-04-19,Môle 8,Denrées alimentaires,3,421,Transporteur B,Dakar (local),19.8,Vendredi,sèche,dédouanement en cours,80.8,48.1,False,1081754
CRI-01239,2024-04-19,Môle 3,Import général,2,335,Transporteur C,Dakar (local),19.8,Vendredi,sèche,dédouanement en cours,94.1,58.1,False,779018
CRI-01240,2024-04-19,Môle 8,Biens de consommation,1,374,Transporteur A,Bamako (Mali),1149.4,Vendredi,sèche,dédouanement en cours,85.7,36.3,True,343824
CRI-01241,2024-04-19,Môle 1,Équipements industriels,2,304,Transporteur D,Dakar (local),21.1,Vendredi,sèche,dédouané avant arrivée,39.1,33.8,False,8286
CRI-01242,2024-04-19,Terminal à Conteneurs,Équipements industriels,1,327,Transporteur C,Kayes (Mali),992.4,Vendredi,sèche,dédouanement en cours,65.9,25.0,False,131087
CRI-01243,2024-04-19,Môle 1,Import général,1,250,Transporteur B,Bamako (Mali),1264.7,Vendredi,sèche,dédouané avant arrivée,33.3,41.7,False,15863
CRI-01244,2024-04-19,Môle 3,Matériaux de construction,1,326,Transporteur D,Kaolack,190.6,Vendredi,sèche,dédouanement en cours,90.4,24.6,False,201149
CRI-01245,2024-04-19,Terminal à Conteneurs,Biens de consommation,2,298,Transporteur F,Dakar (local),21.2,Vendredi,sèche,dédouané avant arrivée,55.1,37.6,False,279458
CRI-01246,2024-04-19,Terminal Roulier,Hydrocarbures,1,290,Transporteur indépendant,Kaolack,184.0,Vendredi,sèche,dédouané avant arrivée,61.6,28.3,False,103428
CRI-01247,2024-04-20,Môle 1,Hydrocarbures,2,356,Transporteur B,Tambacounda,475.5,Samedi,sèche,dédouané avant arrivée,46.1,27.5,False,20052
CRI-01248,2024-04-20,Terminal à Conteneurs,Hydrocarbures,4,338,Transporteur E,Dakar (local),19.0,Samedi,sèche,dédouanement en cours,77.2,46.0,False,1146579
CRI-01249,2024-04-20,Terminal à Conteneurs,Denrées alimentaires,1,406,Transporteur D,Thiès,67.4,Samedi,sèche,dédouanement en cours,100.0,91.3,False,791623
CRI-01250,2024-04-20,Terminal à Conteneurs,Import général,2,304,Transporteur D,Thiès,71.7,Samedi,sèche,dédouanement en cours,68.3,15.7,False,129647
CRI-01251,2024-04-20,Terminal à Conteneurs,Biens de consommation,1,341,Transporteur G,Ziguinchor,473.1,Samedi,sèche,dédouanement en cours,44.4,48.7,False,129122
CRI-01252,2024-04-20,Terminal à Conteneurs,Biens de consommation,1,323,Transporteur C,Kayes (Mali),960.0,Samedi,sèche,dédouanement en cours,131.2,53.7,False,635455
CRI-01253,2024-04-20,Môle 3,Denrées alimentaires,1,378,Transporteur F,Thiès,68.1,Samedi,sèche,bloqué (litige/documents),67.2,55.5,False,308106
CRI-01254,2024-04-20,Terminal à Conteneurs,Équipements industriels,2,335,Transporteur B,Ziguinchor,453.6,Samedi,sèche,dédouané avant arrivée,77.8,65.0,False,699431
CRI-01255,2024-04-21,Môle 8,Import général,1,288,Transporteur G,Kaolack,197.1,Dimanche,sèche,dédouané avant arrivée,62.3,45.6,False,223466
CRI-01256,2024-04-21,Terminal Roulier,Denrées alimentaires,1,265,Transporteur indépendant,Kaolack,195.2,Dimanche,sèche,dédouané avant arrivée,95.6,40.6,False,443458
CRI-01257,2024-04-21,Môle 8,Équipements industriels,1,297,Transporteur E,Tambacounda,474.5,Dimanche,sèche,dédouané avant arrivée,53.6,36.8,True,83046
CRI-01258,2024-04-21,Môle 3,Denrées alimentaires,1,231,Transporteur A,Dakar (local),20.1,Dimanche,sèche,dédouanement en cours,49.3,30.5,False,53078
CRI-01259,2024-04-21,Môle 1,Biens de consommation,2,200,Transporteur G,Bamako (Mali),1268.2,Dimanche,sèche,dédouanement en cours,75.0,18.5,False,273796
CRI-01260,2024-04-21,Môle 8,Import général,1,263,Transporteur A,Tambacounda,467.5,Dimanche,sèche,dédouanement en cours,55.5,27.2,False,66119
CRI-01261,2024-04-21,Terminal à Conteneurs,Hydrocarbures,1,243,Transporteur G,Bamako (Mali),1214.5,Dimanche,sèche,dédouané avant arrivée,53.6,51.1,True,174927
CRI-01262,2024-04-21,Môle 3,Matériaux de construction,1,273,Transporteur indépendant,Bamako (Mali),1209.3,Dimanche,sèche,dédouané avant arrivée,40.6,46.5,True,100046
CRI-01263,2024-04-22,Môle 8,Équipements industriels,2,347,Transporteur indépendant,Thiès,69.5,Lundi,sèche,dédouanement en cours,70.4,42.9,False,521534
CRI-01264,2024-04-22,Terminal Roulier,Import général,2,475,Transporteur indépendant,Kaolack,198.2,Lundi,sèche,bloqué (litige/documents),118.8,49.8,False,925247
CRI-01265,2024-04-22,Môle 3,Matériaux de construction,1,438,Transporteur C,Kaédi (Mauritanie),488.3,Lundi,sèche,dédouanement en cours,97.3,43.8,False,436331
CRI-01266,2024-04-22,Terminal à Conteneurs,Matériaux de construction,1,362,Transporteur indépendant,Touba,193.8,Lundi,sèche,bloqué (litige/documents),162.3,43.9,False,752983
CRI-01267,2024-04-22,Terminal Roulier,Biens de consommation,1,498,Transporteur indépendant,Thiès,71.5,Lundi,sèche,bloqué (litige/documents),153.6,41.5,False,772748
CRI-01268,2024-04-22,Terminal à Conteneurs,Hydrocarbures,1,404,Transporteur F,Kaolack,187.2,Lundi,sèche,dédouané avant arrivée,51.2,42.5,False,131551
CRI-01269,2024-04-22,Môle 8,Biens de consommation,2,461,Transporteur C,Kaolack,192.7,Lundi,sèche,dédouané avant arrivée,52.3,56.9,False,521720
CRI-01270,2024-04-22,Terminal Roulier,Hydrocarbures,1,416,Transporteur F,Ziguinchor,431.9,Lundi,sèche,dédouanement en cours,93.5,46.2,False,349879
CRI-01271,2024-04-22,Môle 1,Équipements industriels,1,304,Transporteur A,Kayes (Mali),1005.9,Lundi,sèche,dédouané avant arrivée,47.9,36.3,False,79775
CRI-01272,2024-04-22,Môle 3,Biens de consommation,2,333,Transporteur E,Dakar (local),19.0,Lundi,sèche,dédouané avant arrivée,54.3,42.4,False,295037
CRI-01273,2024-04-22,Môle 1,Biens de consommation,3,372,Transporteur E,Thiès,72.2,Lundi,sèche,dédouanement en cours,59.7,39.5,False,439143
CRI-01274,2024-04-22,Terminal à Conteneurs,Import général,1,474,Transporteur indépendant,Ziguinchor,456.8,Lundi,sèche,dédouanement en cours,95.9,67.4,True,599967
CRI-01275,2024-04-23,Terminal à Conteneurs,Équipements industriels,1,363,Transporteur B,Bamako (Mali),1219.0,Mardi,sèche,dédouanement en cours,61.3,43.7,False,185993
CRI-01276,2024-04-23,Môle 8,Import général,3,470,Transporteur B,Touba,184.3,Mardi,sèche,bloqué (litige/documents),144.6,62.5,False,1967131
CRI-01277,2024-04-23,Terminal Roulier,Équipements industriels,1,533,Transporteur B,Ziguinchor,474.8,Mardi,sèche,dédouané avant arrivée,44.6,89.0,True,381363
CRI-01278,2024-04-23,Terminal à Conteneurs,Import général,1,387,Transporteur E,Ziguinchor,460.5,Mardi,sèche,dédouanement en cours,93.6,39.7,False,395163
CRI-01279,2024-04-23,Môle 8,Matériaux de construction,2,469,Transporteur E,Kayes (Mali),1015.8,Mardi,sèche,dédouané avant arrivée,73.0,61.0,True,794701
CRI-01280,2024-04-23,Terminal à Conteneurs,Biens de consommation,2,401,Transporteur A,Touba,193.0,Mardi,sèche,dédouané avant arrivée,72.8,61.1,False,809196
CRI-01281,2024-04-23,Terminal à Conteneurs,Denrées alimentaires,1,509,Transporteur B,Bamako (Mali),1232.4,Mardi,sèche,dédouanement en cours,60.3,40.1,True,132729
CRI-01282,2024-04-23,Môle 8,Import général,4,500,Transporteur G,Dakar (local),21.5,Mardi,sèche,bloqué (litige/documents),120.1,83.9,False,3241599
CRI-01283,2024-04-23,Terminal à Conteneurs,Import général,1,443,Transporteur E,Bamako (Mali),1193.0,Mardi,sèche,dédouané avant arrivée,53.9,65.8,True,326865
CRI-01284,2024-04-23,Môle 8,Biens de consommation,2,401,Transporteur indépendant,Dakar (local),19.9,Mardi,sèche,bloqué (litige/documents),87.3,31.2,True,456325
CRI-01285,2024-04-23,Môle 8,Denrées alimentaires,1,439,Transporteur indépendant,Dakar (local),20.7,Mardi,sèche,dédouanement en cours,74.6,41.2,False,299151
CRI-01286,2024-04-24,Môle 1,Import général,1,342,Transporteur C,Bamako (Mali),1290.3,Mercredi,sèche,dédouané avant arrivée,60.3,27.4,True,83232
CRI-01287,2024-04-24,Môle 1,Denrées alimentaires,1,398,Transporteur D,Tambacounda,479.6,Mercredi,sèche,dédouané avant arrivée,63.6,76.9,False,390663
CRI-01288,2024-04-24,Terminal Roulier,Import général,1,406,Transporteur A,Tambacounda,455.1,Mercredi,sèche,dédouané avant arrivée,69.0,94.1,False,634781
CRI-01289,2024-04-24,Môle 1,Équipements industriels,2,289,Transporteur B,Dakar (local),19.3,Mercredi,sèche,dédouanement en cours,57.6,22.9,False,92543
CRI-01290,2024-04-24,Terminal à Conteneurs,Hydrocarbures,1,376,Transporteur E,Kaolack,189.1,Mercredi,sèche,dédouanement en cours,81.8,67.5,False,462120
CRI-01291,2024-04-24,Terminal à Conteneurs,Denrées alimentaires,1,382,Transporteur G,Tambacounda,511.2,Mercredi,sèche,dédouanement en cours,61.3,56.0,False,309878
CRI-01292,2024-04-24,Terminal Roulier,Denrées alimentaires,2,350,Transporteur D,Touba,189.6,Mercredi,sèche,dédouané avant arrivée,76.2,17.2,False,228873
CRI-01293,2024-04-25,Môle 1,Équipements industriels,3,279,Transporteur B,Touba,195.8,Jeudi,sèche,dédouanement en cours,45.0,41.8,False,281492
CRI-01294,2024-04-25,Terminal à Conteneurs,Matériaux de construction,1,393,Transporteur E,Kayes (Mali),941.7,Jeudi,sèche,dédouanement en cours,63.2,39.4,True,214149
CRI-01295,2024-04-25,Môle 1,Biens de consommation,1,434,Transporteur D,Bamako (Mali),1226.1,Jeudi,sèche,dédouané avant arrivée,86.5,40.3,True,313597
CRI-01296,2024-04-25,Terminal à Conteneurs,Import général,2,337,Transporteur E,Kaolack,182.7,Jeudi,sèche,dédouanement en cours,113.2,62.8,False,1100145
CRI-01297,2024-04-25,Môle 3,Import général,4,353,Transporteur D,Dakar (local),20.2,Jeudi,sèche,bloqué (litige/documents),122.6,37.9,False,1654610
CRI-01298,2024-04-25,Terminal Roulier,Denrées alimentaires,2,394,Transporteur F,Tambacounda,451.0,Jeudi,sèche,dédouané avant arrivée,74.8,57.4,False,665193
CRI-01299,2024-04-25,Môle 3,Équipements industriels,4,388,Transporteur E,Tambacounda,441.7,Jeudi,sèche,dédouanement en cours,86.8,37.4,True,1161883
CRI-01300,2024-04-25,Môle 3,Hydrocarbures,1,306,Transporteur F,Kaolack,191.2,Jeudi,sèche,bloqué (litige/documents),102.1,20.9,False,298451
CRI-01301,2024-04-25,Môle 1,Denrées alimentaires,4,377,Transporteur G,Touba,185.6,Jeudi,sèche,dédouanement en cours,56.9,49.6,False,886162
CRI-01302,2024-04-26,Môle 1,Équipements industriels,1,394,Transporteur C,Dakar (local),19.7,Vendredi,sèche,bloqué (litige/documents),111.0,68.9,False,750603
CRI-01303,2024-04-26,Môle 3,Matériaux de construction,1,343,Transporteur D,Kayes (Mali),939.6,Vendredi,sèche,dédouané avant arrivée,24.5,43.1,True,0
CRI-01304,2024-04-26,Terminal à Conteneurs,Import général,2,395,Transporteur B,Dakar (local),20.0,Vendredi,sèche,dédouanement en cours,66.7,54.6,False,528808
CRI-01305,2024-04-26,Môle 3,Matériaux de construction,4,388,Transporteur A,Touba,183.3,Vendredi,sèche,dédouané avant arrivée,68.2,45.6,False,1125767
CRI-01306,2024-04-26,Terminal à Conteneurs,Denrées alimentaires,2,348,Transporteur E,Dakar (local),20.1,Vendredi,sèche,dédouané avant arrivée,44.6,34.2,False,95051
CRI-01307,2024-04-26,Terminal Roulier,Import général,1,349,Transporteur B,Bamako (Mali),1197.0,Vendredi,sèche,dédouané avant arrivée,39.7,60.8,False,136855
CRI-01308,2024-04-26,Môle 3,Denrées alimentaires,1,391,Transporteur B,Bamako (Mali),1158.6,Vendredi,sèche,dédouané avant arrivée,77.6,85.4,True,427405
CRI-01309,2024-04-26,Môle 8,Matériaux de construction,3,382,Transporteur F,Ziguinchor,454.4,Vendredi,sèche,dédouané avant arrivée,52.9,62.8,True,641056
CRI-01310,2024-04-26,Terminal à Conteneurs,Biens de consommation,2,328,Transporteur A,Bamako (Mali),1197.0,Vendredi,sèche,dédouanement en cours,81.4,46.1,True,718255
CRI-01311,2024-04-26,Terminal à Conteneurs,Import général,1,420,Transporteur A,Dakar (local),19.9,Vendredi,sèche,bloqué (litige/documents),81.4,33.0,False,233024
CRI-01312,2024-04-26,Terminal Roulier,Hydrocarbures,1,369,Transporteur C,Touba,195.4,Vendredi,sèche,dédouanement en cours,78.4,69.6,False,411607
CRI-01313,2024-04-26,Môle 3,Import général,1,375,Transporteur B,Kayes (Mali),997.3,Vendredi,sèche,dédouanement en cours,51.7,51.7,False,148968
CRI-01314,2024-04-26,Terminal à Conteneurs,Import général,2,319,Transporteur E,Kayes (Mali),901.5,Vendredi,sèche,dédouanement en cours,69.0,19.8,False,180246
CRI-01315,2024-04-26,Terminal à Conteneurs,Import général,1,310,Transporteur indépendant,Kaédi (Mauritanie),469.2,Vendredi,sèche,dédouané avant arrivée,52.8,28.8,False,45642
CRI-01316,2024-04-27,Terminal Roulier,Biens de consommation,3,371,Transporteur E,Touba,188.1,Samedi,sèche,dédouané avant arrivée,114.3,49.0,False,1882813
CRI-01317,2024-04-27,Terminal Roulier,Matériaux de construction,1,342,Transporteur C,Bamako (Mali),1203.1,Samedi,sèche,bloqué (litige/documents),100.2,29.7,True,273354
CRI-01318,2024-04-27,Terminal à Conteneurs,Biens de consommation,1,398,Transporteur A,Thiès,71.3,Samedi,sèche,dédouané avant arrivée,101.9,32.0,False,288653
CRI-01319,2024-04-27,Môle 1,Denrées alimentaires,1,374,Transporteur F,Ziguinchor,458.1,Samedi,sèche,dédouanement en cours,104.7,57.7,False,520058
CRI-01320,2024-04-27,Môle 3,Hydrocarbures,1,409,Transporteur A,Tambacounda,486.7,Samedi,sèche,dédouané avant arrivée,62.8,53.3,False,299068
CRI-01321,2024-04-28,Môle 8,Import général,1,268,Transporteur D,Bamako (Mali),1206.5,Dimanche,sèche,dédouanement en cours,84.8,45.4,True,349296
CRI-01322,2024-04-28,Terminal Roulier,Import général,3,242,Transporteur G,Thiès,67.1,Dimanche,sèche,dédouanement en cours,80.1,26.6,False,649231
CRI-01323,2024-04-28,Môle 1,Hydrocarbures,2,274,Transporteur F,Bamako (Mali),1144.6,Dimanche,sèche,dédouanement en cours,51.9,39.0,False,241142
CRI-01324,2024-04-28,Môle 1,Matériaux de construction,1,286,Transporteur indépendant,Kayes (Mali),969.2,Dimanche,sèche,dédouanement en cours,60.6,40.3,False,168448
CRI-01325,2024-04-28,Môle 8,Matériaux de construction,1,303,Transporteur G,Kaolack,201.4,Dimanche,sèche,dédouanement en cours,48.2,30.4,False,35623
CRI-01326,2024-04-28,Terminal à Conteneurs,Import général,1,281,Transporteur C,Kaédi (Mauritanie),469.3,Dimanche,sèche,dédouané avant arrivée,28.4,24.7,False,0
CRI-01327,2024-04-28,Môle 1,Denrées alimentaires,2,258,Transporteur C,Thiès,72.6,Dimanche,sèche,dédouané avant arrivée,41.7,51.0,False,287712
CRI-01328,2024-04-28,Môle 8,Matériaux de construction,1,266,Transporteur F,Ziguinchor,434.1,Dimanche,sèche,bloqué (litige/documents),130.7,27.5,False,541739
CRI-01329,2024-04-28,Terminal Roulier,Denrées alimentaires,1,249,Transporteur F,Thiès,68.7,Dimanche,sèche,dédouané avant arrivée,57.6,41.2,False,121582
CRI-01330,2024-04-28,Môle 1,Denrées alimentaires,3,256,Transporteur E,Kayes (Mali),950.7,Dimanche,sèche,dédouanement en cours,52.1,27.3,False,132450
CRI-01331,2024-04-29,Môle 1,Import général,3,407,Transporteur A,Dakar (local),20.9,Lundi,sèche,bloqué (litige/documents),106.9,60.3,False,1539858
CRI-01332,2024-04-29,Terminal à Conteneurs,Denrées alimentaires,4,450,Transporteur D,Kayes (Mali),890.5,Lundi,sèche,dédouanement en cours,76.4,72.1,False,1540185
CRI-01333,2024-04-29,Môle 1,Import général,1,412,Transporteur B,Touba,194.0,Lundi,sèche,dédouanement en cours,73.0,34.0,False,161442
CRI-01334,2024-04-29,Terminal à Conteneurs,Biens de consommation,1,436,Transporteur G,Bamako (Mali),1182.5,Lundi,sèche,dédouané avant arrivée,67.0,49.1,True,292027
CRI-01335,2024-04-29,Môle 8,Biens de consommation,2,456,Transporteur A,Kaolack,185.7,Lundi,sèche,dédouanement en cours,146.4,42.5,False,1053083
CRI-01336,2024-04-29,Môle 1,Équipements industriels,1,398,Transporteur B,Dakar (local),19.8,Lundi,sèche,dédouanement en cours,71.1,67.2,False,402420
CRI-01337,2024-04-29,Terminal à Conteneurs,Biens de consommation,2,301,Transporteur C,Kaolack,185.1,Lundi,sèche,dédouané avant arrivée,63.1,31.8,False,210082
CRI-01338,2024-04-29,Terminal à Conteneurs,Import général,1,484,Transporteur C,Kaolack,177.8,Lundi,sèche,dédouanement en cours,111.3,64.6,False,620124
CRI-01339,2024-04-29,Terminal à Conteneurs,Matériaux de construction,2,442,Transporteur G,Ziguinchor,465.0,Lundi,sèche,dédouanement en cours,122.1,36.6,True,831626
CRI-01340,2024-04-29,Terminal Roulier,Import général,1,439,Transporteur C,Tambacounda,493.8,Lundi,sèche,dédouané avant arrivée,124.0,41.6,True,487651
CRI-01341,2024-04-29,Terminal Roulier,Biens de consommation,1,367,Transporteur D,Kaolack,185.3,Lundi,sèche,dédouané avant arrivée,55.0,64.0,False,225036
CRI-01342,2024-04-30,Terminal à Conteneurs,Hydrocarbures,1,382,Transporteur A,Thiès,69.1,Mardi,sèche,bloqué (litige/documents),71.9,58.9,False,323915
CRI-01343,2024-04-30,Môle 3,Import général,1,382,Transporteur E,Kaolack,186.7,Mardi,sèche,dédouanement en cours,60.6,41.0,False,201053
CRI-01344,2024-04-30,Terminal Roulier,Import général,2,400,Transporteur indépendant,Bamako (Mali),1273.8,Mardi,sèche,dédouanement en cours,77.0,59.5,True,641397
CRI-01345,2024-04-30,Môle 8,Matériaux de construction,2,372,Transporteur G,Tambacounda,470.7,Mardi,sèche,dédouané avant arrivée,72.7,46.8,False,545473
CRI-01346,2024-04-30,Terminal à Conteneurs,Biens de consommation,1,366,Transporteur F,Kayes (Mali),973.4,Mardi,sèche,dédouanement en cours,96.4,52.4,False,363117
CRI-01347,2024-04-30,Môle 3,Matériaux de construction,1,514,Transporteur C,Dakar (local),19.9,Mardi,sèche,dédouané avant arrivée,57.5,80.4,False,402010
CRI-01348,2024-04-30,Terminal à Conteneurs,Denrées alimentaires,1,355,Transporteur F,Ziguinchor,456.7,Mardi,sèche,dédouanement en cours,61.8,50.4,False,196301
CRI-01349,2024-04-30,Terminal Roulier,Hydrocarbures,2,466,Transporteur D,Thiès,71.0,Mardi,sèche,dédouané avant arrivée,93.1,49.0,False,900075
CRI-01350,2024-04-30,Terminal à Conteneurs,Denrées alimentaires,1,444,Transporteur C,Dakar (local),19.7,Mardi,sèche,bloqué (litige/documents),72.2,81.6,False,372004
CRI-01351,2024-04-30,Môle 1,Équipements industriels,1,386,Transporteur B,Touba,193.4,Mardi,sèche,dédouanement en cours,79.5,69.3,False,423837
CRI-01352,2024-05-01,Terminal Roulier,Matériaux de construction,1,386,Transporteur G,Bamako (Mali),1265.3,Mercredi,sèche,dédouanement en cours,55.6,27.6,False,73965
CRI-01353,2024-05-01,Terminal à Conteneurs,Denrées alimentaires,2,305,Transporteur B,Touba,189.8,Mercredi,sèche,dédouanement en cours,55.3,34.5,False,236642
CRI-01354,2024-05-01,Môle 3,Biens de consommation,1,338,Transporteur C,Dakar (local),20.4,Mercredi,sèche,dédouanement en cours,41.9,69.0,False,242444
CRI-01355,2024-05-01,Terminal à Conteneurs,Biens de consommation,1,404,Transporteur B,Kayes (Mali),1012.3,Mercredi,sèche,dédouanement en cours,34.8,67.0,False,202763
CRI-01356,2024-05-01,Môle 3,Import général,2,267,Transporteur B,Dakar (local),20.3,Mercredi,sèche,dédouanement en cours,66.6,27.4,False,262664
CRI-01357,2024-05-01,Terminal Roulier,Import général,2,385,Transporteur A,Kayes (Mali),936.8,Mercredi,sèche,dédouané avant arrivée,34.1,69.5,False,349334
CRI-01358,2024-05-01,Môle 8,Denrées alimentaires,1,324,Transporteur B,Kaolack,190.4,Mercredi,sèche,dédouanement en cours,70.2,36.9,False,207243
CRI-01359,2024-05-01,Môle 8,Hydrocarbures,1,372,Transporteur G,Kayes (Mali),945.2,Mercredi,sèche,dédouanement en cours,41.9,37.2,True,45668
CRI-01360,2024-05-01,Terminal Roulier,Import général,2,298,Transporteur indépendant,Kaolack,191.5,Mercredi,sèche,dédouané avant arrivée,63.4,58.7,False,528849
CRI-01361,2024-05-01,Terminal à Conteneurs,Import général,1,341,Transporteur A,Ziguinchor,459.6,Mercredi,sèche,dédouanement en cours,37.5,49.0,False,87939
CRI-01362,2024-05-01,Terminal à Conteneurs,Matériaux de construction,2,366,Transporteur D,Dakar (local),20.3,Mercredi,sèche,dédouané avant arrivée,73.9,36.1,False,464860
CRI-01363,2024-05-01,Môle 3,Denrées alimentaires,2,413,Transporteur indépendant,Thiès,69.6,Mercredi,sèche,dédouanement en cours,125.2,38.4,False,1280899
CRI-01364,2024-05-02,Terminal à Conteneurs,Denrées alimentaires,1,408,Transporteur C,Dakar (local),20.2,Jeudi,sèche,dédouané avant arrivée,58.4,47.9,False,210783
CRI-01365,2024-05-02,Môle 3,Biens de consommation,1,341,Transporteur C,Kaolack,197.5,Jeudi,sèche,dédouané avant arrivée,49.2,62.1,False,181093
CRI-01366,2024-05-02,Môle 1,Import général,1,377,Transporteur C,Thiès,69.6,Jeudi,sèche,dédouanement en cours,83.8,50.9,False,428719
CRI-01367,2024-05-02,Môle 1,Denrées alimentaires,3,378,Transporteur F,Tambacounda,450.6,Jeudi,sèche,dédouané avant arrivée,64.9,32.1,False,476743
CRI-01368,2024-05-02,Môle 1,Hydrocarbures,1,358,Transporteur A,Tambacounda,460.8,Jeudi,sèche,dédouané avant arrivée,86.8,63.7,False,508566
CRI-01369,2024-05-02,Terminal à Conteneurs,Biens de consommation,1,454,Transporteur E,Thiès,70.0,Jeudi,sèche,dédouanement en cours,125.6,27.8,False,483302
CRI-01370,2024-05-02,Terminal à Conteneurs,Denrées alimentaires,1,399,Transporteur G,Touba,178.0,Jeudi,sèche,dédouané avant arrivée,81.7,62.6,False,414412
CRI-01371,2024-05-02,Môle 8,Denrées alimentaires,3,366,Transporteur indépendant,Dakar (local),19.4,Jeudi,sèche,dédouanement en cours,94.6,49.3,False,1434216
CRI-01372,2024-05-02,Môle 8,Import général,1,275,Transporteur G,Tambacounda,479.9,Jeudi,sèche,dédouané avant arrivée,47.3,35.0,False,63730
CRI-01373,2024-05-02,Terminal à Conteneurs,Biens de consommation,2,217,Transporteur F,Bamako (Mali),1251.9,Jeudi,sèche,dédouanement en cours,71.2,36.1,False,476341
CRI-01374,2024-05-02,Terminal à Conteneurs,Équipements industriels,1,372,Transporteur C,Dakar (local),19.4,Jeudi,sèche,bloqué (litige/documents),144.5,35.9,False,515502
CRI-01375,2024-05-02,Môle 3,Import général,1,426,Transporteur A,Dakar (local),19.7,Jeudi,sèche,dédouanement en cours,84.0,31.4,False,280806
CRI-01376,2024-05-03,Môle 1,Équipements industriels,1,351,Transporteur D,Kayes (Mali),964.6,Vendredi,sèche,dédouanement en cours,57.2,70.7,True,298540
CRI-01377,2024-05-03,Terminal à Conteneurs,Import général,2,322,Transporteur F,Kaolack,187.9,Vendredi,sèche,bloqué (litige/documents),94.3,22.1,False,494259
CRI-01378,2024-05-03,Terminal à Conteneurs,Denrées alimentaires,2,414,Transporteur C,Touba,190.5,Vendredi,sèche,dédouané avant arrivée,61.6,62.5,False,588511
CRI-01379,2024-05-03,Terminal Roulier,Matériaux de construction,1,332,Transporteur B,Bamako (Mali),1181.0,Vendredi,sèche,dédouané avant arrivée,26.6,47.1,True,10751
CRI-01380,2024-05-03,Terminal à Conteneurs,Import général,2,345,Transporteur D,Dakar (local),21.1,Vendredi,sèche,dédouanement en cours,52.3,41.5,False,252047
CRI-01381,2024-05-03,Terminal à Conteneurs,Biens de consommation,1,395,Transporteur D,Ziguinchor,445.3,Vendredi,sèche,dédouané avant arrivée,56.4,64.0,False,305225
CRI-01382,2024-05-03,Terminal à Conteneurs,Équipements industriels,2,383,Transporteur E,Thiès,67.6,Vendredi,sèche,dédouanement en cours,110.8,77.4,False,1619292
CRI-01383,2024-05-03,Môle 3,Hydrocarbures,2,388,Transporteur E,Dakar (local),20.0,Vendredi,sèche,dédouané avant arrivée,73.8,51.1,False,695567
CRI-01384,2024-05-04,Terminal à Conteneurs,Denrées alimentaires,4,336,Transporteur B,Bamako (Mali),1272.2,Samedi,sèche,dédouané avant arrivée,61.8,39.1,False,607175
CRI-01385,2024-05-04,Môle 8,Équipements industriels,1,423,Transporteur D,Bamako (Mali),1245.5,Samedi,sèche,dédouanement en cours,75.5,72.4,True,482103
CRI-01386,2024-05-04,Terminal à Conteneurs,Import général,3,391,Transporteur indépendant,Kaédi (Mauritanie),465.5,Samedi,sèche,bloqué (litige/documents),117.0,85.8,False,2528945
CRI-01387,2024-05-04,Terminal Roulier,Équipements industriels,2,421,Transporteur E,Dakar (local),19.3,Samedi,sèche,bloqué (litige/documents),147.7,45.8,False,1104862
CRI-01388,2024-05-04,Môle 3,Denrées alimentaires,3,360,Transporteur G,Dakar (local),19.5,Samedi,sèche,dédouanement en cours,82.8,30.7,False,812568
CRI-01389,2024-05-04,Môle 1,Import général,1,318,Transporteur A,Thiès,69.7,Samedi,sèche,dédouané avant arrivée,49.1,62.2,False,180214
CRI-01390,2024-05-04,Terminal à Conteneurs,Matériaux de construction,2,345,Transporteur F,Tambacounda,474.9,Samedi,sèche,dédouanement en cours,98.0,22.1,False,623982
CRI-01391,2024-05-04,Terminal à Conteneurs,Équipements industriels,1,320,Transporteur B,Dakar (local),20.3,Samedi,sèche,dédouanement en cours,76.3,33.5,False,171981
CRI-01392,2024-05-04,Terminal à Conteneurs,Matériaux de construction,1,299,Transporteur E,Touba,187.6,Samedi,sèche,dédouané avant arrivée,48.0,30.3,False,30975
CRI-01393,2024-05-05,Terminal à Conteneurs,Import général,1,284,Transporteur D,Kaolack,182.1,Dimanche,sèche,dédouané avant arrivée,59.1,36.0,False,107277
CRI-01394,2024-05-05,Môle 3,Import général,4,285,Transporteur G,Kaolack,198.9,Dimanche,sèche,dédouanement en cours,63.9,25.9,False,326290
CRI-01395,2024-05-05,Môle 3,Matériaux de construction,3,292,Transporteur E,Touba,189.6,Dimanche,sèche,dédouanement en cours,64.4,47.2,False,604710
CRI-01396,2024-05-05,Môle 1,Import général,1,274,Transporteur D,Kayes (Mali),975.7,Dimanche,sèche,dédouanement en cours,74.4,48.8,False,330199
CRI-01397,2024-05-05,Terminal Roulier,Denrées alimentaires,1,232,Transporteur C,Touba,198.7,Dimanche,sèche,dédouanement en cours,51.0,21.7,False,4121
CRI-01398,2024-05-05,Terminal à Conteneurs,Import général,2,282,Transporteur indépendant,Kayes (Mali),910.3,Dimanche,sèche,dédouané avant arrivée,72.2,27.4,False,361619
CRI-01399,2024-05-05,Môle 8,Denrées alimentaires,1,328,Transporteur indépendant,Kaolack,197.2,Dimanche,sèche,dédouanement en cours,70.6,35.7,False,164627
CRI-01400,2024-05-05,Môle 8,Hydrocarbures,1,299,Transporteur F,Kayes (Mali),987.7,Dimanche,sèche,bloqué (litige/documents),81.6,86.7,False,533975
CRI-01401,2024-05-05,Terminal à Conteneurs,Import général,1,228,Transporteur A,Bamako (Mali),1228.0,Dimanche,sèche,dédouanement en cours,69.8,43.7,False,282884
CRI-01402,2024-05-06,Môle 8,Import général,3,286,Transporteur indépendant,Kaédi (Mauritanie),462.5,Lundi,sèche,dédouanement en cours,72.1,34.0,True,647286
CRI-01403,2024-05-06,Terminal à Conteneurs,Matériaux de construction,1,381,Transporteur indépendant,Touba,193.2,Lundi,sèche,dédouanement en cours,111.7,87.1,False,631428
CRI-01404,2024-05-06,Terminal à Conteneurs,Matériaux de construction,2,456,Transporteur G,Kayes (Mali),936.0,Lundi,sèche,dédouané avant arrivée,60.9,85.3,True,947894
CRI-01405,2024-05-06,Môle 1,Biens de consommation,3,367,Transporteur E,Thiès,68.5,Lundi,sèche,dédouanement en cours,81.7,62.5,False,1135660
CRI-01406,2024-05-06,Terminal à Conteneurs,Import général,1,339,Transporteur C,Thiès,74.4,Lundi,sèche,dédouanement en cours,76.4,42.9,False,249307
CRI-01407,2024-05-06,Terminal Roulier,Équipements industriels,1,402,Transporteur A,Ziguinchor,434.2,Lundi,sèche,dédouané avant arrivée,55.9,34.7,False,111008
CRI-01408,2024-05-06,Môle 3,Hydrocarbures,1,434,Transporteur indépendant,Kayes (Mali),987.9,Lundi,sèche,dédouané avant arrivée,35.6,42.6,True,27682
CRI-01409,2024-05-06,Terminal à Conteneurs,Biens de consommation,2,340,Transporteur C,Dakar (local),19.5,Lundi,sèche,dédouanement en cours,90.6,44.1,False,693422
CRI-01410,2024-05-06,Terminal à Conteneurs,Hydrocarbures,1,381,Transporteur G,Kayes (Mali),960.1,Lundi,sèche,dédouanement en cours,75.1,59.0,False,332827
CRI-01411,2024-05-06,Môle 3,Import général,1,433,Transporteur A,Thiès,69.5,Lundi,sèche,dédouanement en cours,77.6,56.5,False,375153
CRI-01412,2024-05-07,Terminal à Conteneurs,Matériaux de construction,1,360,Transporteur B,Tambacounda,460.3,Mardi,sèche,dédouané avant arrivée,94.1,35.6,False,273782
CRI-01413,2024-05-07,Terminal Roulier,Hydrocarbures,2,321,Transporteur indépendant,Kayes (Mali),956.4,Mardi,sèche,dédouanement en cours,44.0,44.4,True,188870
CRI-01414,2024-05-07,Môle 8,Hydrocarbures,2,339,Transporteur G,Kayes (Mali),915.4,Mardi,sèche,dédouané avant arrivée,66.4,47.3,False,566655
CRI-01415,2024-05-07,Môle 8,Import général,4,471,Transporteur E,Bamako (Mali),1209.5,Mardi,sèche,dédouanement en cours,122.7,59.1,True,2937266
CRI-01416,2024-05-07,Môle 8,Import général,1,365,Transporteur E,Thiès,64.2,Mardi,sèche,dédouanement en cours,76.1,36.9,False,196063
CRI-01417,2024-05-07,Môle 8,Denrées alimentaires,1,378,Transporteur C,Ziguinchor,466.9,Mardi,sèche,dédouanement en cours,92.3,32.6,False,348541
CRI-01418,2024-05-07,Terminal à Conteneurs,Matériaux de construction,2,455,Transporteur F,Thiès,69.8,Mardi,sèche,dédouané avant arrivée,30.7,38.4,False,0
CRI-01419,2024-05-07,Môle 1,Matériaux de construction,1,360,Transporteur F,Kaolack,182.7,Mardi,sèche,dédouané avant arrivée,34.1,31.7,False,0
CRI-01420,2024-05-07,Terminal Roulier,Hydrocarbures,1,456,Transporteur B,Tambacounda,463.3,Mardi,sèche,bloqué (litige/documents),87.5,64.4,False,481898
CRI-01421,2024-05-07,Terminal Roulier,Import général,2,409,Transporteur B,Bamako (Mali),1241.0,Mardi,sèche,dédouané avant arrivée,89.2,35.7,False,550771
CRI-01422,2024-05-07,Môle 3,Denrées alimentaires,2,387,Transporteur D,Touba,182.3,Mardi,sèche,dédouané avant arrivée,59.7,29.0,False,194900
CRI-01423,2024-05-07,Terminal à Conteneurs,Biens de consommation,1,401,Transporteur G,Kayes (Mali),933.2,Mardi,sèche,dédouanement en cours,93.1,39.5,False,339397
CRI-01424,2024-05-07,Môle 3,Matériaux de construction,1,416,Transporteur B,Bamako (Mali),1226.5,Mardi,sèche,dédouanement en cours,85.4,62.5,True,505934
CRI-01425,2024-05-08,Môle 8,Biens de consommation,1,423,Transporteur F,Dakar (local),19.8,Mercredi,sèche,dédouané avant arrivée,58.8,43.6,False,203823
CRI-01426,2024-05-08,Môle 8,Denrées alimentaires,3,398,Transporteur E,Kayes (Mali),965.7,Mercredi,sèche,dédouané avant arrivée,71.6,51.1,True,700322
CRI-01427,2024-05-08,Môle 3,Biens de consommation,1,348,Transporteur indépendant,Thiès,68.8,Mercredi,sèche,dédouané avant arrivée,41.5,24.7,True,0
CRI-01428,2024-05-08,Terminal à Conteneurs,Import général,1,409,Transporteur G,Ziguinchor,445.7,Mercredi,sèche,dédouanement en cours,87.5,55.9,False,327538
CRI-01429,2024-05-08,Môle 1,Import général,1,349,Transporteur indépendant,Kaolack,189.0,Mercredi,sèche,dédouanement en cours,77.1,40.5,False,250748
CRI-01430,2024-05-08,Môle 8,Matériaux de construction,1,357,Transporteur F,Dakar (local),20.3,Mercredi,sèche,dédouanement en cours,71.0,44.1,False,300363
CRI-01431,2024-05-08,Môle 1,Matériaux de construction,2,368,Transporteur G,Kaolack,193.3,Mercredi,sèche,dédouané avant arrivée,35.0,45.4,False,106815
CRI-01432,2024-05-08,Môle 1,Équipements industriels,1,359,Transporteur B,Bamako (Mali),1237.8,Mercredi,sèche,dédouané avant arrivée,56.7,43.9,True,199593
CRI-01433,2024-05-08,Terminal à Conteneurs,Hydrocarbures,2,339,Transporteur F,Bamako (Mali),1180.8,Mercredi,sèche,dédouané avant arrivée,51.6,42.2,False,243716
CRI-01434,2024-05-08,Terminal à Conteneurs,Hydrocarbures,4,337,Transporteur A,Thiès,68.9,Mercredi,sèche,dédouanement en cours,65.3,63.6,False,1521223
CRI-01435,2024-05-08,Môle 8,Matériaux de construction,1,326,Transporteur G,Bamako (Mali),1205.1,Mercredi,sèche,dédouanement en cours,39.4,26.8,False,0
CRI-01436,2024-05-08,Môle 3,Import général,1,354,Transporteur C,Thiès,68.1,Mercredi,sèche,dédouané avant arrivée,96.2,45.8,False,423523
CRI-01437,2024-05-09,Môle 8,Import général,2,363,Transporteur G,Dakar (local),19.3,Jeudi,sèche,dédouanement en cours,79.3,34.3,False,472030
CRI-01438,2024-05-09,Môle 1,Import général,2,390,Transporteur indépendant,Kaolack,194.1,Jeudi,sèche,dédouané avant arrivée,49.2,45.4,False,250674
CRI-01439,2024-05-09,Terminal à Conteneurs,Matériaux de construction,1,354,Transporteur F,Kayes (Mali),953.7,Jeudi,sèche,dédouanement en cours,53.0,91.8,True,413284
CRI-01440,2024-05-09,Terminal à Conteneurs,Matériaux de construction,2,394,Transporteur B,Dakar (local),20.2,Jeudi,sèche,dédouané avant arrivée,63.2,55.7,False,468731
CRI-01441,2024-05-09,Môle 8,Import général,1,337,Transporteur F,Tambacounda,445.6,Jeudi,sèche,dédouanement en cours,74.2,25.9,False,194155
CRI-01442,2024-05-09,Terminal Roulier,Hydrocarbures,1,351,Transporteur C,Thiès,68.9,Jeudi,sèche,dédouanement en cours,53.4,50.8,False,150008
CRI-01443,2024-05-09,Môle 1,Biens de consommation,2,315,Transporteur indépendant,Tambacounda,454.8,Jeudi,sèche,dédouané avant arrivée,23.4,46.2,False,0
CRI-01444,2024-05-09,Terminal à Conteneurs,Hydrocarbures,1,379,Transporteur D,Thiès,72.3,Jeudi,sèche,dédouané avant arrivée,83.8,66.2,True,378287
CRI-01445,2024-05-09,Terminal Roulier,Denrées alimentaires,3,362,Transporteur A,Dakar (local),20.6,Jeudi,sèche,dédouanement en cours,61.3,15.3,False,63586
CRI-01446,2024-05-09,Terminal Roulier,Import général,1,386,Transporteur F,Dakar (local),20.0,Jeudi,sèche,dédouanement en cours,66.3,41.3,False,215233
CRI-01447,2024-05-10,Terminal à Conteneurs,Denrées alimentaires,2,335,Transporteur B,Tambacounda,474.9,Vendredi,sèche,dédouané avant arrivée,33.8,60.0,False,300565
CRI-01448,2024-05-10,Terminal à Conteneurs,Équipements industriels,1,373,Transporteur D,Bamako (Mali),1148.3,Vendredi,sèche,dédouanement en cours,95.7,74.1,True,440240
CRI-01449,2024-05-10,Terminal à Conteneurs,Matériaux de construction,1,346,Transporteur G,Kayes (Mali),955.0,Vendredi,sèche,dédouanement en cours,102.7,21.8,False,325599
CRI-01450,2024-05-10,Môle 1,Import général,2,326,Transporteur indépendant,Kaolack,190.0,Vendredi,sèche,dédouanement en cours,61.3,34.4,False,255161
CRI-01451,2024-05-10,Môle 8,Équipements industriels,1,366,Transporteur G,Bamako (Mali),1244.5,Vendredi,sèche,dédouané avant arrivée,54.8,76.0,True,289019
CRI-01452,2024-05-10,Terminal à Conteneurs,Import général,4,325,Transporteur A,Dakar (local),19.7,Vendredi,sèche,dédouanement en cours,119.5,19.7,False,1804135
CRI-01453,2024-05-10,Môle 1,Import général,1,421,Transporteur A,Ziguinchor,437.9,Vendredi,sèche,dédouané avant arrivée,41.8,81.4,True,274877
CRI-01454,2024-05-10,Terminal Roulier,Import général,1,302,Transporteur B,Kayes (Mali),934.9,Vendredi,sèche,dédouanement en cours,74.0,37.3,False,248775
CRI-01455,2024-05-10,Terminal à Conteneurs,Matériaux de construction,1,425,Transporteur C,Ziguinchor,464.3,Vendredi,sèche,dédouanement en cours,103.4,60.9,False,426782
CRI-01456,2024-05-10,Terminal Roulier,Import général,1,370,Transporteur F,Tambacounda,453.4,Vendredi,sèche,bloqué (litige/documents),92.1,57.8,True,480886
CRI-01457,2024-05-10,Môle 1,Denrées alimentaires,1,329,Transporteur F,Touba,182.0,Vendredi,sèche,dédouané avant arrivée,47.7,42.4,False,124733
CRI-01458,2024-05-10,Terminal à Conteneurs,Denrées alimentaires,1,293,Transporteur D,Bamako (Mali),1224.5,Vendredi,sèche,dédouanement en cours,68.9,29.5,True,141322
CRI-01459,2024-05-10,Terminal à Conteneurs,Import général,4,394,Transporteur indépendant,Touba,197.4,Vendredi,sèche,dédouané avant arrivée,39.4,54.9,False,583492
CRI-01460,2024-05-10,Môle 3,Import général,1,304,Transporteur indépendant,Kaédi (Mauritanie),485.6,Vendredi,sèche,dédouané avant arrivée,70.5,56.5,False,278213
CRI-01461,2024-05-11,Môle 8,Denrées alimentaires,2,382,Transporteur E,Tambacounda,476.7,Samedi,sèche,dédouané avant arrivée,55.8,51.9,False,333242
CRI-01462,2024-05-11,Terminal à Conteneurs,Import général,1,371,Transporteur C,Kayes (Mali),975.2,Samedi,sèche,dédouanement en cours,83.5,85.1,True,529792
CRI-01463,2024-05-11,Terminal à Conteneurs,Hydrocarbures,2,372,Transporteur F,Tambacounda,461.0,Samedi,sèche,dédouané avant arrivée,52.1,34.5,False,146473
CRI-01464,2024-05-11,Môle 3,Denrées alimentaires,1,332,Transporteur C,Tambacounda,459.5,Samedi,sèche,dédouanement en cours,91.4,66.9,False,516780
CRI-01465,2024-05-11,Terminal à Conteneurs,Denrées alimentaires,3,283,Transporteur C,Tambacounda,463.3,Samedi,sèche,dédouané avant arrivée,66.9,36.4,False,526921
CRI-01466,2024-05-11,Môle 1,Matériaux de construction,1,335,Transporteur D,Kayes (Mali),947.0,Samedi,sèche,dédouané avant arrivée,57.8,50.9,True,236984
CRI-01467,2024-05-11,Terminal Roulier,Biens de consommation,1,420,Transporteur A,Dakar (local),19.8,Samedi,sèche,dédouanement en cours,88.1,50.2,False,298986
CRI-01468,2024-05-11,Môle 1,Hydrocarbures,3,405,Transporteur C,Dakar (local),20.1,Samedi,sèche,dédouané avant arrivée,46.0,69.4,False,884532
CRI-01469,2024-05-11,Terminal à Conteneurs,Biens de consommation,2,373,Transporteur D,Dakar (local),20.9,Samedi,sèche,dédouanement en cours,67.7,43.0,False,471417
CRI-01470,2024-05-11,Terminal à Conteneurs,Import général,2,270,Transporteur B,Bamako (Mali),1227.7,Samedi,sèche,bloqué (litige/documents),132.4,40.0,False,1388629
CRI-01471,2024-05-12,Terminal à Conteneurs,Denrées alimentaires,1,260,Transporteur F,Touba,204.5,Dimanche,sèche,dédouanement en cours,57.2,34.1,False,134161
CRI-01472,2024-05-12,Terminal Roulier,Denrées alimentaires,2,267,Transporteur G,Touba,186.0,Dimanche,sèche,dédouané avant arrivée,65.5,55.8,False,492286
CRI-01473,2024-05-12,Terminal à Conteneurs,Matériaux de construction,2,257,Transporteur G,Ziguinchor,457.2,Dimanche,sèche,dédouané avant arrivée,82.9,40.3,False,607534
CRI-01474,2024-05-12,Terminal à Conteneurs,Import général,1,300,Transporteur D,Kaolack,188.1,Dimanche,sèche,dédouanement en cours,65.8,33.0,False,147130
CRI-01475,2024-05-12,Môle 8,Biens de consommation,1,268,Transporteur indépendant,Kaédi (Mauritanie),455.7,Dimanche,sèche,dédouanement en cours,62.9,41.9,False,155423
CRI-01476,2024-05-12,Terminal à Conteneurs,Denrées alimentaires,1,245,Transporteur B,Bamako (Mali),1185.5,Dimanche,sèche,dédouané avant arrivée,51.4,12.4,True,0
CRI-01477,2024-05-12,Môle 8,Hydrocarbures,1,197,Transporteur F,Kaolack,192.6,Dimanche,sèche,dédouané avant arrivée,57.8,16.2,False,10798
CRI-01478,2024-05-12,Terminal à Conteneurs,Import général,1,283,Transporteur C,Bamako (Mali),1282.3,Dimanche,sèche,dédouanement en cours,60.4,10.9,False,0
CRI-01479,2024-05-12,Terminal à Conteneurs,Équipements industriels,1,236,Transporteur C,Kayes (Mali),964.3,Dimanche,sèche,dédouané avant arrivée,55.4,27.1,False,58280
CRI-01480,2024-05-12,Terminal à Conteneurs,Import général,1,268,Transporteur G,Bamako (Mali),1220.0,Dimanche,sèche,dédouanement en cours,93.5,37.8,False,403313
CRI-01481,2024-05-12,Terminal à Conteneurs,Équipements industriels,2,253,Transporteur B,Kaédi (Mauritanie),481.6,Dimanche,sèche,dédouanement en cours,54.0,34.1,False,173301
CRI-01482,2024-05-12,Môle 1,Denrées alimentaires,1,243,Transporteur C,Thiès,71.9,Dimanche,sèche,dédouanement en cours,30.9,37.2,False,0
CRI-01483,2024-05-12,Môle 1,Biens de consommation,3,236,Transporteur A,Bamako (Mali),1201.8,Dimanche,sèche,dédouanement en cours,75.1,25.0,False,589398
CRI-01484,2024-05-12,Terminal à Conteneurs,Équipements industriels,1,260,Transporteur E,Bamako (Mali),1232.3,Dimanche,sèche,dédouané avant arrivée,47.2,39.0,True,88623
CRI-01485,2024-05-12,Môle 1,Hydrocarbures,1,244,Transporteur G,Bamako (Mali),1230.8,Dimanche,sèche,dédouanement en cours,76.3,16.6,False,142541
CRI-01486,2024-05-12,Terminal Roulier,Denrées alimentaires,2,251,Transporteur indépendant,Thiès,72.7,Dimanche,sèche,dédouané avant arrivée,32.7,51.9,False,167694
CRI-01487,2024-05-12,Môle 8,Hydrocarbures,1,332,Transporteur G,Kaolack,186.3,Dimanche,sèche,dédouanement en cours,56.8,33.7,False,120333
CRI-01488,2024-05-12,Môle 1,Import général,3,271,Transporteur A,Bamako (Mali),1151.5,Dimanche,sèche,dédouané avant arrivée,38.3,36.6,False,42281
CRI-01489,2024-05-12,Terminal à Conteneurs,Import général,1,281,Transporteur indépendant,Kaolack,187.0,Dimanche,sèche,dédouané avant arrivée,63.6,33.1,False,171323
CRI-01490,2024-05-12,Terminal Roulier,Import général,1,317,Transporteur G,Dakar (local),20.2,Dimanche,sèche,dédouanement en cours,91.8,39.6,False,297990
CRI-01491,2024-05-13,Môle 8,Denrées alimentaires,1,442,Transporteur B,Tambacounda,469.8,Lundi,sèche,dédouanement en cours,87.0,30.1,False,315206
CRI-01492,2024-05-13,Terminal à Conteneurs,Biens de consommation,1,338,Transporteur C,Kayes (Mali),933.0,Lundi,sèche,dédouanement en cours,79.1,17.9,False,163824
CRI-01493,2024-05-13,Terminal à Conteneurs,Hydrocarbures,2,463,Transporteur D,Dakar (local),19.9,Lundi,sèche,bloqué (litige/documents),147.7,40.8,False,1054787
CRI-01494,2024-05-13,Terminal à Conteneurs,Matériaux de construction,2,472,Transporteur B,Tambacounda,470.0,Lundi,sèche,dédouané avant arrivée,60.5,68.8,False,791961
CRI-01495,2024-05-13,Terminal Roulier,Import général,1,433,Transporteur D,Touba,183.8,Lundi,sèche,dédouanement en cours,80.4,30.3,False,237076
CRI-01496,2024-05-13,Terminal à Conteneurs,Import général,3,440,Transporteur D,Dakar (local),20.3,Lundi,sèche,dédouané avant arrivée,54.6,64.8,False,647808
CRI-01497,2024-05-13,Môle 1,Denrées alimentaires,2,421,Transporteur F,Kaolack,188.9,Lundi,sèche,bloqué (litige/documents),135.1,81.5,False,1581933
CRI-01498,2024-05-13,Terminal Roulier,Biens de consommation,1,528,Transporteur C,Bamako (Mali),1223.0,Lundi,sèche,dédouanement en cours,122.0,62.2,True,533014
CRI-01499,2024-05-13,Môle 3,Denrées alimentaires,4,414,Transporteur A,Thiès,71.1,Lundi,sèche,dédouané avant arrivée,72.6,63.4,False,1235265
CRI-01500,2024-05-13,Terminal à Conteneurs,Matériaux de construction,2,350,Transporteur D,Kaolack,188.2,Lundi,sèche,bloqué (litige/documents),97.1,37.6,False,759363
CRI-01501,2024-05-13,Môle 3,Import général,1,462,Transporteur B,Bamako (Mali),1185.8,Lundi,sèche,dédouanement en cours,74.5,51.8,True,282942
CRI-01502,2024-05-14,Terminal à Conteneurs,Biens de consommation,1,335,Transporteur C,Kayes (Mali),948.4,Mardi,sèche,dédouanement en cours,59.0,40.7,True,138897
CRI-01503,2024-05-14,Môle 8,Import général,3,414,Transporteur G,Ziguinchor,454.1,Mardi,sèche,dédouanement en cours,95.3,78.5,False,1605250
CRI-01504,2024-05-14,Terminal Roulier,Import général,1,423,Transporteur D,Thiès,67.7,Mardi,sèche,dédouané avant arrivée,41.0,38.4,False,50355
CRI-01505,2024-05-14,Môle 8,Import général,1,418,Transporteur B,Kayes (Mali),948.3,Mardi,sèche,dédouanement en cours,100.7,52.1,False,451098
CRI-01506,2024-05-14,Môle 3,Matériaux de construction,1,512,Transporteur F,Tambacounda,480.2,Mardi,sèche,dédouané avant arrivée,51.9,38.4,True,102457
CRI-01507,2024-05-14,Terminal Roulier,Biens de consommation,1,401,Transporteur E,Dakar (local),20.0,Mardi,sèche,bloqué (litige/documents),141.6,40.0,False,531316
CRI-01508,2024-05-14,Môle 3,Denrées alimentaires,1,436,Transporteur F,Kayes (Mali),963.3,Mardi,sèche,dédouané avant arrivée,44.7,63.7,False,192955
CRI-01509,2024-05-14,Môle 8,Denrées alimentaires,1,416,Transporteur C,Kayes (Mali),944.4,Mardi,sèche,dédouanement en cours,105.6,115.8,True,923258
CRI-01510,2024-05-14,Môle 8,Denrées alimentaires,1,384,Transporteur A,Thiès,69.9,Mardi,sèche,dédouané avant arrivée,60.2,70.3,False,292058
CRI-01511,2024-05-14,Terminal à Conteneurs,Denrées alimentaires,2,358,Transporteur indépendant,Bamako (Mali),1234.8,Mardi,sèche,dédouanement en cours,101.8,30.9,True,832596
CRI-01512,2024-05-14,Môle 3,Import général,2,424,Transporteur E,Dakar (local),20.6,Mardi,sèche,dédouané avant arrivée,50.2,79.1,False,758717
CRI-01513,2024-05-14,Môle 8,Import général,3,458,Transporteur C,Kaédi (Mauritanie),489.7,Mardi,sèche,dédouané avant arrivée,60.0,70.0,True,817911
CRI-01514,2024-05-14,Terminal à Conteneurs,Denrées alimentaires,2,480,Transporteur B,Ziguinchor,456.7,Mardi,sèche,dédouané avant arrivée,76.4,77.3,True,748909
CRI-01515,2024-05-14,Terminal Roulier,Import général,1,491,Transporteur E,Kaolack,190.5,Mardi,sèche,dédouané avant arrivée,78.1,83.5,False,563239
CRI-01516,2024-05-14,Môle 1,Matériaux de construction,4,370,Transporteur indépendant,Bamako (Mali),1252.0,Mardi,sèche,dédouané avant arrivée,65.7,54.7,True,1016950
CRI-01517,2024-05-14,Terminal à Conteneurs,Hydrocarbures,4,469,Transporteur F,Tambacounda,476.8,Mardi,sèche,dédouané avant arrivée,60.2,74.7,False,1369233
CRI-01518,2024-05-15,Terminal à Conteneurs,Équipements industriels,1,369,Transporteur F,Kayes (Mali),884.4,Mercredi,sèche,dédouané avant arrivée,94.8,44.9,True,400435
CRI-01519,2024-05-15,Môle 3,Denrées alimentaires,1,316,Transporteur indépendant,Thiès,71.1,Mercredi,sèche,dédouané avant arrivée,45.5,33.4,False,44429
CRI-01520,2024-05-15,Môle 3,Équipements industriels,1,377,Transporteur C,Dakar (local),19.7,Mercredi,sèche,bloqué (litige/documents),108.8,55.8,False,537238
CRI-01521,2024-05-15,Terminal à Conteneurs,Matériaux de construction,1,372,Transporteur indépendant,Thiès,68.6,Mercredi,sèche,dédouané avant arrivée,71.7,51.3,False,267507
CRI-01522,2024-05-15,Terminal à Conteneurs,Biens de consommation,2,329,Transporteur C,Touba,191.6,Mercredi,sèche,dédouanement en cours,75.9,57.8,False,856830
CRI-01523,2024-05-15,Terminal Roulier,Denrées alimentaires,2,294,Transporteur C,Kayes (Mali),936.6,Mercredi,sèche,dédouané avant arrivée,53.8,46.8,False,291252
CRI-01524,2024-05-16,Môle 1,Import général,1,412,Transporteur A,Kayes (Mali),922.3,Jeudi,sèche,dédouané avant arrivée,31.7,72.1,False,194211
CRI-01525,2024-05-16,Terminal à Conteneurs,Hydrocarbures,1,310,Transporteur B,Dakar (local),20.8,Jeudi,sèche,dédouanement en cours,62.5,43.9,False,155132
CRI-01526,2024-05-16,Terminal à Conteneurs,Denrées alimentaires,2,383,Transporteur E,Tambacounda,479.4,Jeudi,sèche,dédouané avant arrivée,69.0,52.3,False,527968
CRI-01527,2024-05-16,Môle 8,Denrées alimentaires,1,376,Transporteur B,Ziguinchor,450.4,Jeudi,sèche,dédouané avant arrivée,81.2,38.7,False,280353
CRI-01528,2024-05-16,Môle 3,Denrées alimentaires,1,385,Transporteur G,Dakar (local),19.7,Jeudi,sèche,dédouanement en cours,80.7,84.7,False,519924
CRI-01529,2024-05-16,Terminal à Conteneurs,Matériaux de construction,1,435,Transporteur A,Touba,188.5,Jeudi,sèche,dédouané avant arrivée,70.1,57.7,False,334780
CRI-01530,2024-05-16,Terminal à Conteneurs,Denrées alimentaires,1,326,Transporteur E,Dakar (local),18.7,Jeudi,sèche,dédouané avant arrivée,40.5,46.7,False,95662
CRI-01531,2024-05-16,Terminal à Conteneurs,Denrées alimentaires,3,297,Transporteur F,Kaédi (Mauritanie),478.4,Jeudi,sèche,dédouanement en cours,55.7,47.9,False,663672
CRI-01532,2024-05-16,Môle 1,Biens de consommation,2,312,Transporteur F,Bamako (Mali),1286.2,Jeudi,sèche,bloqué (litige/documents),53.4,41.1,True,253271
CRI-01533,2024-05-16,Terminal à Conteneurs,Hydrocarbures,1,286,Transporteur C,Tambacounda,489.6,Jeudi,sèche,dédouané avant arrivée,66.4,45.9,False,193429
CRI-01534,2024-05-17,Terminal à Conteneurs,Import général,3,383,Transporteur D,Kayes (Mali),915.8,Vendredi,sèche,dédouanement en cours,97.2,32.4,True,1099290
CRI-01535,2024-05-17,Terminal à Conteneurs,Équipements industriels,1,414,Transporteur E,Touba,191.6,Vendredi,sèche,dédouané avant arrivée,47.5,60.6,False,233050
CRI-01536,2024-05-17,Môle 8,Denrées alimentaires,2,360,Transporteur D,Tambacounda,470.8,Vendredi,sèche,dédouanement en cours,85.4,32.6,False,495057
CRI-01537,2024-05-17,Môle 8,Import général,1,380,Transporteur B,Tambacounda,482.0,Vendredi,sèche,dédouanement en cours,82.1,39.5,False,342345
CRI-01538,2024-05-17,Terminal à Conteneurs,Denrées alimentaires,2,338,Transporteur B,Kaédi (Mauritanie),467.1,Vendredi,sèche,dédouané avant arrivée,30.5,64.5,False,262100
CRI-01539,2024-05-17,Môle 3,Import général,3,314,Transporteur B,Kaolack,182.0,Vendredi,sèche,dédouanement en cours,96.8,39.5,False,993050
CRI-01540,2024-05-17,Môle 1,Équipements industriels,2,302,Transporteur E,Kaolack,187.0,Vendredi,sèche,dédouané avant arrivée,109.3,28.9,False,779324
CRI-01541,2024-05-17,Terminal à Conteneurs,Denrées alimentaires,2,382,Transporteur B,Thiès,68.1,Vendredi,sèche,dédouanement en cours,62.7,58.3,False,645148
CRI-01542,2024-05-17,Môle 8,Équipements industriels,1,342,Transporteur G,Ziguinchor,438.3,Vendredi,sèche,dédouanement en cours,104.1,75.3,False,736652
CRI-01543,2024-05-17,Môle 1,Denrées alimentaires,1,436,Transporteur D,Kaolack,194.6,Vendredi,sèche,dédouané avant arrivée,89.4,69.0,False,498659
CRI-01544,2024-05-17,Terminal à Conteneurs,Biens de consommation,3,336,Transporteur E,Thiès,74.2,Vendredi,sèche,dédouané avant arrivée,51.5,66.1,False,639704
CRI-01545,2024-05-17,Terminal à Conteneurs,Import général,4,391,Transporteur A,Touba,182.7,Vendredi,sèche,dédouané avant arrivée,100.2,67.2,False,2410745
CRI-01546,2024-05-17,Terminal à Conteneurs,Hydrocarbures,2,346,Transporteur indépendant,Tambacounda,477.8,Vendredi,sèche,dédouané avant arrivée,93.5,50.3,False,671631
CRI-01547,2024-05-17,Môle 3,Import général,1,357,Transporteur G,Tambacounda,437.6,Vendredi,sèche,dédouanement en cours,60.2,43.7,False,158435
CRI-01548,2024-05-17,Terminal à Conteneurs,Biens de consommation,2,349,Transporteur indépendant,Tambacounda,477.1,Vendredi,sèche,bloqué (litige/documents),122.4,44.2,False,1007387
CRI-01549,2024-05-17,Môle 1,Hydrocarbures,1,332,Transporteur indépendant,Dakar (local),21.6,Vendredi,sèche,dédouané avant arrivée,72.6,29.3,False,192993
CRI-01550,2024-05-18,Môle 3,Denrées alimentaires,2,415,Transporteur F,Dakar (local),20.7,Samedi,sèche,dédouané avant arrivée,61.6,48.9,False,389482
CRI-01551,2024-05-18,Terminal Roulier,Import général,3,385,Transporteur indépendant,Dakar (local),19.2,Samedi,sèche,dédouané avant arrivée,52.0,48.8,True,568073
CRI-01552,2024-05-18,Môle 1,Hydrocarbures,1,443,Transporteur D,Tambacounda,500.3,Samedi,sèche,dédouanement en cours,41.4,25.5,False,0
CRI-01553,2024-05-18,Terminal à Conteneurs,Matériaux de construction,2,266,Transporteur G,Thiès,71.7,Samedi,sèche,dédouané avant arrivée,42.0,40.3,False,120480
CRI-01554,2024-05-18,Môle 1,Matériaux de construction,1,363,Transporteur A,Dakar (local),19.8,Samedi,sèche,dédouané avant arrivée,65.1,43.3,False,189618
CRI-01555,2024-05-18,Terminal à Conteneurs,Import général,3,443,Transporteur indépendant,Bamako (Mali),1190.6,Samedi,sèche,dédouanement en cours,119.6,51.4,True,1995534
CRI-01556,2024-05-18,Terminal à Conteneurs,Import général,3,251,Transporteur B,Tambacounda,473.4,Samedi,sèche,dédouané avant arrivée,65.6,37.0,False,542061
CRI-01557,2024-05-18,Terminal à Conteneurs,Denrées alimentaires,2,353,Transporteur C,Dakar (local),20.0,Samedi,sèche,dédouané avant arrivée,59.0,35.3,False,275498
CRI-01558,2024-05-19,Terminal à Conteneurs,Denrées alimentaires,1,319,Transporteur E,Bamako (Mali),1225.1,Dimanche,sèche,dédouané avant arrivée,52.5,25.7,False,42050
CRI-01559,2024-05-19,Terminal à Conteneurs,Biens de consommation,1,291,Transporteur F,Thiès,72.9,Dimanche,sèche,dédouanement en cours,58.3,22.1,False,53045
CRI-01560,2024-05-19,Môle 1,Matériaux de construction,1,264,Transporteur D,Thiès,65.8,Dimanche,sèche,dédouané avant arrivée,50.3,21.7,False,0
CRI-01561,2024-05-19,Môle 1,Matériaux de construction,1,337,Transporteur A,Tambacounda,479.8,Dimanche,sèche,dédouané avant arrivée,75.4,60.4,False,444544
CRI-01562,2024-05-19,Terminal à Conteneurs,Import général,2,302,Transporteur B,Dakar (local),20.5,Dimanche,sèche,dédouané avant arrivée,66.4,42.0,False,343499
CRI-01563,2024-05-19,Terminal à Conteneurs,Matériaux de construction,2,336,Transporteur D,Bamako (Mali),1244.6,Dimanche,sèche,dédouanement en cours,84.3,72.6,True,884809
CRI-01564,2024-05-19,Terminal Roulier,Biens de consommation,2,235,Transporteur B,Bamako (Mali),1309.1,Dimanche,sèche,dédouanement en cours,53.7,37.7,False,199745
CRI-01565,2024-05-19,Môle 1,Hydrocarbures,1,264,Transporteur G,Thiès,68.7,Dimanche,sèche,dédouanement en cours,92.5,28.6,False,244380
CRI-01566,2024-05-19,Môle 8,Import général,2,279,Transporteur B,Kayes (Mali),946.5,Dimanche,sèche,bloqué (litige/documents),115.4,27.9,False,960365
CRI-01567,2024-05-19,Terminal à Conteneurs,Biens de consommation,1,243,Transporteur C,Kaédi (Mauritanie),476.7,Dimanche,sèche,dédouané avant arrivée,40.0,35.8,False,24974
CRI-01568,2024-05-19,Terminal à Conteneurs,Denrées alimentaires,1,258,Transporteur indépendant,Dakar (local),19.4,Dimanche,sèche,bloqué (litige/documents),107.7,29.2,False,323958
CRI-01569,2024-05-19,Môle 8,Import général,1,264,Transporteur indépendant,Tambacounda,478.3,Dimanche,sèche,dédouanement en cours,82.7,23.5,False,163780
CRI-01570,2024-05-19,Terminal à Conteneurs,Import général,4,273,Transporteur E,Touba,193.0,Dimanche,sèche,dédouané avant arrivée,48.9,51.5,False,549115
CRI-01571,2024-05-19,Terminal à Conteneurs,Import général,1,210,Transporteur B,Dakar (local),19.0,Dimanche,sèche,dédouanement en cours,60.3,29.4,False,121630
CRI-01572,2024-05-20,Môle 3,Biens de consommation,3,378,Transporteur indépendant,Ziguinchor,446.1,Lundi,sèche,dédouanement en cours,90.7,72.7,False,1789053
CRI-01573,2024-05-20,Terminal à Conteneurs,Denrées alimentaires,1,446,Transporteur F,Dakar (local),20.1,Lundi,sèche,dédouané avant arrivée,105.1,60.9,False,548202
CRI-01574,2024-05-20,Môle 1,Biens de consommation,3,357,Transporteur D,Bamako (Mali),1212.0,Lundi,sèche,bloqué (litige/documents),72.8,55.8,True,1113416
CRI-01575,2024-05-20,Môle 8,Hydrocarbures,2,417,Transporteur indépendant,Dakar (local),19.4,Lundi,sèche,dédouané avant arrivée,75.3,59.2,False,609400
CRI-01576,2024-05-20,Môle 1,Matériaux de construction,2,461,Transporteur A,Tambacounda,456.1,Lundi,sèche,dédouanement en cours,106.0,46.8,False,852318
CRI-01577,2024-05-20,Terminal à Conteneurs,Biens de consommation,2,378,Transporteur indépendant,Ziguinchor,462.7,Lundi,sèche,dédouané avant arrivée,35.2,59.8,False,229326
CRI-01578,2024-05-20,Terminal à Conteneurs,Matériaux de construction,1,401,Transporteur E,Bamako (Mali),1142.4,Lundi,sèche,dédouané avant arrivée,61.4,43.7,True,207614
CRI-01579,2024-05-20,Terminal Roulier,Hydrocarbures,2,363,Transporteur B,Kaolack,195.6,Lundi,sèche,dédouanement en cours,118.2,57.4,False,1324993
CRI-01580,2024-05-21,Terminal à Conteneurs,Matériaux de construction,1,510,Transporteur F,Kayes (Mali),977.5,Mardi,sèche,dédouané avant arrivée,39.7,43.5,True,63140
CRI-01581,2024-05-21,Môle 8,Import général,1,360,Transporteur E,Touba,180.7,Mardi,sèche,dédouanement en cours,71.0,50.1,False,229867
CRI-01582,2024-05-21,Terminal à Conteneurs,Équipements industriels,2,360,Transporteur E,Dakar (local),19.7,Mardi,sèche,bloqué (litige/documents),114.3,31.5,False,907661
CRI-01583,2024-05-21,Môle 3,Matériaux de construction,1,386,Transporteur B,Bamako (Mali),1221.6,Mardi,sèche,bloqué (litige/documents),81.4,79.1,False,464373
CRI-01584,2024-05-21,Môle 3,Import général,2,380,Transporteur A,Bamako (Mali),1221.8,Mardi,sèche,bloqué (litige/documents),107.0,45.7,True,757272
CRI-01585,2024-05-21,Terminal Roulier,Biens de consommation,2,459,Transporteur indépendant,Bamako (Mali),1159.8,Mardi,sèche,dédouané avant arrivée,82.4,41.1,True,532295
CRI-01586,2024-05-21,Terminal à Conteneurs,Denrées alimentaires,1,434,Transporteur D,Dakar (local),19.9,Mardi,sèche,dédouané avant arrivée,76.7,91.1,False,478422
CRI-01587,2024-05-21,Môle 1,Import général,1,469,Transporteur B,Kaédi (Mauritanie),499.5,Mardi,sèche,dédouanement en cours,97.0,53.2,False,453948
CRI-01588,2024-05-21,Môle 1,Import général,1,461,Transporteur B,Touba,185.0,Mardi,sèche,dédouané avant arrivée,80.6,57.3,False,453202
CRI-01589,2024-05-21,Môle 8,Matériaux de construction,4,376,Transporteur D,Ziguinchor,462.4,Mardi,sèche,dédouanement en cours,48.5,46.2,False,451976
CRI-01590,2024-05-22,Môle 3,Denrées alimentaires,1,288,Transporteur A,Bamako (Mali),1249.6,Mercredi,sèche,dédouané avant arrivée,66.2,33.9,False,175167
CRI-01591,2024-05-22,Terminal à Conteneurs,Import général,1,326,Transporteur indépendant,Bamako (Mali),1206.5,Mercredi,sèche,dédouanement en cours,61.5,57.4,True,301997
CRI-01592,2024-05-22,Terminal Roulier,Hydrocarbures,2,378,Transporteur indépendant,Thiès,64.5,Mercredi,sèche,dédouané avant arrivée,56.1,31.1,False,192168
CRI-01593,2024-05-22,Terminal à Conteneurs,Import général,2,359,Transporteur G,Kayes (Mali),957.7,Mercredi,sèche,dédouané avant arrivée,62.1,36.2,True,348851
CRI-01594,2024-05-22,Môle 3,Biens de consommation,1,375,Transporteur C,Tambacounda,462.3,Mercredi,sèche,dédouanement en cours,86.7,109.5,True,618488
CRI-01595,2024-05-22,Môle 3,Denrées alimentaires,2,407,Transporteur indépendant,Bamako (Mali),1173.4,Mercredi,sèche,dédouané avant arrivée,57.4,49.4,True,405992
CRI-01596,2024-05-22,Môle 8,Matériaux de construction,1,373,Transporteur E,Bamako (Mali),1205.5,Mercredi,sèche,dédouanement en cours,76.3,21.8,False,123306
CRI-01597,2024-05-22,Terminal Roulier,Import général,1,272,Transporteur G,Bamako (Mali),1232.7,Mercredi,sèche,dédouané avant arrivée,22.6,40.8,False,0
CRI-01598,2024-05-22,Terminal Roulier,Import général,1,316,Transporteur indépendant,Dakar (local),20.4,Mercredi,sèche,dédouané avant arrivée,45.2,34.3,False,38110
CRI-01599,2024-05-22,Terminal à Conteneurs,Matériaux de construction,2,416,Transporteur A,Kaolack,192.2,Mercredi,sèche,dédouanement en cours,87.1,30.6,False,555710
CRI-01600,2024-05-22,Môle 3,Import général,1,419,Transporteur C,Thiès,72.3,Mercredi,sèche,dédouanement en cours,151.7,61.3,False,723031
CRI-01601,2024-05-22,Terminal Roulier,Import général,3,305,Transporteur G,Thiès,70.8,Mercredi,sèche,dédouanement en cours,105.2,64.5,False,1871050
CRI-01602,2024-05-22,Terminal Roulier,Denrées alimentaires,1,351,Transporteur A,Thiès,68.8,Mercredi,sèche,bloqué (litige/documents),91.3,59.1,False,484101
CRI-01603,2024-05-23,Môle 8,Matériaux de construction,1,360,Transporteur B,Touba,188.7,Jeudi,sèche,dédouanement en cours,76.7,35.1,False,197637
CRI-01604,2024-05-23,Môle 1,Import général,1,403,Transporteur E,Kayes (Mali),980.6,Jeudi,sèche,dédouanement en cours,82.9,103.7,True,752889
CRI-01605,2024-05-23,Môle 1,Matériaux de construction,1,404,Transporteur G,Dakar (local),20.7,Jeudi,sèche,dédouané avant arrivée,49.1,66.3,False,204645
CRI-01606,2024-05-23,Terminal Roulier,Import général,1,278,Transporteur C,Ziguinchor,446.5,Jeudi,sèche,dédouanement en cours,66.9,30.3,False,116492
CRI-01607,2024-05-23,Môle 8,Hydrocarbures,3,411,Transporteur E,Thiès,66.9,Jeudi,sèche,bloqué (litige/documents),141.2,54.2,False,2418189
CRI-01608,2024-05-23,Môle 8,Import général,1,333,Transporteur A,Thiès,71.1,Jeudi,sèche,dédouanement en cours,91.0,61.7,False,496241
CRI-01609,2024-05-23,Terminal à Conteneurs,Import général,1,398,Transporteur indépendant,Dakar (local),20.7,Jeudi,sèche,dédouanement en cours,76.2,80.3,False,589004
CRI-01610,2024-05-23,Terminal à Conteneurs,Biens de consommation,3,335,Transporteur A,Tambacounda,485.0,Jeudi,sèche,dédouanement en cours,35.7,31.3,False,0
CRI-01611,2024-05-23,Terminal à Conteneurs,Import général,1,307,Transporteur C,Ziguinchor,438.1,Jeudi,sèche,dédouanement en cours,58.5,43.1,False,159342
CRI-01612,2024-05-23,Terminal à Conteneurs,Import général,1,300,Transporteur C,Bamako (Mali),1213.5,Jeudi,sèche,dédouanement en cours,85.1,44.0,True,326097
CRI-01613,2024-05-23,Terminal Roulier,Denrées alimentaires,1,320,Transporteur G,Kayes (Mali),1007.2,Jeudi,sèche,dédouanement en cours,57.4,38.9,False,170339
CRI-01614,2024-05-23,Môle 3,Biens de consommation,1,348,Transporteur B,Dakar (local),19.2,Jeudi,sèche,dédouanement en cours,76.5,32.7,False,219000
CRI-01615,2024-05-24,Môle 3,Équipements industriels,4,332,Transporteur C,Bamako (Mali),1197.9,Vendredi,sèche,dédouanement en cours,62.2,29.1,True,377423
CRI-01616,2024-05-24,Terminal à Conteneurs,Import général,2,297,Transporteur E,Bamako (Mali),1294.0,Vendredi,sèche,dédouané avant arrivée,55.0,48.6,True,395424
CRI-01617,2024-05-24,Môle 8,Hydrocarbures,1,324,Transporteur indépendant,Dakar (local),20.4,Vendredi,sèche,dédouanement en cours,92.9,30.3,False,257016
CRI-01618,2024-05-24,Terminal à Conteneurs,Import général,2,355,Transporteur A,Kaolack,198.7,Vendredi,sèche,bloqué (litige/documents),67.6,44.4,False,553089
CRI-01619,2024-05-24,Terminal à Conteneurs,Import général,3,353,Transporteur D,Thiès,72.2,Vendredi,sèche,dédouané avant arrivée,70.8,81.9,False,1207185
CRI-01620,2024-05-24,Terminal à Conteneurs,Import général,1,309,Transporteur A,Dakar (local),19.9,Vendredi,sèche,dédouané avant arrivée,27.1,14.6,False,0
CRI-01621,2024-05-25,Môle 3,Biens de consommation,2,349,Transporteur E,Bamako (Mali),1232.4,Samedi,sèche,dédouané avant arrivée,55.3,44.5,True,354401
CRI-01622,2024-05-25,Môle 3,Denrées alimentaires,1,351,Transporteur indépendant,Bamako (Mali),1224.0,Samedi,sèche,dédouanement en cours,51.6,49.6,True,204076
CRI-01623,2024-05-25,Môle 1,Hydrocarbures,1,376,Transporteur B,Tambacounda,451.5,Samedi,sèche,dédouané avant arrivée,97.2,52.9,False,509235
CRI-01624,2024-05-25,Terminal Roulier,Biens de consommation,1,344,Transporteur B,Dakar (local),20.9,Samedi,sèche,dédouané avant arrivée,65.5,59.4,False,337679
CRI-01625,2024-05-25,Môle 8,Biens de consommation,1,309,Transporteur C,Kaolack,184.1,Samedi,sèche,dédouanement en cours,65.8,42.0,False,185319
CRI-01626,2024-05-25,Môle 1,Import général,2,362,Transporteur E,Dakar (local),18.9,Samedi,sèche,dédouané avant arrivée,51.7,53.9,False,316447
CRI-01627,2024-05-25,Môle 1,Hydrocarbures,2,366,Transporteur F,Kaolack,191.0,Samedi,sèche,dédouané avant arrivée,87.5,60.1,False,689518
CRI-01628,2024-05-25,Môle 1,Denrées alimentaires,1,421,Transporteur A,Dakar (local),20.3,Samedi,sèche,dédouanement en cours,62.0,47.2,False,179431
CRI-01629,2024-05-25,Terminal à Conteneurs,Biens de consommation,2,347,Transporteur F,Tambacounda,487.5,Samedi,sèche,dédouané avant arrivée,57.7,21.7,False,71708
CRI-01630,2024-05-26,Môle 8,Biens de consommation,1,268,Transporteur G,Dakar (local),19.5,Dimanche,sèche,dédouané avant arrivée,39.2,33.1,False,1708
CRI-01631,2024-05-26,Môle 1,Denrées alimentaires,1,282,Transporteur B,Dakar (local),21.6,Dimanche,sèche,dédouané avant arrivée,78.3,33.1,False,232032
CRI-01632,2024-05-26,Terminal à Conteneurs,Biens de consommation,2,233,Transporteur indépendant,Dakar (local),19.6,Dimanche,sèche,bloqué (litige/documents),136.8,38.8,False,1358859
CRI-01633,2024-05-26,Terminal Roulier,Import général,4,280,Transporteur E,Ziguinchor,455.1,Dimanche,sèche,dédouané avant arrivée,52.1,39.0,False,406918
CRI-01634,2024-05-26,Terminal à Conteneurs,Matériaux de construction,3,243,Transporteur indépendant,Kaolack,188.8,Dimanche,sèche,bloqué (litige/documents),154.1,40.0,False,2365896
CRI-01635,2024-05-26,Terminal à Conteneurs,Hydrocarbures,2,277,Transporteur C,Kayes (Mali),940.7,Dimanche,sèche,dédouanement en cours,74.1,46.7,True,604589
CRI-01636,2024-05-26,Terminal à Conteneurs,Biens de consommation,2,251,Transporteur F,Ziguinchor,456.5,Dimanche,sèche,dédouanement en cours,65.2,42.1,False,405125
CRI-01637,2024-05-26,Môle 3,Hydrocarbures,1,263,Transporteur G,Dakar (local),20.2,Dimanche,sèche,dédouanement en cours,40.2,23.6,False,0
CRI-01638,2024-05-26,Môle 1,Import général,1,269,Transporteur G,Kayes (Mali),917.8,Dimanche,sèche,dédouanement en cours,71.6,53.2,False,274046
CRI-01639,2024-05-26,Terminal à Conteneurs,Hydrocarbures,3,263,Transporteur C,Tambacounda,453.5,Dimanche,sèche,dédouanement en cours,59.9,42.6,False,592759
CRI-01640,2024-05-27,Terminal à Conteneurs,Import général,1,309,Transporteur D,Dakar (local),19.7,Lundi,sèche,bloqué (litige/documents),76.7,20.9,False,137312
CRI-01641,2024-05-27,Terminal Roulier,Import général,1,366,Transporteur C,Kaédi (Mauritanie),487.4,Lundi,sèche,dédouanement en cours,95.6,58.7,False,527672
CRI-01642,2024-05-27,Terminal Roulier,Biens de consommation,1,405,Transporteur F,Dakar (local),21.1,Lundi,sèche,dédouané avant arrivée,91.1,59.6,False,545124
CRI-01643,2024-05-27,Terminal à Conteneurs,Import général,2,411,Transporteur indépendant,Touba,179.4,Lundi,sèche,dédouanement en cours,147.6,38.7,True,1276188
CRI-01644,2024-05-27,Môle 1,Matériaux de construction,1,436,Transporteur G,Tambacounda,471.2,Lundi,sèche,bloqué (litige/documents),164.9,25.1,False,804763
CRI-01645,2024-05-27,Terminal Roulier,Denrées alimentaires,3,416,Transporteur C,Kayes (Mali),954.8,Lundi,sèche,dédouanement en cours,79.8,62.3,True,1336258
CRI-01646,2024-05-27,Terminal à Conteneurs,Import général,1,403,Transporteur G,Bamako (Mali),1282.3,Lundi,sèche,dédouané avant arrivée,80.1,36.3,True,282725
CRI-01647,2024-05-27,Terminal à Conteneurs,Import général,1,287,Transporteur A,Kaédi (Mauritanie),466.7,Lundi,sèche,dédouanement en cours,24.7,36.6,False,0
CRI-01648,2024-05-27,Terminal à Conteneurs,Import général,1,441,Transporteur B,Dakar (local),20.0,Lundi,sèche,dédouanement en cours,109.4,37.1,False,471870
CRI-01649,2024-05-27,Terminal Roulier,Import général,1,429,Transporteur B,Ziguinchor,460.5,Lundi,sèche,dédouanement en cours,95.9,56.7,False,395102
CRI-01650,2024-05-28,Terminal à Conteneurs,Import général,1,450,Transporteur B,Kaolack,190.9,Mardi,sèche,dédouané avant arrivée,60.2,37.3,False,133949
CRI-01651,2024-05-28,Môle 8,Matériaux de construction,4,460,Transporteur indépendant,Thiès,70.0,Mardi,sèche,dédouané avant arrivée,63.3,71.1,True,1378655
CRI-01652,2024-05-28,Môle 1,Import général,1,408,Transporteur A,Kayes (Mali),940.0,Mardi,sèche,dédouané avant arrivée,120.5,71.8,True,635782
CRI-01653,2024-05-28,Terminal Roulier,Import général,1,408,Transporteur D,Dakar (local),20.1,Mardi,sèche,dédouanement en cours,92.9,45.0,False,330541
CRI-01654,2024-05-28,Terminal à Conteneurs,Import général,2,344,Transporteur E,Thiès,69.7,Mardi,sèche,dédouanement en cours,83.4,20.8,False,332545
CRI-01655,2024-05-28,Terminal à Conteneurs,Hydrocarbures,1,455,Transporteur C,Bamako (Mali),1221.3,Mardi,sèche,dédouané avant arrivée,103.2,37.8,True,436454
CRI-01656,2024-05-28,Terminal à Conteneurs,Import général,1,387,Transporteur E,Thiès,71.1,Mardi,sèche,dédouané avant arrivée,64.3,49.5,False,212501
CRI-01657,2024-05-28,Terminal à Conteneurs,Import général,3,387,Transporteur E,Kaolack,185.6,Mardi,sèche,dédouanement en cours,115.5,28.9,True,1042383
CRI-01658,2024-05-28,Terminal Roulier,Import général,3,353,Transporteur G,Tambacounda,465.1,Mardi,sèche,dédouanement en cours,97.1,33.3,False,1173780
CRI-01659,2024-05-28,Môle 8,Biens de consommation,1,451,Transporteur C,Bamako (Mali),1227.7,Mardi,sèche,dédouané avant arrivée,53.4,81.8,True,357874
CRI-01660,2024-05-28,Môle 3,Équipements industriels,4,367,Transporteur C,Kaolack,200.7,Mardi,sèche,dédouanement en cours,46.1,59.6,False,791848
CRI-01661,2024-05-28,Môle 1,Biens de consommation,1,425,Transporteur F,Kaédi (Mauritanie),464.0,Mardi,sèche,dédouané avant arrivée,52.1,52.4,True,149404
CRI-01662,2024-05-29,Môle 1,Matériaux de construction,1,339,Transporteur G,Tambacounda,443.0,Mercredi,sèche,dédouanement en cours,62.2,43.3,False,217748
CRI-01663,2024-05-29,Terminal à Conteneurs,Matériaux de construction,2,329,Transporteur G,Dakar (local),19.3,Mercredi,sèche,dédouanement en cours,77.5,32.2,False,429190
CRI-01664,2024-05-29,Môle 3,Biens de consommation,1,306,Transporteur C,Dakar (local),20.9,Mercredi,sèche,dédouané avant arrivée,64.0,15.1,False,42481
CRI-01665,2024-05-29,Terminal à Conteneurs,Import général,2,317,Transporteur indépendant,Touba,198.7,Mercredi,sèche,bloqué (litige/documents),140.8,25.2,False,1028297
CRI-01666,2024-05-29,Terminal à Conteneurs,Équipements industriels,2,280,Transporteur D,Bamako (Mali),1312.2,Mercredi,sèche,dédouanement en cours,57.0,49.1,False,312242
CRI-01667,2024-05-29,Môle 8,Équipements industriels,1,319,Transporteur indépendant,Kaolack,183.1,Mercredi,sèche,dédouané avant arrivée,34.9,38.3,False,7596
CRI-01668,2024-05-29,Môle 3,Hydrocarbures,1,336,Transporteur F,Thiès,69.4,Mercredi,sèche,dédouanement en cours,118.4,38.6,False,434919
CRI-01669,2024-05-29,Môle 1,Denrées alimentaires,2,333,Transporteur F,Dakar (local),18.9,Mercredi,sèche,dédouané avant arrivée,45.4,39.0,False,124612
CRI-01670,2024-05-29,Terminal à Conteneurs,Import général,2,352,Transporteur A,Touba,194.0,Mercredi,sèche,dédouanement en cours,53.0,53.8,False,321518
CRI-01671,2024-05-29,Terminal à Conteneurs,Biens de consommation,1,344,Transporteur A,Bamako (Mali),1248.9,Mercredi,sèche,dédouané avant arrivée,39.1,78.1,False,280442
CRI-01672,2024-05-29,Terminal à Conteneurs,Biens de consommation,3,334,Transporteur indépendant,Bamako (Mali),1215.1,Mercredi,sèche,dédouané avant arrivée,65.3,47.5,True,752073
CRI-01673,2024-05-30,Môle 8,Denrées alimentaires,1,386,Transporteur E,Kayes (Mali),944.3,Jeudi,sèche,bloqué (litige/documents),93.4,18.1,True,265291
CRI-01674,2024-05-30,Terminal à Conteneurs,Biens de consommation,1,378,Transporteur C,Tambacounda,476.5,Jeudi,sèche,dédouané avant arrivée,50.4,53.1,False,174090
CRI-01675,2024-05-30,Terminal à Conteneurs,Matériaux de construction,2,362,Transporteur A,Kaolack,183.9,Jeudi,sèche,dédouané avant arrivée,60.3,31.2,False,270683
CRI-01676,2024-05-30,Terminal à Conteneurs,Import général,2,412,Transporteur indépendant,Bamako (Mali),1226.9,Jeudi,sèche,dédouanement en cours,64.2,52.4,True,470324
CRI-01677,2024-05-30,Terminal à Conteneurs,Import général,2,326,Transporteur A,Ziguinchor,456.7,Jeudi,sèche,dédouané avant arrivée,51.5,41.7,False,194707
CRI-01678,2024-05-30,Môle 3,Import général,2,334,Transporteur A,Kaédi (Mauritanie),461.6,Jeudi,sèche,dédouané avant arrivée,42.3,40.1,False,142502
CRI-01679,2024-05-30,Terminal à Conteneurs,Biens de consommation,1,406,Transporteur F,Thiès,68.3,Jeudi,sèche,dédouanement en cours,75.7,78.7,True,536207
CRI-01680,2024-05-30,Terminal à Conteneurs,Denrées alimentaires,1,254,Transporteur A,Bamako (Mali),1203.4,Jeudi,sèche,dédouané avant arrivée,33.9,15.6,True,0
CRI-01681,2024-05-31,Môle 1,Matériaux de construction,1,295,Transporteur F,Bamako (Mali),1187.6,Vendredi,sèche,dédouanement en cours,66.2,33.3,True,159898
CRI-01682,2024-05-31,Môle 3,Import général,1,364,Transporteur D,Tambacounda,464.9,Vendredi,sèche,bloqué (litige/documents),141.7,35.8,False,583136
CRI-01683,2024-05-31,Môle 3,Import général,1,378,Transporteur C,Bamako (Mali),1295.6,Vendredi,sèche,dédouané avant arrivée,50.9,55.4,True,225129
CRI-01684,2024-05-31,Môle 3,Matériaux de construction,1,437,Transporteur B,Dakar (local),20.3,Vendredi,sèche,dédouané avant arrivée,86.5,62.3,False,513931
CRI-01685,2024-05-31,Terminal à Conteneurs,Import général,4,363,Transporteur G,Bamako (Mali),1189.8,Vendredi,sèche,dédouané avant arrivée,73.5,35.8,False,996896
CRI-01686,2024-05-31,Môle 1,Import général,4,358,Transporteur A,Thiès,70.1,Vendredi,sèche,dédouané avant arrivée,51.9,25.2,False,139861
CRI-01687,2024-05-31,Môle 8,Matériaux de construction,3,333,Transporteur D,Tambacounda,483.2,Vendredi,sèche,dédouanement en cours,59.6,70.3,False,972611
CRI-01688,2024-05-31,Môle 1,Import général,2,357,Transporteur indépendant,Dakar (local),18.8,Vendredi,sèche,dédouané avant arrivée,49.8,31.5,False,92232
CRI-01689,2024-05-31,Terminal à Conteneurs,Denrées alimentaires,2,389,Transporteur B,Bamako (Mali),1238.4,Vendredi,sèche,bloqué (litige/documents),174.5,95.0,True,1972731
CRI-01690,2024-05-31,Terminal à Conteneurs,Import général,1,391,Transporteur G,Dakar (local),20.5,Vendredi,sèche,dédouanement en cours,83.6,43.3,False,344727
CRI-01691,2024-05-31,Terminal à Conteneurs,Import général,1,357,Transporteur E,Kaolack,195.3,Vendredi,sèche,dédouané avant arrivée,62.3,52.3,False,197476
CRI-01692,2024-05-31,Môle 3,Denrées alimentaires,1,322,Transporteur indépendant,Touba,178.9,Vendredi,sèche,dédouané avant arrivée,51.7,36.8,False,94183
CRI-01693,2024-06-01,Terminal à Conteneurs,Denrées alimentaires,1,300,Transporteur G,Kaolack,180.7,Samedi,pluies,dédouanement en cours,144.5,65.4,False,813707
CRI-01694,2024-06-01,Terminal à Conteneurs,Import général,1,329,Transporteur C,Touba,185.9,Samedi,pluies,dédouané avant arrivée,57.9,62.4,True,233032
CRI-01695,2024-06-01,Terminal à Conteneurs,Matériaux de construction,1,409,Transporteur E,Kayes (Mali),949.0,Samedi,pluies,dédouanement en cours,112.5,59.6,True,453007
CRI-01696,2024-06-01,Môle 1,Import général,3,457,Transporteur C,Kaolack,192.4,Samedi,pluies,dédouanement en cours,145.4,81.6,True,2237327
CRI-01697,2024-06-01,Môle 8,Import général,2,398,Transporteur G,Touba,190.9,Samedi,pluies,bloqué (litige/documents),146.8,42.1,True,1059638
CRI-01698,2024-06-01,Terminal à Conteneurs,Équipements industriels,2,325,Transporteur C,Bamako (Mali),1171.3,Samedi,pluies,dédouané avant arrivée,69.4,49.9,True,426441
CRI-01699,2024-06-01,Môle 1,Import général,1,354,Transporteur B,Dakar (local),20.9,Samedi,pluies,bloqué (litige/documents),82.3,38.1,False,287114
CRI-01700,2024-06-01,Terminal Roulier,Import général,1,359,Transporteur F,Kaolack,182.1,Samedi,pluies,dédouané avant arrivée,59.3,38.8,False,172851
CRI-01701,2024-06-01,Terminal à Conteneurs,Matériaux de construction,4,444,Transporteur B,Bamako (Mali),1254.0,Samedi,pluies,dédouanement en cours,90.2,35.2,True,1331821
CRI-01702,2024-06-02,Terminal à Conteneurs,Import général,2,304,Transporteur B,Dakar (local),19.8,Dimanche,pluies,bloqué (litige/documents),143.5,53.8,False,1348767
CRI-01703,2024-06-02,Terminal à Conteneurs,Biens de consommation,1,230,Transporteur E,Kayes (Mali),924.9,Dimanche,pluies,dédouané avant arrivée,50.4,39.4,True,114953
CRI-01704,2024-06-02,Terminal à Conteneurs,Hydrocarbures,1,238,Transporteur F,Kaédi (Mauritanie),454.1,Dimanche,pluies,dédouané avant arrivée,59.8,25.9,False,76767
CRI-01705,2024-06-02,Môle 3,Import général,4,240,Transporteur A,Dakar (local),20.3,Dimanche,pluies,dédouané avant arrivée,45.6,50.3,False,488567
CRI-01706,2024-06-02,Terminal à Conteneurs,Matériaux de construction,1,253,Transporteur G,Kayes (Mali),967.7,Dimanche,pluies,dédouanement en cours,34.5,27.1,True,0
CRI-01707,2024-06-02,Terminal à Conteneurs,Import général,1,314,Transporteur D,Bamako (Mali),1185.9,Dimanche,pluies,dédouané avant arrivée,34.4,36.0,True,0
CRI-01708,2024-06-02,Terminal Roulier,Biens de consommation,1,320,Transporteur G,Bamako (Mali),1237.8,Dimanche,pluies,dédouanement en cours,40.3,37.5,True,34887
CRI-01709,2024-06-02,Môle 8,Import général,3,266,Transporteur D,Dakar (local),19.5,Dimanche,pluies,dédouané avant arrivée,42.3,53.5,False,394239
CRI-01710,2024-06-02,Terminal à Conteneurs,Import général,3,275,Transporteur F,Bamako (Mali),1252.8,Dimanche,pluies,dédouané avant arrivée,87.1,19.6,True,626462
CRI-01711,2024-06-02,Môle 1,Matériaux de construction,2,250,Transporteur indépendant,Kaolack,188.4,Dimanche,pluies,dédouané avant arrivée,32.7,75.6,True,369397
CRI-01712,2024-06-02,Terminal à Conteneurs,Équipements industriels,1,308,Transporteur C,Touba,186.4,Dimanche,pluies,dédouanement en cours,82.3,80.3,False,627468
CRI-01713,2024-06-02,Môle 1,Équipements industriels,2,307,Transporteur B,Kaolack,191.8,Dimanche,pluies,dédouanement en cours,76.5,34.0,False,467567
CRI-01714,2024-06-02,Môle 1,Import général,1,274,Transporteur E,Dakar (local),20.7,Dimanche,pluies,dédouané avant arrivée,63.9,19.8,False,61564
CRI-01715,2024-06-02,Môle 8,Denrées alimentaires,1,307,Transporteur B,Kaolack,194.5,Dimanche,pluies,dédouané avant arrivée,73.4,44.7,False,207532
CRI-01716,2024-06-02,Terminal Roulier,Hydrocarbures,1,239,Transporteur E,Touba,190.7,Dimanche,pluies,dédouanement en cours,43.2,53.3,False,163632
CRI-01717,2024-06-03,Terminal Roulier,Denrées alimentaires,3,472,Transporteur A,Kayes (Mali),994.0,Lundi,pluies,dédouanement en cours,36.4,61.1,True,426079
CRI-01718,2024-06-03,Terminal Roulier,Matériaux de construction,1,382,Transporteur indépendant,Kayes (Mali),936.4,Lundi,pluies,dédouanement en cours,126.5,63.7,True,793846
CRI-01719,2024-06-03,Môle 1,Biens de consommation,1,457,Transporteur F,Dakar (local),18.8,Lundi,pluies,dédouané avant arrivée,39.5,52.4,False,121829
CRI-01720,2024-06-03,Môle 1,Matériaux de construction,2,442,Transporteur A,Kayes (Mali),941.1,Lundi,pluies,bloqué (litige/documents),159.8,62.9,True,1396943
CRI-01721,2024-06-03,Môle 3,Biens de consommation,1,472,Transporteur B,Kaolack,200.4,Lundi,pluies,dédouanement en cours,62.0,45.9,False,163768
CRI-01722,2024-06-03,Terminal à Conteneurs,Biens de consommation,1,372,Transporteur indépendant,Thiès,69.5,Lundi,pluies,dédouanement en cours,75.7,33.7,True,239736
CRI-01723,2024-06-03,Terminal à Conteneurs,Matériaux de construction,1,410,Transporteur A,Ziguinchor,463.2,Lundi,pluies,dédouanement en cours,69.3,52.1,False,287957
CRI-01724,2024-06-03,Terminal à Conteneurs,Import général,1,464,Transporteur E,Bamako (Mali),1251.1,Lundi,pluies,dédouané avant arrivée,71.1,29.8,True,198550
CRI-01725,2024-06-03,Môle 8,Équipements industriels,2,387,Transporteur D,Tambacounda,477.6,Lundi,pluies,dédouané avant arrivée,64.8,44.7,True,453176
CRI-01726,2024-06-03,Môle 8,Denrées alimentaires,1,349,Transporteur E,Kaolack,189.3,Lundi,pluies,dédouané avant arrivée,25.5,25.7,False,0
CRI-01727,2024-06-03,Môle 8,Import général,1,429,Transporteur A,Thiès,70.8,Lundi,pluies,dédouané avant arrivée,77.1,24.1,False,132340
CRI-01728,2024-06-03,Môle 3,Matériaux de construction,1,396,Transporteur F,Bamako (Mali),1306.1,Lundi,pluies,dédouanement en cours,88.5,55.2,True,384371
CRI-01729,2024-06-04,Môle 1,Matériaux de construction,3,450,Transporteur C,Touba,195.2,Mardi,pluies,dédouanement en cours,108.4,25.6,True,948748
CRI-01730,2024-06-04,Môle 3,Import général,1,431,Transporteur E,Ziguinchor,441.0,Mardi,pluies,dédouané avant arrivée,41.7,61.0,True,200604
CRI-01731,2024-06-04,Môle 8,Hydrocarbures,2,434,Transporteur G,Kayes (Mali),997.8,Mardi,pluies,dédouané avant arrivée,74.0,69.3,True,960338
CRI-01732,2024-06-04,Terminal à Conteneurs,Biens de consommation,2,398,Transporteur A,Touba,194.9,Mardi,pluies,dédouanement en cours,71.4,42.8,False,385396
CRI-01733,2024-06-04,Terminal à Conteneurs,Hydrocarbures,1,396,Transporteur G,Thiès,66.9,Mardi,pluies,dédouané avant arrivée,54.6,38.0,True,131036
CRI-01734,2024-06-04,Môle 1,Équipements industriels,3,353,Transporteur G,Bamako (Mali),1277.5,Mardi,pluies,dédouané avant arrivée,40.6,24.1,True,0
CRI-01735,2024-06-04,Terminal Roulier,Import général,1,415,Transporteur G,Bamako (Mali),1174.7,Mardi,pluies,dédouané avant arrivée,51.5,39.5,True,119102
CRI-01736,2024-06-04,Môle 8,Matériaux de construction,1,390,Transporteur F,Kaolack,196.0,Mardi,pluies,bloqué (litige/documents),88.7,42.9,True,411485
CRI-01737,2024-06-04,Môle 1,Import général,1,454,Transporteur G,Bamako (Mali),1177.6,Mardi,pluies,dédouané avant arrivée,65.1,68.6,True,415135
CRI-01738,2024-06-04,Môle 8,Import général,1,445,Transporteur D,Bamako (Mali),1228.6,Mardi,pluies,dédouanement en cours,139.6,59.2,True,706939
CRI-01739,2024-06-04,Terminal Roulier,Import général,2,424,Transporteur A,Kaolack,190.2,Mardi,pluies,dédouanement en cours,153.2,34.2,False,1510313
CRI-01740,2024-06-04,Terminal à Conteneurs,Hydrocarbures,1,342,Transporteur F,Bamako (Mali),1279.3,Mardi,pluies,dédouanement en cours,68.8,26.0,True,131683
CRI-01741,2024-06-04,Môle 3,Import général,2,455,Transporteur F,Dakar (local),20.1,Mardi,pluies,bloqué (litige/documents),115.1,49.0,True,1030172
CRI-01742,2024-06-05,Terminal à Conteneurs,Denrées alimentaires,2,401,Transporteur G,Thiès,65.6,Mercredi,pluies,dédouanement en cours,61.4,33.4,True,262002
CRI-01743,2024-06-05,Terminal à Conteneurs,Matériaux de construction,2,326,Transporteur A,Dakar (local),20.2,Mercredi,pluies,dédouané avant arrivée,54.5,51.7,False,325599
CRI-01744,2024-06-05,Terminal à Conteneurs,Biens de consommation,2,382,Transporteur G,Dakar (local),20.1,Mercredi,pluies,bloqué (litige/documents),120.8,59.5,True,1292652
CRI-01745,2024-06-05,Terminal Roulier,Denrées alimentaires,1,344,Transporteur A,Thiès,68.9,Mercredi,pluies,dédouané avant arrivée,63.3,49.4,False,224062
CRI-01746,2024-06-05,Môle 8,Denrées alimentaires,2,377,Transporteur D,Dakar (local),19.3,Mercredi,pluies,dédouané avant arrivée,47.4,37.0,False,128302
CRI-01747,2024-06-05,Terminal à Conteneurs,Import général,1,286,Transporteur E,Ziguinchor,443.4,Mercredi,pluies,dédouané avant arrivée,51.8,39.1,False,101983
CRI-01748,2024-06-05,Môle 8,Matériaux de construction,1,375,Transporteur C,Dakar (local),20.1,Mercredi,pluies,dédouané avant arrivée,67.7,33.6,False,180569
CRI-01749,2024-06-05,Môle 8,Matériaux de construction,1,304,Transporteur C,Bamako (Mali),1204.5,Mercredi,pluies,dédouanement en cours,69.1,33.8,True,145155
CRI-01750,2024-06-05,Terminal Roulier,Denrées alimentaires,1,406,Transporteur A,Thiès,69.2,Mercredi,pluies,dédouanement en cours,104.0,57.1,True,469835
CRI-01751,2024-06-05,Môle 1,Import général,1,401,Transporteur D,Kayes (Mali),905.3,Mercredi,pluies,dédouané avant arrivée,78.3,39.9,True,280514
CRI-01752,2024-06-05,Môle 1,Hydrocarbures,2,390,Transporteur B,Kaédi (Mauritanie),453.7,Mercredi,pluies,dédouanement en cours,68.0,44.5,True,517248
CRI-01753,2024-06-05,Terminal à Conteneurs,Denrées alimentaires,1,360,Transporteur C,Dakar (local),20.1,Mercredi,pluies,dédouanement en cours,75.2,41.4,False,208413
CRI-01754,2024-06-05,Môle 3,Biens de consommation,2,357,Transporteur G,Bamako (Mali),1224.3,Mercredi,pluies,dédouanement en cours,50.0,22.9,True,8705
CRI-01755,2024-06-05,Môle 8,Import général,3,455,Transporteur D,Bamako (Mali),1276.1,Mercredi,pluies,bloqué (litige/documents),164.0,69.0,True,2999682
CRI-01756,2024-06-05,Môle 1,Matériaux de construction,1,315,Transporteur indépendant,Kayes (Mali),973.2,Mercredi,pluies,dédouanement en cours,107.2,44.8,True,504927
CRI-01757,2024-06-06,Terminal à Conteneurs,Import général,2,413,Transporteur A,Tambacounda,484.9,Jeudi,pluies,dédouanement en cours,97.2,27.3,True,691725
CRI-01758,2024-06-06,Môle 3,Import général,1,363,Transporteur E,Ziguinchor,452.7,Jeudi,pluies,dédouanement en cours,91.1,36.6,True,371514
CRI-01759,2024-06-06,Môle 3,Denrées alimentaires,1,385,Transporteur A,Kaédi (Mauritanie),475.4,Jeudi,pluies,dédouané avant arrivée,74.1,36.9,True,271795
CRI-01760,2024-06-06,Terminal à Conteneurs,Matériaux de construction,2,335,Transporteur D,Bamako (Mali),1287.0,Jeudi,pluies,dédouanement en cours,82.8,37.4,True,479373
CRI-01761,2024-06-06,Môle 8,Biens de consommation,1,382,Transporteur indépendant,Kaolack,184.4,Jeudi,pluies,dédouanement en cours,59.3,40.6,True,189861
CRI-01762,2024-06-06,Terminal à Conteneurs,Denrées alimentaires,1,369,Transporteur F,Dakar (local),20.4,Jeudi,pluies,dédouané avant arrivée,30.8,66.2,True,139131
CRI-01763,2024-06-06,Môle 8,Denrées alimentaires,3,377,Transporteur D,Bamako (Mali),1266.7,Jeudi,pluies,dédouané avant arrivée,70.6,29.4,True,535876
CRI-01764,2024-06-06,Môle 1,Matériaux de construction,2,404,Transporteur F,Touba,189.6,Jeudi,pluies,bloqué (litige/documents),94.9,30.4,False,563971
CRI-01765,2024-06-06,Môle 3,Denrées alimentaires,1,329,Transporteur F,Bamako (Mali),1260.0,Jeudi,pluies,dédouanement en cours,88.7,52.3,True,314681
CRI-01766,2024-06-06,Môle 8,Matériaux de construction,2,347,Transporteur C,Bamako (Mali),1226.0,Jeudi,pluies,bloqué (litige/documents),113.7,35.4,True,822053
CRI-01767,2024-06-06,Môle 3,Hydrocarbures,3,392,Transporteur A,Dakar (local),19.5,Jeudi,pluies,dédouanement en cours,101.1,65.2,False,1491853
CRI-01768,2024-06-07,Terminal Roulier,Import général,1,373,Transporteur E,Kaédi (Mauritanie),482.5,Vendredi,pluies,dédouanement en cours,61.7,34.0,True,140779
CRI-01769,2024-06-07,Terminal à Conteneurs,Import général,1,331,Transporteur F,Bamako (Mali),1142.5,Vendredi,pluies,dédouanement en cours,49.1,51.4,True,181973
CRI-01770,2024-06-07,Môle 3,Hydrocarbures,1,324,Transporteur B,Thiès,72.4,Vendredi,pluies,dédouanement en cours,114.7,18.7,False,317813
CRI-01771,2024-06-07,Môle 8,Import général,3,311,Transporteur E,Thiès,72.1,Vendredi,pluies,dédouanement en cours,94.7,65.1,False,1236752
CRI-01772,2024-06-07,Môle 8,Import général,2,363,Transporteur B,Touba,198.7,Vendredi,pluies,dédouané avant arrivée,104.7,87.0,False,1558386
CRI-01773,2024-06-07,Terminal à Conteneurs,Denrées alimentaires,3,329,Transporteur B,Bamako (Mali),1254.0,Vendredi,pluies,dédouané avant arrivée,60.3,54.4,True,607429
CRI-01774,2024-06-08,Môle 1,Hydrocarbures,1,353,Transporteur G,Kayes (Mali),966.6,Samedi,pluies,dédouané avant arrivée,110.5,41.3,True,360489
CRI-01775,2024-06-08,Môle 3,Biens de consommation,1,366,Transporteur indépendant,Kayes (Mali),982.5,Samedi,pluies,dédouané avant arrivée,46.5,31.4,True,30222
CRI-01776,2024-06-08,Môle 1,Matériaux de construction,4,332,Transporteur E,Dakar (local),20.0,Samedi,pluies,dédouanement en cours,44.4,46.9,True,426300
CRI-01777,2024-06-08,Môle 1,Import général,1,400,Transporteur E,Touba,196.4,Samedi,pluies,dédouané avant arrivée,36.5,47.2,True,72159
CRI-01778,2024-06-08,Môle 3,Import général,1,289,Transporteur G,Dakar (local),20.7,Samedi,pluies,dédouané avant arrivée,43.9,60.4,False,203396
CRI-01779,2024-06-08,Terminal à Conteneurs,Matériaux de construction,1,434,Transporteur A,Tambacounda,482.0,Samedi,pluies,dédouané avant arrivée,76.1,81.3,True,531201
CRI-01780,2024-06-08,Môle 8,Matériaux de construction,4,372,Transporteur D,Thiès,67.1,Samedi,pluies,dédouané avant arrivée,59.1,34.8,True,506434
CRI-01781,2024-06-08,Môle 3,Denrées alimentaires,1,279,Transporteur indépendant,Dakar (local),20.3,Samedi,pluies,dédouané avant arrivée,45.3,42.4,True,77785
CRI-01782,2024-06-08,Terminal à Conteneurs,Matériaux de construction,1,382,Transporteur A,Bamako (Mali),1197.3,Samedi,pluies,dédouané avant arrivée,50.7,48.2,True,123997
CRI-01783,2024-06-08,Môle 1,Import général,1,344,Transporteur E,Tambacounda,458.9,Samedi,pluies,dédouané avant arrivée,83.2,26.0,True,210664
CRI-01784,2024-06-08,Môle 3,Matériaux de construction,1,388,Transporteur F,Dakar (local),20.3,Samedi,pluies,dédouanement en cours,74.6,60.1,True,359641
CRI-01785,2024-06-08,Môle 3,Import général,2,362,Transporteur indépendant,Tambacounda,491.2,Samedi,pluies,bloqué (litige/documents),114.0,92.7,True,1497046
CRI-01786,2024-06-09,Môle 1,Équipements industriels,2,234,Transporteur indépendant,Kaolack,192.6,Dimanche,pluies,dédouanement en cours,58.2,19.0,False,70484
CRI-01787,2024-06-09,Môle 8,Équipements industriels,1,307,Transporteur indépendant,Kayes (Mali),933.6,Dimanche,pluies,dédouané avant arrivée,56.4,25.8,True,65142
CRI-01788,2024-06-09,Terminal à Conteneurs,Hydrocarbures,1,219,Transporteur E,Kayes (Mali),851.3,Dimanche,pluies,dédouanement en cours,32.1,41.1,True,5347
CRI-01789,2024-06-09,Môle 8,Équipements industriels,1,310,Transporteur D,Touba,202.0,Dimanche,pluies,dédouanement en cours,130.1,25.2,True,401969
CRI-01790,2024-06-09,Môle 1,Équipements industriels,1,292,Transporteur indépendant,Bamako (Mali),1232.2,Dimanche,pluies,dédouané avant arrivée,94.8,33.8,True,336510
CRI-01791,2024-06-09,Môle 1,Import général,2,252,Transporteur B,Bamako (Mali),1170.2,Dimanche,pluies,dédouané avant arrivée,57.2,40.8,True,355971
CRI-01792,2024-06-09,Terminal Roulier,Biens de consommation,1,268,Transporteur E,Kaolack,188.3,Dimanche,pluies,dédouané avant arrivée,26.9,9.4,False,0
CRI-01793,2024-06-09,Môle 8,Hydrocarbures,1,274,Transporteur D,Tambacounda,456.3,Dimanche,pluies,dédouané avant arrivée,37.1,41.1,True,36786
CRI-01794,2024-06-09,Terminal à Conteneurs,Équipements industriels,1,212,Transporteur indépendant,Kayes (Mali),985.1,Dimanche,pluies,dédouané avant arrivée,51.9,30.6,True,51506
CRI-01795,2024-06-09,Terminal Roulier,Denrées alimentaires,2,251,Transporteur D,Kaédi (Mauritanie),467.8,Dimanche,pluies,dédouané avant arrivée,45.2,46.4,False,182487
CRI-01796,2024-06-09,Môle 3,Import général,1,185,Transporteur E,Bamako (Mali),1211.0,Dimanche,pluies,dédouané avant arrivée,79.6,32.9,True,274542
CRI-01797,2024-06-10,Terminal à Conteneurs,Import général,1,422,Transporteur A,Kayes (Mali),1000.1,Lundi,pluies,dédouané avant arrivée,57.8,116.5,True,610190
CRI-01798,2024-06-10,Môle 3,Matériaux de construction,1,517,Transporteur E,Touba,192.6,Lundi,pluies,dédouanement en cours,113.2,70.9,True,632867
CRI-01799,2024-06-10,Terminal Roulier,Matériaux de construction,3,399,Transporteur A,Kaédi (Mauritanie),475.7,Lundi,pluies,dédouané avant arrivée,53.1,26.5,False,103522
CRI-01800,2024-06-10,Terminal Roulier,Hydrocarbures,1,374,Transporteur B,Kayes (Mali),935.0,Lundi,pluies,bloqué (litige/documents),82.5,31.4,True,219941
CRI-01801,2024-06-10,Môle 3,Denrées alimentaires,1,431,Transporteur C,Bamako (Mali),1225.9,Lundi,pluies,dédouanement en cours,74.9,36.0,True,234068
CRI-01802,2024-06-10,Terminal à Conteneurs,Matériaux de construction,2,408,Transporteur E,Thiès,71.1,Lundi,pluies,dédouané avant arrivée,81.4,76.8,True,1039382
CRI-01803,2024-06-10,Môle 1,Matériaux de construction,2,370,Transporteur indépendant,Dakar (local),19.5,Lundi,pluies,dédouanement en cours,81.1,59.8,False,754667
CRI-01804,2024-06-10,Môle 3,Hydrocarbures,4,361,Transporteur B,Kaédi (Mauritanie),480.6,Lundi,pluies,dédouané avant arrivée,37.4,55.2,True,415000
CRI-01805,2024-06-10,Môle 3,Import général,4,504,Transporteur A,Ziguinchor,452.7,Lundi,pluies,bloqué (litige/documents),117.7,52.4,True,2105476
CRI-01806,2024-06-10,Terminal à Conteneurs,Import général,1,463,Transporteur D,Dakar (local),20.1,Lundi,pluies,dédouané avant arrivée,97.1,73.8,True,624395
CRI-01807,2024-06-10,Terminal à Conteneurs,Denrées alimentaires,1,370,Transporteur F,Tambacounda,472.5,Lundi,pluies,dédouané avant arrivée,43.3,60.4,True,167399
CRI-01808,2024-06-10,Môle 3,Équipements industriels,1,509,Transporteur C,Ziguinchor,461.3,Lundi,pluies,dédouané avant arrivée,76.3,20.1,True,161418
CRI-01809,2024-06-10,Môle 3,Matériaux de construction,1,352,Transporteur D,Ziguinchor,433.5,Lundi,pluies,bloqué (litige/documents),124.1,56.2,True,540527
CRI-01810,2024-06-10,Môle 3,Biens de consommation,1,447,Transporteur C,Ziguinchor,462.9,Lundi,pluies,dédouané avant arrivée,85.5,43.6,True,312519
CRI-01811,2024-06-11,Môle 1,Hydrocarbures,1,342,Transporteur F,Kaolack,185.4,Mardi,pluies,dédouané avant arrivée,48.6,43.2,True,103459
CRI-01812,2024-06-11,Môle 8,Denrées alimentaires,3,425,Transporteur indépendant,Touba,190.7,Mardi,pluies,bloqué (litige/documents),130.1,30.3,True,1450889
CRI-01813,2024-06-11,Môle 8,Biens de consommation,1,344,Transporteur C,Kaédi (Mauritanie),472.3,Mardi,pluies,dédouanement en cours,106.2,82.1,True,628624
CRI-01814,2024-06-11,Terminal Roulier,Import général,2,484,Transporteur C,Kayes (Mali),880.4,Mardi,pluies,dédouané avant arrivée,66.9,84.4,True,1032300
CRI-01815,2024-06-11,Terminal Roulier,Denrées alimentaires,2,361,Transporteur G,Dakar (local),19.4,Mardi,pluies,dédouané avant arrivée,76.8,51.5,False,763871
CRI-01816,2024-06-11,Môle 1,Denrées alimentaires,1,478,Transporteur G,Bamako (Mali),1157.6,Mardi,pluies,dédouané avant arrivée,98.0,77.4,True,577620
CRI-01817,2024-06-11,Terminal à Conteneurs,Hydrocarbures,1,382,Transporteur indépendant,Kaolack,182.9,Mardi,pluies,dédouanement en cours,51.7,48.5,True,168658
CRI-01818,2024-06-11,Môle 3,Import général,1,423,Transporteur E,Tambacounda,470.1,Mardi,pluies,dédouané avant arrivée,61.4,83.5,True,370471
CRI-01819,2024-06-11,Terminal à Conteneurs,Hydrocarbures,1,494,Transporteur A,Bamako (Mali),1213.7,Mardi,pluies,dédouanement en cours,111.2,58.8,True,478170
CRI-01820,2024-06-11,Terminal à Conteneurs,Biens de consommation,2,464,Transporteur F,Dakar (local),20.6,Mardi,pluies,dédouanement en cours,90.1,32.4,True,598128
CRI-01821,2024-06-11,Môle 1,Hydrocarbures,1,465,Transporteur indépendant,Bamako (Mali),1214.5,Mardi,pluies,dédouanement en cours,126.6,56.4,True,602464
CRI-01822,2024-06-11,Terminal Roulier,Biens de consommation,4,416,Transporteur E,Ziguinchor,459.6,Mardi,pluies,dédouané avant arrivée,53.1,33.4,True,388179
CRI-01823,2024-06-11,Môle 1,Import général,4,358,Transporteur A,Bamako (Mali),1185.0,Mardi,pluies,dédouanement en cours,92.6,67.7,False,2398218
CRI-01824,2024-06-11,Terminal à Conteneurs,Biens de consommation,1,486,Transporteur B,Dakar (local),19.6,Mardi,pluies,dédouanement en cours,118.4,45.0,True,464754
CRI-01825,2024-06-11,Môle 1,Import général,1,409,Transporteur B,Kaolack,190.5,Mardi,pluies,dédouané avant arrivée,79.6,42.9,True,309911
CRI-01826,2024-06-11,Terminal Roulier,Denrées alimentaires,1,387,Transporteur indépendant,Kayes (Mali),920.8,Mardi,pluies,dédouané avant arrivée,55.7,59.8,True,213427
CRI-01827,2024-06-11,Môle 1,Denrées alimentaires,1,389,Transporteur indépendant,Bamako (Mali),1222.5,Mardi,pluies,dédouanement en cours,58.4,57.8,True,262856
CRI-01828,2024-06-12,Terminal à Conteneurs,Import général,3,395,Transporteur E,Kaolack,189.1,Mercredi,pluies,dédouané avant arrivée,50.9,77.5,True,1083793
CRI-01829,2024-06-12,Terminal à Conteneurs,Matériaux de construction,1,333,Transporteur D,Thiès,69.9,Mercredi,pluies,bloqué (litige/documents),163.1,41.6,True,772014
CRI-01830,2024-06-12,Terminal à Conteneurs,Import général,1,345,Transporteur G,Bamako (Mali),1233.6,Mercredi,pluies,dédouané avant arrivée,44.0,69.1,True,202786
CRI-01831,2024-06-12,Terminal à Conteneurs,Biens de consommation,2,257,Transporteur G,Touba,184.4,Mercredi,pluies,dédouané avant arrivée,39.1,64.4,False,297914
CRI-01832,2024-06-12,Terminal à Conteneurs,Import général,1,288,Transporteur C,Kayes (Mali),917.8,Mercredi,pluies,dédouané avant arrivée,33.4,60.6,True,109259
CRI-01833,2024-06-12,Môle 3,Équipements industriels,1,377,Transporteur F,Bamako (Mali),1240.3,Mercredi,pluies,dédouanement en cours,75.2,59.0,True,421022
CRI-01834,2024-06-12,Terminal Roulier,Matériaux de construction,2,296,Transporteur E,Bamako (Mali),1272.3,Mercredi,pluies,dédouanement en cours,63.7,52.3,True,410948
CRI-01835,2024-06-12,Terminal à Conteneurs,Import général,2,332,Transporteur C,Kayes (Mali),965.8,Mercredi,pluies,bloqué (litige/documents),103.0,53.4,True,1020844
CRI-01836,2024-06-12,Terminal à Conteneurs,Équipements industriels,3,314,Transporteur D,Tambacounda,478.5,Mercredi,pluies,dédouané avant arrivée,48.4,40.1,True,248935
CRI-01837,2024-06-12,Môle 1,Import général,1,357,Transporteur indépendant,Kayes (Mali),933.5,Mercredi,pluies,dédouanement en cours,66.4,39.4,True,227684
CRI-01838,2024-06-12,Terminal à Conteneurs,Biens de consommation,2,391,Transporteur B,Touba,189.6,Mercredi,pluies,dédouanement en cours,67.5,48.6,False,405296
CRI-01839,2024-06-13,Môle 3,Hydrocarbures,1,382,Transporteur C,Dakar (local),19.6,Jeudi,pluies,dédouané avant arrivée,78.6,41.1,True,319499
CRI-01840,2024-06-13,Terminal Roulier,Matériaux de construction,4,405,Transporteur F,Ziguinchor,431.6,Jeudi,pluies,dédouanement en cours,83.2,45.9,True,1505603
CRI-01841,2024-06-13,Terminal à Conteneurs,Matériaux de construction,2,303,Transporteur D,Tambacounda,483.3,Jeudi,pluies,dédouané avant arrivée,79.3,39.7,True,509902
CRI-01842,2024-06-13,Terminal à Conteneurs,Denrées alimentaires,1,338,Transporteur E,Kaolack,196.9,Jeudi,pluies,bloqué (litige/documents),137.0,51.1,False,543597
CRI-01843,2024-06-13,Terminal à Conteneurs,Matériaux de construction,1,304,Transporteur A,Dakar (local),19.9,Jeudi,pluies,dédouanement en cours,70.9,24.2,False,141701
CRI-01844,2024-06-13,Môle 1,Import général,2,380,Transporteur A,Dakar (local),20.2,Jeudi,pluies,dédouanement en cours,70.9,52.0,False,650625
CRI-01845,2024-06-13,Terminal Roulier,Biens de consommation,1,431,Transporteur C,Thiès,69.7,Jeudi,pluies,dédouané avant arrivée,56.6,68.1,True,305940
CRI-01846,2024-06-13,Terminal à Conteneurs,Matériaux de construction,1,344,Transporteur G,Kaolack,184.6,Jeudi,pluies,dédouané avant arrivée,65.0,38.5,False,154471
CRI-01847,2024-06-14,Terminal à Conteneurs,Biens de consommation,3,284,Transporteur E,Tambacounda,499.2,Vendredi,pluies,dédouané avant arrivée,62.4,37.6,True,460638
CRI-01848,2024-06-14,Terminal à Conteneurs,Hydrocarbures,2,363,Transporteur D,Dakar (local),19.0,Vendredi,pluies,dédouanement en cours,82.1,35.9,True,534534
CRI-01849,2024-06-14,Môle 8,Biens de consommation,2,389,Transporteur indépendant,Kaédi (Mauritanie),472.9,Vendredi,pluies,bloqué (litige/documents),131.5,38.9,True,1131029
CRI-01850,2024-06-14,Môle 3,Import général,1,400,Transporteur C,Kaolack,191.6,Vendredi,pluies,bloqué (litige/documents),220.9,61.6,True,1103731
CRI-01851,2024-06-14,Terminal à Conteneurs,Biens de consommation,1,368,Transporteur A,Kaolack,189.1,Vendredi,pluies,dédouané avant arrivée,71.4,11.6,False,55154
CRI-01852,2024-06-14,Terminal à Conteneurs,Matériaux de construction,4,323,Transporteur E,Thiès,69.4,Vendredi,pluies,dédouanement en cours,73.4,21.1,True,439121
CRI-01853,2024-06-14,Terminal à Conteneurs,Matériaux de construction,1,274,Transporteur G,Bamako (Mali),1202.7,Vendredi,pluies,bloqué (litige/documents),98.8,57.9,True,587718
CRI-01854,2024-06-14,Môle 8,Import général,1,334,Transporteur B,Thiès,73.1,Vendredi,pluies,bloqué (litige/documents),101.8,44.9,False,347658
CRI-01855,2024-06-14,Terminal Roulier,Matériaux de construction,2,373,Transporteur indépendant,Thiès,72.1,Vendredi,pluies,dédouanement en cours,92.7,31.0,True,473709
CRI-01856,2024-06-14,Terminal à Conteneurs,Import général,1,226,Transporteur F,Bamako (Mali),1213.4,Vendredi,pluies,dédouanement en cours,42.8,35.1,True,33348
CRI-01857,2024-06-15,Terminal à Conteneurs,Matériaux de construction,3,285,Transporteur B,Touba,196.7,Samedi,pluies,dédouané avant arrivée,56.8,70.1,False,741426
CRI-01858,2024-06-15,Terminal à Conteneurs,Hydrocarbures,1,376,Transporteur A,Bamako (Mali),1241.3,Samedi,pluies,dédouané avant arrivée,62.8,38.0,True,150394
CRI-01859,2024-06-15,Môle 8,Matériaux de construction,1,348,Transporteur B,Ziguinchor,453.6,Samedi,pluies,dédouanement en cours,101.7,35.7,True,378258
CRI-01860,2024-06-15,Môle 3,Import général,1,358,Transporteur indépendant,Bamako (Mali),1219.6,Samedi,pluies,dédouanement en cours,108.0,77.4,True,607499
CRI-01861,2024-06-15,Môle 1,Denrées alimentaires,1,287,Transporteur indépendant,Bamako (Mali),1210.8,Samedi,pluies,dédouané avant arrivée,53.2,37.1,True,92068
CRI-01862,2024-06-15,Terminal Roulier,Matériaux de construction,2,369,Transporteur C,Kayes (Mali),931.7,Samedi,pluies,dédouané avant arrivée,48.4,53.0,True,314469
CRI-01863,2024-06-15,Terminal à Conteneurs,Denrées alimentaires,1,334,Transporteur B,Kaédi (Mauritanie),493.1,Samedi,pluies,dédouanement en cours,65.4,71.7,False,322163
CRI-01864,2024-06-15,Môle 1,Matériaux de construction,1,374,Transporteur E,Bamako (Mali),1203.7,Samedi,pluies,dédouané avant arrivée,46.2,36.1,True,65666
CRI-01865,2024-06-15,Môle 8,Import général,2,343,Transporteur C,Kayes (Mali),895.2,Samedi,pluies,dédouanement en cours,66.1,38.1,True,401301
CRI-01866,2024-06-15,Môle 3,Denrées alimentaires,3,374,Transporteur G,Thiès,68.1,Samedi,pluies,dédouanement en cours,100.7,103.1,False,1986449
CRI-01867,2024-06-15,Môle 1,Matériaux de construction,4,302,Transporteur E,Dakar (local),19.8,Samedi,pluies,dédouané avant arrivée,30.9,90.5,False,1340537
CRI-01868,2024-06-15,Môle 8,Import général,1,335,Transporteur indépendant,Tambacounda,452.0,Samedi,pluies,dédouané avant arrivée,50.8,26.2,True,33194
CRI-01869,2024-06-15,Terminal Roulier,Import général,1,334,Transporteur C,Dakar (local),20.2,Samedi,pluies,dédouané avant arrivée,44.8,33.5,False,32757
CRI-01870,2024-06-15,Terminal Roulier,Import général,1,379,Transporteur F,Touba,186.6,Samedi,pluies,dédouané avant arrivée,75.0,57.7,True,299173
CRI-01871,2024-06-15,Terminal à Conteneurs,Denrées alimentaires,2,376,Transporteur A,Bamako (Mali),1281.9,Samedi,pluies,dédouané avant arrivée,70.5,30.5,True,371822
CRI-01872,2024-06-15,Môle 3,Import général,2,302,Transporteur E,Bamako (Mali),1123.4,Samedi,pluies,dédouané avant arrivée,40.2,64.1,True,386973
CRI-01873,2024-06-16,Môle 1,Matériaux de construction,1,279,Transporteur E,Kaédi (Mauritanie),448.2,Dimanche,pluies,bloqué (litige/documents),147.4,28.1,False,529645
CRI-01874,2024-06-16,Terminal à Conteneurs,Matériaux de construction,1,273,Transporteur G,Dakar (local),20.0,Dimanche,pluies,dédouanement en cours,94.3,46.1,False,477580
CRI-01875,2024-06-16,Terminal à Conteneurs,Import général,1,228,Transporteur indépendant,Ziguinchor,442.4,Dimanche,pluies,dédouanement en cours,44.4,40.0,False,60045
CRI-01876,2024-06-16,Môle 3,Import général,1,266,Transporteur E,Bamako (Mali),1280.8,Dimanche,pluies,bloqué (litige/documents),77.1,29.3,True,191443
CRI-01877,2024-06-16,Terminal Roulier,Biens de consommation,1,252,Transporteur D,Kayes (Mali),914.2,Dimanche,pluies,dédouané avant arrivée,43.7,19.3,True,0
CRI-01878,2024-06-16,Terminal Roulier,Denrées alimentaires,1,224,Transporteur A,Kaolack,192.5,Dimanche,pluies,dédouanement en cours,74.0,41.5,False,265452
CRI-01879,2024-06-16,Môle 8,Denrées alimentaires,2,248,Transporteur B,Kaolack,191.3,Dimanche,pluies,dédouané avant arrivée,42.1,49.2,False,232518
CRI-01880,2024-06-16,Môle 8,Denrées alimentaires,2,263,Transporteur D,Dakar (local),21.1,Dimanche,pluies,dédouané avant arrivée,37.4,57.6,False,306582
CRI-01881,2024-06-16,Terminal Roulier,Import général,1,279,Transporteur indépendant,Dakar (local),19.7,Dimanche,pluies,dédouané avant arrivée,38.5,37.7,True,22223
CRI-01882,2024-06-16,Môle 8,Biens de consommation,3,315,Transporteur B,Thiès,70.1,Dimanche,pluies,dédouané avant arrivée,80.9,49.0,False,905234
CRI-01883,2024-06-16,Môle 1,Denrées alimentaires,1,254,Transporteur F,Kayes (Mali),928.4,Dimanche,pluies,dédouané avant arrivée,47.8,34.8,True,68576
CRI-01884,2024-06-16,Môle 8,Matériaux de construction,1,279,Transporteur B,Bamako (Mali),1178.3,Dimanche,pluies,dédouanement en cours,56.9,29.0,True,78738
CRI-01885,2024-06-17,Môle 1,Biens de consommation,4,450,Transporteur indépendant,Dakar (local),19.3,Lundi,pluies,dédouanement en cours,172.7,81.5,True,3970657
CRI-01886,2024-06-17,Môle 3,Matériaux de construction,1,394,Transporteur C,Dakar (local),19.3,Lundi,pluies,bloqué (litige/documents),111.1,32.4,False,357135
CRI-01887,2024-06-17,Môle 1,Matériaux de construction,1,399,Transporteur E,Bamako (Mali),1199.3,Lundi,pluies,dédouané avant arrivée,62.0,46.7,True,237141
CRI-01888,2024-06-17,Terminal à Conteneurs,Matériaux de construction,2,434,Transporteur D,Kaolack,185.0,Lundi,pluies,dédouané avant arrivée,107.4,39.1,True,790888
CRI-01889,2024-06-17,Môle 3,Import général,1,403,Transporteur B,Dakar (local),20.7,Lundi,pluies,dédouané avant arrivée,75.9,85.7,False,410265
CRI-01890,2024-06-17,Terminal à Conteneurs,Hydrocarbures,1,355,Transporteur G,Ziguinchor,443.6,Lundi,pluies,dédouanement en cours,52.5,78.6,True,385496
CRI-01891,2024-06-17,Môle 8,Import général,2,419,Transporteur C,Kaédi (Mauritanie),446.7,Lundi,pluies,dédouanement en cours,63.3,71.4,True,770631
CRI-01892,2024-06-18,Terminal à Conteneurs,Biens de consommation,3,388,Transporteur E,Tambacounda,461.3,Mardi,pluies,dédouané avant arrivée,52.9,50.0,True,468334
CRI-01893,2024-06-18,Môle 1,Import général,1,439,Transporteur G,Dakar (local),20.0,Mardi,pluies,dédouané avant arrivée,62.4,76.7,False,330201
CRI-01894,2024-06-18,Terminal à Conteneurs,Denrées alimentaires,4,422,Transporteur D,Kaolack,183.2,Mardi,pluies,dédouané avant arrivée,63.1,47.0,True,798004
CRI-01895,2024-06-18,Terminal à Conteneurs,Import général,2,412,Transporteur G,Tambacounda,477.2,Mardi,pluies,dédouanement en cours,113.6,60.4,True,1233680
CRI-01896,2024-06-18,Môle 1,Import général,4,378,Transporteur F,Kayes (Mali),963.8,Mardi,pluies,dédouané avant arrivée,62.0,77.2,True,1710365
CRI-01897,2024-06-18,Môle 1,Import général,1,371,Transporteur D,Dakar (local),20.3,Mardi,pluies,bloqué (litige/documents),179.7,50.5,False,1050375
CRI-01898,2024-06-18,Terminal à Conteneurs,Denrées alimentaires,1,447,Transporteur D,Bamako (Mali),1181.2,Mardi,pluies,dédouané avant arrivée,62.7,47.0,True,261074
CRI-01899,2024-06-18,Terminal à Conteneurs,Import général,2,410,Transporteur A,Kaolack,182.4,Mardi,pluies,dédouané avant arrivée,67.1,32.3,False,295582
CRI-01900,2024-06-18,Terminal à Conteneurs,Biens de consommation,1,328,Transporteur D,Bamako (Mali),1247.4,Mardi,pluies,dédouané avant arrivée,53.5,41.1,True,113315
CRI-01901,2024-06-18,Môle 1,Denrées alimentaires,1,455,Transporteur B,Thiès,69.1,Mardi,pluies,dédouanement en cours,73.4,63.7,False,408791
CRI-01902,2024-06-18,Terminal à Conteneurs,Import général,1,500,Transporteur indépendant,Thiès,70.0,Mardi,pluies,dédouané avant arrivée,66.9,36.1,True,144766
CRI-01903,2024-06-18,Terminal à Conteneurs,Denrées alimentaires,1,395,Transporteur A,Bamako (Mali),1261.4,Mardi,pluies,dédouané avant arrivée,64.0,61.6,True,251049
CRI-01904,2024-06-18,Terminal à Conteneurs,Matériaux de construction,1,376,Transporteur A,Dakar (local),19.8,Mardi,pluies,dédouané avant arrivée,33.1,29.5,False,0
CRI-01905,2024-06-18,Môle 1,Denrées alimentaires,1,385,Transporteur D,Dakar (local),20.1,Mardi,pluies,dédouanement en cours,77.5,50.2,True,363425
CRI-01906,2024-06-19,Terminal Roulier,Import général,2,309,Transporteur G,Kayes (Mali),928.8,Mercredi,pluies,dédouanement en cours,80.7,49.9,True,623109
CRI-01907,2024-06-19,Môle 1,Hydrocarbures,1,319,Transporteur B,Tambacounda,496.0,Mercredi,pluies,dédouanement en cours,44.6,29.0,False,9384
CRI-01908,2024-06-19,Terminal à Conteneurs,Matériaux de construction,1,367,Transporteur E,Kayes (Mali),915.7,Mercredi,pluies,dédouanement en cours,114.8,23.0,True,441423
CRI-01909,2024-06-19,Terminal Roulier,Matériaux de construction,1,354,Transporteur E,Bamako (Mali),1149.8,Mercredi,pluies,dédouanement en cours,58.5,37.3,True,125573
CRI-01910,2024-06-19,Môle 8,Matériaux de construction,2,402,Transporteur G,Dakar (local),19.6,Mercredi,pluies,bloqué (litige/documents),63.8,84.2,False,977113
CRI-01911,2024-06-19,Môle 3,Denrées alimentaires,3,382,Transporteur C,Dakar (local),19.3,Mercredi,pluies,bloqué (litige/documents),134.2,49.9,True,1872805
CRI-01912,2024-06-19,Môle 8,Matériaux de construction,1,417,Transporteur D,Thiès,70.8,Mercredi,pluies,bloqué (litige/documents),75.0,47.6,True,244818
CRI-01913,2024-06-19,Terminal à Conteneurs,Import général,1,361,Transporteur C,Kaolack,206.2,Mercredi,pluies,dédouanement en cours,56.3,56.7,False,190590
CRI-01914,2024-06-19,Môle 3,Import général,2,322,Transporteur B,Thiès,71.7,Mercredi,pluies,dédouanement en cours,96.0,41.7,False,817576
CRI-01915,2024-06-19,Môle 1,Équipements industriels,3,340,Transporteur G,Dakar (local),20.2,Mercredi,pluies,dédouanement en cours,94.3,46.7,False,1306027
CRI-01916,2024-06-19,Môle 3,Matériaux de construction,3,351,Transporteur B,Bamako (Mali),1175.5,Mercredi,pluies,dédouané avant arrivée,56.8,64.1,True,668582
CRI-01917,2024-06-19,Terminal Roulier,Matériaux de construction,1,352,Transporteur B,Kayes (Mali),956.5,Mercredi,pluies,bloqué (litige/documents),109.9,41.9,True,536941
CRI-01918,2024-06-20,Terminal à Conteneurs,Matériaux de construction,1,268,Transporteur B,Touba,186.1,Jeudi,pluies,dédouanement en cours,56.6,34.5,False,132423
CRI-01919,2024-06-20,Môle 3,Import général,2,314,Transporteur G,Bamako (Mali),1236.9,Jeudi,pluies,dédouané avant arrivée,53.1,21.9,True,34440
CRI-01920,2024-06-20,Terminal à Conteneurs,Équipements industriels,3,376,Transporteur A,Kayes (Mali),935.0,Jeudi,pluies,dédouanement en cours,45.0,70.1,True,872813
CRI-01921,2024-06-20,Terminal à Conteneurs,Denrées alimentaires,1,329,Transporteur D,Kayes (Mali),928.5,Jeudi,pluies,dédouanement en cours,90.0,34.7,True,316714
CRI-01922,2024-06-20,Terminal à Conteneurs,Denrées alimentaires,1,299,Transporteur B,Thiès,67.5,Jeudi,pluies,dédouané avant arrivée,42.1,15.0,False,0
CRI-01923,2024-06-20,Môle 3,Biens de consommation,1,383,Transporteur E,Ziguinchor,451.8,Jeudi,pluies,dédouanement en cours,85.6,33.0,True,220663
CRI-01924,2024-06-20,Terminal à Conteneurs,Denrées alimentaires,1,398,Transporteur C,Bamako (Mali),1242.2,Jeudi,pluies,dédouané avant arrivée,76.8,50.1,True,378550
CRI-01925,2024-06-20,Terminal à Conteneurs,Biens de consommation,2,308,Transporteur D,Kaédi (Mauritanie),472.8,Jeudi,pluies,dédouané avant arrivée,77.0,48.8,True,616188
CRI-01926,2024-06-20,Terminal Roulier,Import général,1,284,Transporteur F,Bamako (Mali),1223.7,Jeudi,pluies,dédouanement en cours,33.9,28.6,True,0
CRI-01927,2024-06-20,Terminal à Conteneurs,Biens de consommation,3,379,Transporteur B,Dakar (local),21.1,Jeudi,pluies,bloqué (litige/documents),103.1,43.4,True,1480635
CRI-01928,2024-06-21,Môle 8,Équipements industriels,1,352,Transporteur G,Kayes (Mali),978.0,Vendredi,pluies,dédouané avant arrivée,80.4,52.2,True,327423
CRI-01929,2024-06-21,Môle 3,Matériaux de construction,2,282,Transporteur E,Bamako (Mali),1245.9,Vendredi,pluies,dédouanement en cours,40.4,35.3,True,33964
CRI-01930,2024-06-21,Terminal à Conteneurs,Biens de consommation,2,394,Transporteur B,Dakar (local),19.9,Vendredi,pluies,dédouanement en cours,78.2,38.2,False,508412
CRI-01931,2024-06-21,Môle 8,Import général,1,375,Transporteur B,Thiès,73.4,Vendredi,pluies,dédouanement en cours,55.9,73.7,False,289817
CRI-01932,2024-06-21,Terminal Roulier,Denrées alimentaires,2,301,Transporteur A,Kayes (Mali),941.9,Vendredi,pluies,dédouané avant arrivée,69.7,22.9,True,268762
CRI-01933,2024-06-21,Môle 1,Import général,1,410,Transporteur B,Kaolack,186.8,Vendredi,pluies,dédouané avant arrivée,74.6,41.5,False,219023
CRI-01934,2024-06-21,Terminal à Conteneurs,Matériaux de construction,3,434,Transporteur D,Thiès,70.9,Vendredi,pluies,bloqué (litige/documents),173.0,50.6,True,2487203
CRI-01935,2024-06-21,Môle 3,Import général,2,303,Transporteur G,Dakar (local),19.8,Vendredi,pluies,dédouanement en cours,81.1,43.6,False,601161
CRI-01936,2024-06-21,Terminal Roulier,Denrées alimentaires,2,413,Transporteur A,Kayes (Mali),906.3,Vendredi,pluies,dédouané avant arrivée,49.4,32.8,True,101786
CRI-01937,2024-06-22,Terminal Roulier,Équipements industriels,2,422,Transporteur B,Kayes (Mali),915.9,Samedi,pluies,bloqué (litige/documents),112.2,61.7,True,1392703
CRI-01938,2024-06-22,Môle 8,Biens de consommation,1,320,Transporteur indépendant,Touba,190.9,Samedi,pluies,dédouané avant arrivée,62.3,39.6,False,196638
CRI-01939,2024-06-22,Môle 8,Import général,1,357,Transporteur C,Touba,194.3,Samedi,pluies,dédouané avant arrivée,44.3,67.8,False,230464
CRI-01940,2024-06-22,Terminal à Conteneurs,Denrées alimentaires,4,342,Transporteur indépendant,Touba,189.7,Samedi,pluies,bloqué (litige/documents),100.7,23.8,True,1082424
CRI-01941,2024-06-22,Môle 8,Matériaux de construction,2,371,Transporteur D,Ziguinchor,418.8,Samedi,pluies,dédouané avant arrivée,85.8,49.3,True,619237
CRI-01942,2024-06-22,Terminal Roulier,Biens de consommation,1,297,Transporteur F,Tambacounda,461.7,Samedi,pluies,dédouanement en cours,72.0,25.6,False,122707
CRI-01943,2024-06-22,Môle 1,Denrées alimentaires,1,297,Transporteur G,Dakar (local),20.6,Samedi,pluies,dédouané avant arrivée,81.3,44.3,False,303549
CRI-01944,2024-06-22,Môle 1,Import général,2,330,Transporteur G,Dakar (local),20.4,Samedi,pluies,bloqué (litige/documents),81.5,39.2,False,577810
CRI-01945,2024-06-22,Môle 3,Matériaux de construction,1,380,Transporteur F,Dakar (local),20.1,Samedi,pluies,dédouané avant arrivée,54.5,42.8,False,160435
CRI-01946,2024-06-22,Môle 8,Denrées alimentaires,1,332,Transporteur D,Dakar (local),19.6,Samedi,pluies,dédouanement en cours,76.5,61.1,False,433554
CRI-01947,2024-06-22,Terminal Roulier,Matériaux de construction,3,384,Transporteur C,Dakar (local),20.5,Samedi,pluies,bloqué (litige/documents),65.8,30.1,False,463209
CRI-01948,2024-06-22,Môle 8,Biens de consommation,4,357,Transporteur B,Bamako (Mali),1227.3,Samedi,pluies,dédouanement en cours,107.2,64.2,True,2385312
CRI-01949,2024-06-22,Terminal à Conteneurs,Biens de consommation,1,397,Transporteur B,Touba,191.6,Samedi,pluies,dédouanement en cours,115.3,31.7,False,518828
CRI-01950,2024-06-22,Môle 3,Denrées alimentaires,1,421,Transporteur D,Dakar (local),19.1,Samedi,pluies,dédouanement en cours,43.0,43.9,True,74194
CRI-01951,2024-06-22,Terminal Roulier,Biens de consommation,3,381,Transporteur G,Kaolack,190.1,Samedi,pluies,dédouanement en cours,82.1,21.6,False,498153
CRI-01952,2024-06-22,Môle 8,Équipements industriels,1,433,Transporteur C,Bamako (Mali),1190.1,Samedi,pluies,dédouané avant arrivée,60.2,30.4,True,83823
CRI-01953,2024-06-22,Terminal à Conteneurs,Import général,1,347,Transporteur D,Kaolack,185.5,Samedi,pluies,dédouanement en cours,77.4,29.9,False,159138
CRI-01954,2024-06-23,Môle 8,Denrées alimentaires,1,248,Transporteur G,Bamako (Mali),1265.1,Dimanche,pluies,dédouanement en cours,37.4,34.4,True,0
CRI-01955,2024-06-23,Môle 1,Denrées alimentaires,1,255,Transporteur D,Thiès,68.5,Dimanche,pluies,dédouané avant arrivée,66.1,22.6,False,79054
CRI-01956,2024-06-23,Môle 1,Biens de consommation,4,259,Transporteur D,Thiès,69.3,Dimanche,pluies,dédouanement en cours,126.5,21.4,False,1775806
CRI-01957,2024-06-23,Terminal à Conteneurs,Hydrocarbures,2,245,Transporteur D,Kayes (Mali),1003.8,Dimanche,pluies,bloqué (litige/documents),89.4,16.6,True,397830
CRI-01958,2024-06-23,Môle 3,Hydrocarbures,1,275,Transporteur F,Dakar (local),19.0,Dimanche,pluies,dédouanement en cours,44.4,38.5,False,64035
CRI-01959,2024-06-23,Terminal à Conteneurs,Import général,1,251,Transporteur C,Dakar (local),19.7,Dimanche,pluies,dédouané avant arrivée,57.2,13.6,False,0
CRI-01960,2024-06-23,Môle 3,Matériaux de construction,3,235,Transporteur E,Kaolack,192.1,Dimanche,pluies,dédouanement en cours,65.3,23.6,False,278447
CRI-01961,2024-06-23,Môle 1,Import général,2,266,Transporteur C,Bamako (Mali),1195.5,Dimanche,pluies,dédouanement en cours,70.7,49.4,True,508631
CRI-01962,2024-06-23,Terminal à Conteneurs,Denrées alimentaires,3,280,Transporteur A,Dakar (local),19.9,Dimanche,pluies,bloqué (litige/documents),126.8,53.2,False,1964725
CRI-01963,2024-06-23,Môle 1,Denrées alimentaires,4,309,Transporteur E,Dakar (local),19.5,Dimanche,pluies,bloqué (litige/documents),89.2,57.6,True,1537209
CRI-01964,2024-06-23,Môle 8,Équipements industriels,1,265,Transporteur indépendant,Dakar (local),20.5,Dimanche,pluies,dédouané avant arrivée,46.2,44.3,True,97241
CRI-01965,2024-06-24,Terminal à Conteneurs,Import général,2,448,Transporteur G,Thiès,73.0,Lundi,pluies,dédouané avant arrivée,99.1,34.5,False,582010
CRI-01966,2024-06-24,Môle 8,Hydrocarbures,2,374,Transporteur G,Thiès,69.3,Lundi,pluies,dédouané avant arrivée,74.9,38.6,False,521053
CRI-01967,2024-06-24,Môle 1,Matériaux de construction,1,344,Transporteur C,Thiès,69.1,Lundi,pluies,dédouané avant arrivée,60.4,63.3,False,315465
CRI-01968,2024-06-24,Terminal Roulier,Matériaux de construction,1,435,Transporteur F,Bamako (Mali),1219.6,Lundi,pluies,dédouanement en cours,48.4,78.7,True,334906
CRI-01969,2024-06-24,Terminal à Conteneurs,Biens de consommation,2,418,Transporteur B,Bamako (Mali),1195.2,Lundi,pluies,dédouané avant arrivée,43.3,59.4,True,409395
CRI-01970,2024-06-24,Terminal à Conteneurs,Matériaux de construction,2,387,Transporteur indépendant,Kayes (Mali),937.6,Lundi,pluies,dédouanement en cours,85.0,46.2,True,612712
CRI-01971,2024-06-24,Môle 8,Import général,2,380,Transporteur C,Kayes (Mali),928.0,Lundi,pluies,dédouané avant arrivée,61.6,12.9,True,31558
CRI-01972,2024-06-24,Terminal à Conteneurs,Biens de consommation,4,445,Transporteur F,Kaédi (Mauritanie),468.4,Lundi,pluies,dédouanement en cours,105.0,38.6,True,1655878
CRI-01973,2024-06-24,Môle 3,Import général,1,501,Transporteur A,Dakar (local),19.0,Lundi,pluies,dédouanement en cours,45.2,90.4,True,352943
CRI-01974,2024-06-24,Môle 1,Hydrocarbures,2,439,Transporteur C,Bamako (Mali),1218.6,Lundi,pluies,dédouanement en cours,95.3,73.9,True,991266
CRI-01975,2024-06-24,Môle 3,Import général,2,355,Transporteur B,Thiès,69.4,Lundi,pluies,dédouané avant arrivée,42.7,61.6,False,407313
CRI-01976,2024-06-24,Terminal Roulier,Biens de consommation,2,435,Transporteur F,Dakar (local),20.0,Lundi,pluies,dédouanement en cours,48.0,53.7,True,282528
CRI-01977,2024-06-24,Môle 1,Matériaux de construction,3,355,Transporteur indépendant,Thiès,69.7,Lundi,pluies,bloqué (litige/documents),164.0,37.7,True,1760168
CRI-01978,2024-06-25,Môle 1,Import général,1,316,Transporteur B,Bamako (Mali),1229.8,Mardi,pluies,dédouanement en cours,101.5,36.6,True,329278
CRI-01979,2024-06-25,Terminal à Conteneurs,Denrées alimentaires,2,338,Transporteur F,Touba,187.1,Mardi,pluies,dédouané avant arrivée,60.9,35.2,False,229443
CRI-01980,2024-06-25,Terminal à Conteneurs,Denrées alimentaires,1,390,Transporteur B,Dakar (local),19.6,Mardi,pluies,dédouanement en cours,67.1,67.6,True,433213
CRI-01981,2024-06-25,Môle 1,Équipements industriels,2,479,Transporteur D,Tambacounda,500.7,Mardi,pluies,dédouané avant arrivée,40.2,41.9,True,99949
CRI-01982,2024-06-25,Terminal à Conteneurs,Biens de consommation,2,361,Transporteur indépendant,Touba,180.6,Mardi,pluies,dédouané avant arrivée,95.4,63.9,True,1009675
CRI-01983,2024-06-25,Terminal à Conteneurs,Import général,4,433,Transporteur G,Dakar (local),20.1,Mardi,pluies,dédouanement en cours,70.8,32.5,False,876692
CRI-01984,2024-06-25,Môle 1,Denrées alimentaires,2,403,Transporteur C,Bamako (Mali),1218.2,Mardi,pluies,dédouané avant arrivée,52.0,73.7,True,513396
CRI-01985,2024-06-25,Môle 3,Biens de consommation,2,295,Transporteur E,Bamako (Mali),1269.7,Mardi,pluies,bloqué (litige/documents),113.1,46.6,True,1138377
CRI-01986,2024-06-25,Môle 3,Import général,1,390,Transporteur C,Bamako (Mali),1205.0,Mardi,pluies,dédouané avant arrivée,61.9,52.9,True,288479
CRI-01987,2024-06-26,Terminal Roulier,Matériaux de construction,1,321,Transporteur E,Thiès,71.6,Mercredi,pluies,dédouanement en cours,87.8,39.1,True,320630
CRI-01988,2024-06-26,Môle 3,Import général,1,404,Transporteur G,Touba,187.4,Mercredi,pluies,dédouanement en cours,89.9,35.3,False,326596
CRI-01989,2024-06-26,Terminal Roulier,Import général,1,357,Transporteur A,Kayes (Mali),899.6,Mercredi,pluies,dédouanement en cours,105.8,58.2,True,458659
CRI-01990,2024-06-26,Terminal à Conteneurs,Équipements industriels,4,395,Transporteur indépendant,Kayes (Mali),907.3,Mercredi,pluies,dédouanement en cours,104.2,50.9,True,2091975
CRI-01991,2024-06-26,Terminal à Conteneurs,Import général,2,307,Transporteur D,Tambacounda,500.8,Mercredi,pluies,dédouané avant arrivée,71.1,24.6,False,328406
CRI-01992,2024-06-26,Terminal Roulier,Hydrocarbures,2,402,Transporteur E,Tambacounda,464.3,Mercredi,pluies,dédouané avant arrivée,82.8,113.0,True,1199532
CRI-01993,2024-06-26,Môle 1,Biens de consommation,1,370,Transporteur D,Kayes (Mali),947.8,Mercredi,pluies,dédouané avant arrivée,73.8,52.8,True,274280
CRI-01994,2024-06-26,Môle 3,Denrées alimentaires,1,346,Transporteur D,Thiès,72.1,Mercredi,pluies,dédouanement en cours,75.5,35.5,True,269340
CRI-01995,2024-06-26,Terminal à Conteneurs,Import général,1,369,Transporteur C,Bamako (Mali),1284.8,Mercredi,pluies,dédouané avant arrivée,64.3,36.9,True,188405
CRI-01996,2024-06-26,Terminal à Conteneurs,Biens de consommation,1,435,Transporteur F,Ziguinchor,448.5,Mercredi,pluies,dédouané avant arrivée,51.2,35.6,True,87743
CRI-01997,2024-06-26,Môle 3,Matériaux de construction,2,320,Transporteur B,Bamako (Mali),1160.8,Mercredi,pluies,dédouané avant arrivée,72.6,30.4,True,390979
CRI-01998,2024-06-26,Môle 1,Denrées alimentaires,3,304,Transporteur A,Tambacounda,483.7,Mercredi,pluies,dédouanement en cours,90.7,20.0,False,618859
CRI-01999,2024-06-27,Terminal à Conteneurs,Denrées alimentaires,2,349,Transporteur F,Ziguinchor,453.8,Jeudi,pluies,dédouanement en cours,73.0,52.5,True,659679
CRI-02000,2024-06-27,Terminal Roulier,Équipements industriels,1,332,Transporteur D,Tambacounda,471.8,Jeudi,pluies,dédouanement en cours,104.9,56.3,True,468594
CRI-02001,2024-06-27,Môle 3,Matériaux de construction,1,295,Transporteur F,Kayes (Mali),974.5,Jeudi,pluies,dédouané avant arrivée,45.8,61.4,True,219509
CRI-02002,2024-06-27,Terminal Roulier,Import général,1,371,Transporteur E,Dakar (local),18.4,Jeudi,pluies,dédouanement en cours,90.3,39.7,True,324656
CRI-02003,2024-06-27,Terminal à Conteneurs,Denrées alimentaires,1,394,Transporteur F,Bamako (Mali),1186.4,Jeudi,pluies,dédouanement en cours,67.2,24.8,True,129827
CRI-02004,2024-06-27,Terminal à Conteneurs,Import général,2,360,Transporteur indépendant,Tambacounda,467.7,Jeudi,pluies,dédouané avant arrivée,52.7,30.9,True,134717
CRI-02005,2024-06-27,Terminal à Conteneurs,Import général,1,435,Transporteur G,Thiès,68.1,Jeudi,pluies,dédouané avant arrivée,76.0,79.8,True,476500
CRI-02006,2024-06-27,Môle 8,Biens de consommation,2,454,Transporteur E,Tambacounda,466.7,Jeudi,pluies,dédouanement en cours,38.4,67.8,True,475652
CRI-02007,2024-06-27,Terminal à Conteneurs,Import général,1,328,Transporteur C,Bamako (Mali),1233.3,Jeudi,pluies,dédouanement en cours,63.1,77.0,True,308827
CRI-02008,2024-06-27,Môle 3,Hydrocarbures,1,404,Transporteur D,Tambacounda,445.6,Jeudi,pluies,bloqué (litige/documents),124.8,25.0,True,381474
CRI-02009,2024-06-27,Môle 3,Biens de consommation,1,315,Transporteur D,Kayes (Mali),982.8,Jeudi,pluies,bloqué (litige/documents),124.2,27.7,True,452155
CRI-02010,2024-06-27,Terminal à Conteneurs,Matériaux de construction,1,306,Transporteur G,Ziguinchor,477.3,Jeudi,pluies,dédouané avant arrivée,70.8,32.5,False,203495
CRI-02011,2024-06-27,Môle 3,Hydrocarbures,1,366,Transporteur B,Dakar (local),20.7,Jeudi,pluies,dédouané avant arrivée,71.5,32.0,False,172774
CRI-02012,2024-06-27,Terminal à Conteneurs,Import général,1,369,Transporteur F,Touba,186.2,Jeudi,pluies,dédouanement en cours,64.6,32.9,False,166269
CRI-02013,2024-06-27,Môle 3,Matériaux de construction,2,390,Transporteur F,Touba,194.7,Jeudi,pluies,bloqué (litige/documents),129.5,75.5,False,1278075
CRI-02014,2024-06-27,Terminal Roulier,Équipements industriels,1,356,Transporteur D,Kayes (Mali),902.5,Jeudi,pluies,dédouanement en cours,54.5,30.7,True,68357
CRI-02015,2024-06-27,Môle 1,Import général,1,358,Transporteur F,Bamako (Mali),1250.4,Jeudi,pluies,dédouané avant arrivée,30.3,50.0,True,39358
CRI-02016,2024-06-27,Terminal Roulier,Matériaux de construction,1,295,Transporteur A,Bamako (Mali),1181.2,Jeudi,pluies,dédouané avant arrivée,52.0,44.8,True,128336
CRI-02017,2024-06-28,Terminal à Conteneurs,Import général,1,322,Transporteur D,Ziguinchor,462.8,Vendredi,pluies,dédouanement en cours,109.6,25.0,True,333197
CRI-02018,2024-06-28,Môle 3,Denrées alimentaires,1,343,Transporteur D,Dakar (local),20.4,Vendredi,pluies,dédouané avant arrivée,72.5,75.6,False,474530
CRI-02019,2024-06-28,Môle 1,Biens de consommation,3,330,Transporteur G,Kaédi (Mauritanie),472.3,Vendredi,pluies,dédouanement en cours,87.8,36.7,True,1092397
CRI-02020,2024-06-28,Môle 1,Hydrocarbures,3,359,Transporteur G,Kayes (Mali),931.8,Vendredi,pluies,bloqué (litige/documents),93.0,32.5,True,825121
CRI-02021,2024-06-28,Môle 1,Équipements industriels,2,404,Transporteur indépendant,Touba,192.7,Vendredi,pluies,dédouanement en cours,81.7,51.9,False,683007
CRI-02022,2024-06-28,Terminal Roulier,Denrées alimentaires,2,387,Transporteur E,Kaédi (Mauritanie),467.4,Vendredi,pluies,dédouanement en cours,98.6,17.8,True,518397
CRI-02023,2024-06-29,Môle 1,Biens de consommation,3,310,Transporteur A,Bamako (Mali),1236.2,Samedi,pluies,dédouanement en cours,53.9,36.5,True,310628
CRI-02024,2024-06-29,Môle 1,Import général,2,333,Transporteur indépendant,Ziguinchor,465.2,Samedi,pluies,dédouanement en cours,71.9,42.0,True,449286
CRI-02025,2024-06-29,Môle 3,Import général,1,320,Transporteur B,Dakar (local),19.8,Samedi,pluies,dédouané avant arrivée,58.9,35.4,False,130095
CRI-02026,2024-06-29,Terminal à Conteneurs,Import général,1,381,Transporteur indépendant,Bamako (Mali),1250.8,Samedi,pluies,dédouané avant arrivée,57.8,59.8,True,226571
CRI-02027,2024-06-29,Terminal à Conteneurs,Denrées alimentaires,1,366,Transporteur indépendant,Kayes (Mali),968.8,Samedi,pluies,dédouanement en cours,72.1,52.7,True,286230
CRI-02028,2024-06-29,Môle 1,Denrées alimentaires,1,389,Transporteur A,Thiès,74.3,Samedi,pluies,bloqué (litige/documents),149.7,67.2,False,999600
CRI-02029,2024-06-29,Môle 8,Denrées alimentaires,2,359,Transporteur D,Bamako (Mali),1256.3,Samedi,pluies,dédouanement en cours,122.7,44.3,True,1155384
CRI-02030,2024-06-29,Terminal Roulier,Matériaux de construction,1,460,Transporteur C,Bamako (Mali),1255.9,Samedi,pluies,dédouané avant arrivée,54.3,60.8,True,198045
CRI-02031,2024-06-29,Môle 3,Biens de consommation,3,438,Transporteur F,Kaédi (Mauritanie),451.0,Samedi,pluies,dédouané avant arrivée,60.3,42.0,False,578698
CRI-02032,2024-06-29,Terminal Roulier,Denrées alimentaires,2,332,Transporteur A,Dakar (local),20.1,Samedi,pluies,dédouané avant arrivée,36.7,55.2,False,232807
CRI-02033,2024-06-29,Terminal à Conteneurs,Denrées alimentaires,1,344,Transporteur F,Kayes (Mali),940.3,Samedi,pluies,bloqué (litige/documents),131.9,70.2,False,608457
CRI-02034,2024-06-29,Môle 8,Import général,2,403,Transporteur F,Kaolack,194.3,Samedi,pluies,dédouané avant arrivée,34.8,86.8,True,542033
CRI-02035,2024-06-29,Môle 1,Denrées alimentaires,1,362,Transporteur F,Thiès,70.0,Samedi,pluies,dédouané avant arrivée,55.3,19.9,True,20499
CRI-02036,2024-06-30,Terminal à Conteneurs,Denrées alimentaires,1,269,Transporteur E,Kayes (Mali),997.2,Dimanche,pluies,dédouané avant arrivée,36.9,46.8,True,56734
CRI-02037,2024-06-30,Terminal à Conteneurs,Matériaux de construction,3,271,Transporteur A,Thiès,70.3,Dimanche,pluies,dédouané avant arrivée,40.8,29.0,False,0
CRI-02038,2024-06-30,Terminal Roulier,Import général,2,316,Transporteur B,Thiès,67.8,Dimanche,pluies,dédouané avant arrivée,60.6,44.3,False,383043
CRI-02039,2024-06-30,Môle 1,Équipements industriels,1,296,Transporteur E,Kayes (Mali),929.0,Dimanche,pluies,bloqué (litige/documents),122.8,39.3,True,602282
CRI-02040,2024-06-30,Môle 3,Biens de consommation,2,293,Transporteur F,Bamako (Mali),1266.8,Dimanche,pluies,dédouanement en cours,43.9,31.6,True,41438
CRI-02041,2024-06-30,Môle 3,Matériaux de construction,1,259,Transporteur C,Ziguinchor,465.4,Dimanche,pluies,dédouané avant arrivée,23.9,59.2,True,70332
CRI-02042,2024-06-30,Terminal Roulier,Import général,3,201,Transporteur G,Touba,190.2,Dimanche,pluies,dédouanement en cours,76.6,34.0,False,770629
CRI-02043,2024-06-30,Môle 8,Import général,4,272,Transporteur D,Dakar (local),19.1,Dimanche,pluies,dédouanement en cours,74.3,57.0,False,1147109
CRI-02044,2024-06-30,Môle 1,Matériaux de construction,1,258,Transporteur B,Bamako (Mali),1226.6,Dimanche,pluies,dédouanement en cours,57.4,33.7,False,108719
CRI-02045,2024-06-30,Môle 3,Denrées alimentaires,1,247,Transporteur G,Tambacounda,469.7,Dimanche,pluies,dédouanement en cours,64.9,18.7,True,78003
CRI-02046,2024-06-30,Terminal à Conteneurs,Matériaux de construction,2,225,Transporteur F,Kayes (Mali),944.8,Dimanche,pluies,bloqué (litige/documents),116.4,31.2,True,977986
CRI-02047,2024-06-30,Terminal à Conteneurs,Import général,3,254,Transporteur B,Thiès,71.7,Dimanche,pluies,bloqué (litige/documents),84.9,33.8,False,774953
CRI-02048,2024-07-01,Môle 1,Denrées alimentaires,2,508,Transporteur F,Dakar (local),20.8,Lundi,pluies,dédouanement en cours,106.4,30.9,True,607694
CRI-02049,2024-07-01,Môle 3,Hydrocarbures,1,333,Transporteur indépendant,Bamako (Mali),1242.6,Lundi,pluies,dédouanement en cours,142.2,35.8,True,626340
CRI-02050,2024-07-01,Terminal à Conteneurs,Matériaux de construction,1,483,Transporteur D,Tambacounda,466.1,Lundi,pluies,dédouané avant arrivée,60.6,49.5,True,257688
CRI-02051,2024-07-01,Môle 8,Biens de consommation,3,421,Transporteur E,Kayes (Mali),905.8,Lundi,pluies,dédouanement en cours,73.5,73.4,True,1369244
CRI-02052,2024-07-01,Môle 8,Hydrocarbures,1,411,Transporteur C,Dakar (local),19.9,Lundi,pluies,dédouané avant arrivée,62.4,76.7,False,386416
CRI-02053,2024-07-01,Terminal à Conteneurs,Denrées alimentaires,1,484,Transporteur indépendant,Dakar (local),20.7,Lundi,pluies,dédouané avant arrivée,98.5,62.2,True,564464
CRI-02054,2024-07-01,Terminal à Conteneurs,Denrées alimentaires,1,417,Transporteur F,Dakar (local),20.7,Lundi,pluies,dédouané avant arrivée,41.1,66.0,True,236038
CRI-02055,2024-07-01,Môle 3,Hydrocarbures,2,373,Transporteur G,Bamako (Mali),1234.7,Lundi,pluies,bloqué (litige/documents),123.6,54.3,True,1036303
CRI-02056,2024-07-01,Môle 3,Import général,2,534,Transporteur D,Bamako (Mali),1213.8,Lundi,pluies,dédouanement en cours,100.5,63.3,True,1068141
CRI-02057,2024-07-01,Môle 8,Biens de consommation,4,479,Transporteur A,Bamako (Mali),1235.6,Lundi,pluies,dédouané avant arrivée,64.4,32.2,True,639748
CRI-02058,2024-07-01,Terminal à Conteneurs,Import général,1,449,Transporteur A,Kayes (Mali),1019.7,Lundi,pluies,dédouané avant arrivée,75.2,49.9,True,266259
CRI-02059,2024-07-01,Terminal à Conteneurs,Biens de consommation,2,400,Transporteur G,Thiès,66.2,Lundi,pluies,dédouané avant arrivée,54.4,40.3,True,316385
CRI-02060,2024-07-02,Terminal à Conteneurs,Denrées alimentaires,1,428,Transporteur A,Thiès,70.6,Mardi,pluies,dédouanement en cours,114.6,85.2,False,611190
CRI-02061,2024-07-02,Terminal à Conteneurs,Hydrocarbures,2,409,Transporteur G,Kaolack,187.4,Mardi,pluies,dédouanement en cours,85.0,60.4,True,782480
CRI-02062,2024-07-02,Terminal Roulier,Import général,1,433,Transporteur F,Dakar (local),19.6,Mardi,pluies,dédouané avant arrivée,59.4,65.2,False,250524
CRI-02063,2024-07-02,Môle 3,Biens de consommation,1,428,Transporteur F,Tambacounda,465.9,Mardi,pluies,dédouanement en cours,43.4,53.6,True,143995
CRI-02064,2024-07-02,Terminal Roulier,Import général,2,452,Transporteur D,Dakar (local),18.9,Mardi,pluies,dédouanement en cours,116.9,67.9,True,1134705
CRI-02065,2024-07-02,Terminal à Conteneurs,Import général,1,383,Transporteur A,Dakar (local),20.2,Mardi,pluies,dédouanement en cours,53.3,58.9,False,181693
CRI-02066,2024-07-02,Môle 1,Import général,1,424,Transporteur D,Touba,193.1,Mardi,pluies,dédouané avant arrivée,103.7,39.1,True,464162
CRI-02067,2024-07-02,Terminal à Conteneurs,Biens de consommation,1,396,Transporteur indépendant,Kaédi (Mauritanie),471.4,Mardi,pluies,dédouané avant arrivée,65.1,76.5,True,335408
CRI-02068,2024-07-02,Môle 3,Biens de consommation,3,391,Transporteur C,Bamako (Mali),1244.7,Mardi,pluies,dédouané avant arrivée,50.7,36.2,True,254682
CRI-02069,2024-07-02,Terminal à Conteneurs,Biens de consommation,2,353,Transporteur E,Touba,188.8,Mardi,pluies,dédouanement en cours,115.6,45.9,True,852553
CRI-02070,2024-07-02,Terminal à Conteneurs,Import général,4,422,Transporteur E,Bamako (Mali),1166.4,Mardi,pluies,dédouanement en cours,57.2,51.4,True,1002498
CRI-02071,2024-07-02,Môle 8,Denrées alimentaires,1,489,Transporteur E,Thiès,71.1,Mardi,pluies,dédouané avant arrivée,63.3,60.4,True,353384
CRI-02072,2024-07-02,Môle 1,Denrées alimentaires,1,489,Transporteur C,Kaédi (Mauritanie),475.0,Mardi,pluies,bloqué (litige/documents),101.3,38.6,True,400281
CRI-02073,2024-07-02,Môle 3,Denrées alimentaires,1,348,Transporteur indépendant,Kaolack,194.4,Mardi,pluies,dédouanement en cours,76.9,29.8,True,187737
CRI-02074,2024-07-03,Môle 1,Import général,1,414,Transporteur F,Bamako (Mali),1212.3,Mercredi,pluies,bloqué (litige/documents),155.2,31.5,True,609040
CRI-02075,2024-07-03,Môle 3,Matériaux de construction,2,360,Transporteur B,Bamako (Mali),1215.0,Mercredi,pluies,dédouanement en cours,53.6,41.8,True,246782
CRI-02076,2024-07-03,Terminal Roulier,Denrées alimentaires,3,297,Transporteur G,Kaolack,189.3,Mercredi,pluies,dédouanement en cours,93.7,16.3,False,538325
CRI-02077,2024-07-03,Terminal à Conteneurs,Denrées alimentaires,3,239,Transporteur indépendant,Bamako (Mali),1252.8,Mercredi,pluies,dédouané avant arrivée,46.2,43.6,True,306111
CRI-02078,2024-07-03,Môle 8,Denrées alimentaires,1,385,Transporteur B,Dakar (local),19.9,Mercredi,pluies,dédouanement en cours,84.4,48.3,False,414358
CRI-02079,2024-07-03,Môle 1,Biens de consommation,2,374,Transporteur D,Tambacounda,486.6,Mercredi,pluies,dédouané avant arrivée,77.8,33.0,True,415246
CRI-02080,2024-07-03,Terminal à Conteneurs,Import général,2,391,Transporteur D,Bamako (Mali),1228.9,Mercredi,pluies,dédouané avant arrivée,71.1,60.8,True,653429
CRI-02081,2024-07-03,Terminal à Conteneurs,Import général,1,356,Transporteur E,Dakar (local),20.7,Mercredi,pluies,dédouanement en cours,49.0,49.7,True,132061
CRI-02082,2024-07-03,Môle 3,Matériaux de construction,1,320,Transporteur B,Thiès,65.2,Mercredi,pluies,bloqué (litige/documents),119.6,34.1,False,410192
CRI-02083,2024-07-03,Terminal à Conteneurs,Hydrocarbures,2,327,Transporteur D,Bamako (Mali),1233.6,Mercredi,pluies,dédouanement en cours,66.8,33.0,True,270866
CRI-02084,2024-07-03,Môle 1,Biens de consommation,1,300,Transporteur E,Touba,192.5,Mercredi,pluies,dédouanement en cours,68.1,13.6,True,57773
CRI-02085,2024-07-03,Terminal à Conteneurs,Import général,2,380,Transporteur D,Dakar (local),20.6,Mercredi,pluies,dédouanement en cours,63.7,66.3,False,739884
CRI-02086,2024-07-03,Terminal Roulier,Denrées alimentaires,3,323,Transporteur D,Bamako (Mali),1241.3,Mercredi,pluies,dédouanement en cours,48.5,33.4,True,157556
CRI-02087,2024-07-04,Terminal Roulier,Matériaux de construction,3,295,Transporteur F,Dakar (local),20.4,Jeudi,pluies,dédouané avant arrivée,49.4,44.1,False,392230
CRI-02088,2024-07-04,Terminal Roulier,Hydrocarbures,3,308,Transporteur A,Ziguinchor,477.7,Jeudi,pluies,dédouané avant arrivée,47.0,20.6,True,0
CRI-02089,2024-07-04,Môle 1,Équipements industriels,2,388,Transporteur B,Bamako (Mali),1239.2,Jeudi,pluies,dédouané avant arrivée,88.5,53.9,True,949838
CRI-02090,2024-07-04,Môle 8,Import général,4,380,Transporteur indépendant,Kaolack,194.3,Jeudi,pluies,dédouanement en cours,115.6,38.5,True,2180686
CRI-02091,2024-07-04,Terminal à Conteneurs,Matériaux de construction,2,424,Transporteur A,Dakar (local),20.3,Jeudi,pluies,dédouanement en cours,78.0,50.0,False,729704
CRI-02092,2024-07-04,Môle 3,Biens de consommation,1,352,Transporteur C,Thiès,69.3,Jeudi,pluies,dédouanement en cours,80.0,68.2,True,442806
CRI-02093,2024-07-04,Môle 3,Denrées alimentaires,3,314,Transporteur C,Tambacounda,461.1,Jeudi,pluies,dédouané avant arrivée,39.7,69.8,True,625312
CRI-02094,2024-07-04,Terminal à Conteneurs,Import général,3,329,Transporteur E,Kaolack,191.2,Jeudi,pluies,dédouané avant arrivée,38.0,46.2,True,183027
CRI-02095,2024-07-04,Môle 1,Import général,1,453,Transporteur B,Bamako (Mali),1211.4,Jeudi,pluies,bloqué (litige/documents),123.9,87.6,True,668169
CRI-02096,2024-07-04,Môle 8,Matériaux de construction,1,437,Transporteur indépendant,Bamako (Mali),1192.3,Jeudi,pluies,dédouané avant arrivée,90.5,43.4,True,373364
CRI-02097,2024-07-04,Terminal à Conteneurs,Biens de consommation,2,358,Transporteur F,Dakar (local),20.9,Jeudi,pluies,dédouané avant arrivée,64.6,63.3,True,778314
CRI-02098,2024-07-04,Môle 1,Import général,2,323,Transporteur B,Dakar (local),20.0,Jeudi,pluies,bloqué (litige/documents),119.5,54.4,False,1407943
CRI-02099,2024-07-04,Terminal à Conteneurs,Hydrocarbures,1,369,Transporteur D,Kaolack,179.9,Jeudi,pluies,dédouané avant arrivée,88.9,66.5,True,459382
CRI-02100,2024-07-04,Terminal à Conteneurs,Import général,2,379,Transporteur A,Dakar (local),19.7,Jeudi,pluies,dédouané avant arrivée,45.0,53.4,True,365693
CRI-02101,2024-07-04,Terminal à Conteneurs,Biens de consommation,2,293,Transporteur B,Dakar (local),19.4,Jeudi,pluies,dédouané avant arrivée,29.6,20.2,False,0
CRI-02102,2024-07-05,Terminal Roulier,Import général,1,271,Transporteur D,Thiès,67.3,Vendredi,pluies,dédouanement en cours,44.3,21.9,False,0
CRI-02103,2024-07-05,Terminal à Conteneurs,Import général,2,399,Transporteur G,Dakar (local),19.2,Vendredi,pluies,bloqué (litige/documents),107.0,33.7,False,923478
CRI-02104,2024-07-05,Terminal Roulier,Hydrocarbures,1,353,Transporteur A,Dakar (local),19.7,Vendredi,pluies,dédouané avant arrivée,61.4,62.8,False,362978
CRI-02105,2024-07-05,Terminal à Conteneurs,Import général,1,301,Transporteur indépendant,Tambacounda,478.8,Vendredi,pluies,dédouanement en cours,98.9,44.9,True,493466
CRI-02106,2024-07-05,Terminal à Conteneurs,Hydrocarbures,1,352,Transporteur G,Dakar (local),19.9,Vendredi,pluies,dédouanement en cours,58.2,42.7,False,163282
CRI-02107,2024-07-05,Terminal à Conteneurs,Import général,1,314,Transporteur A,Bamako (Mali),1276.3,Vendredi,pluies,dédouané avant arrivée,82.0,33.2,True,239187
CRI-02108,2024-07-05,Terminal à Conteneurs,Matériaux de construction,1,281,Transporteur B,Thiès,68.8,Vendredi,pluies,dédouané avant arrivée,69.0,48.4,False,204746
CRI-02109,2024-07-06,Terminal Roulier,Hydrocarbures,1,327,Transporteur D,Ziguinchor,451.2,Samedi,pluies,dédouanement en cours,99.4,37.8,False,442332
CRI-02110,2024-07-06,Terminal à Conteneurs,Matériaux de construction,1,356,Transporteur F,Bamako (Mali),1248.4,Samedi,pluies,dédouané avant arrivée,46.7,31.9,True,42077
CRI-02111,2024-07-06,Môle 3,Matériaux de construction,1,326,Transporteur C,Touba,186.1,Samedi,pluies,dédouané avant arrivée,80.2,61.1,True,433204
CRI-02112,2024-07-06,Môle 8,Biens de consommation,2,382,Transporteur A,Touba,203.8,Samedi,pluies,dédouanement en cours,89.8,36.6,False,669319
CRI-02113,2024-07-06,Terminal à Conteneurs,Denrées alimentaires,2,360,Transporteur E,Kayes (Mali),946.0,Samedi,pluies,dédouanement en cours,54.4,38.9,True,243898
CRI-02114,2024-07-06,Terminal Roulier,Biens de consommation,1,341,Transporteur B,Ziguinchor,425.7,Samedi,pluies,dédouanement en cours,76.1,58.7,False,311060
CRI-02115,2024-07-06,Môle 1,Matériaux de construction,1,440,Transporteur G,Touba,186.6,Samedi,pluies,dédouané avant arrivée,123.2,74.3,True,851884
CRI-02116,2024-07-06,Môle 3,Matériaux de construction,1,346,Transporteur E,Thiès,70.1,Samedi,pluies,dédouané avant arrivée,43.0,30.4,True,7586
CRI-02117,2024-07-06,Môle 1,Hydrocarbures,3,390,Transporteur D,Bamako (Mali),1302.4,Samedi,pluies,dédouanement en cours,62.0,42.6,True,606711
CRI-02118,2024-07-06,Terminal à Conteneurs,Denrées alimentaires,1,286,Transporteur B,Kaolack,198.1,Samedi,pluies,dédouané avant arrivée,49.6,39.4,False,91453
CRI-02119,2024-07-06,Terminal à Conteneurs,Import général,1,397,Transporteur C,Ziguinchor,438.0,Samedi,pluies,dédouanement en cours,69.4,42.8,False,256974
CRI-02120,2024-07-06,Môle 1,Biens de consommation,3,331,Transporteur G,Kaolack,195.8,Samedi,pluies,dédouané avant arrivée,54.7,47.4,False,581704
CRI-02121,2024-07-07,Terminal à Conteneurs,Denrées alimentaires,2,260,Transporteur indépendant,Touba,187.9,Dimanche,pluies,dédouané avant arrivée,32.5,22.4,False,0
CRI-02122,2024-07-07,Môle 8,Import général,1,315,Transporteur B,Ziguinchor,444.1,Dimanche,pluies,dédouanement en cours,126.3,21.8,False,390943
CRI-02123,2024-07-07,Môle 1,Import général,4,242,Transporteur F,Dakar (local),19.7,Dimanche,pluies,dédouanement en cours,97.5,47.0,False,1931866
CRI-02124,2024-07-07,Môle 8,Import général,1,312,Transporteur A,Touba,194.3,Dimanche,pluies,dédouanement en cours,42.4,23.8,False,0
CRI-02125,2024-07-07,Terminal Roulier,Import général,1,247,Transporteur D,Touba,191.6,Dimanche,pluies,bloqué (litige/documents),164.6,29.5,False,767930
CRI-02126,2024-07-07,Môle 8,Import général,2,234,Transporteur E,Bamako (Mali),1247.7,Dimanche,pluies,dédouané avant arrivée,34.6,28.7,True,0
CRI-02127,2024-07-07,Môle 8,Matériaux de construction,2,277,Transporteur B,Thiès,73.8,Dimanche,pluies,dédouané avant arrivée,57.6,35.2,False,241368
CRI-02128,2024-07-07,Môle 1,Équipements industriels,3,210,Transporteur B,Thiès,70.6,Dimanche,pluies,dédouané avant arrivée,53.9,25.2,False,149942
CRI-02129,2024-07-08,Terminal à Conteneurs,Biens de consommation,2,350,Transporteur A,Kaolack,186.2,Lundi,pluies,dédouané avant arrivée,72.4,29.3,True,384730
CRI-02130,2024-07-08,Terminal Roulier,Biens de consommation,1,432,Transporteur C,Dakar (local),20.7,Lundi,pluies,dédouané avant arrivée,68.8,37.5,True,176675
CRI-02131,2024-07-08,Terminal à Conteneurs,Denrées alimentaires,1,334,Transporteur B,Bamako (Mali),1186.6,Lundi,pluies,dédouanement en cours,91.3,58.1,True,362831
CRI-02132,2024-07-08,Môle 1,Équipements industriels,1,386,Transporteur A,Tambacounda,487.2,Lundi,pluies,dédouané avant arrivée,49.8,27.4,True,31177
CRI-02133,2024-07-08,Môle 3,Import général,1,416,Transporteur indépendant,Dakar (local),20.2,Lundi,pluies,dédouané avant arrivée,46.2,42.9,True,87789
CRI-02134,2024-07-08,Môle 1,Biens de consommation,1,291,Transporteur F,Bamako (Mali),1235.9,Lundi,pluies,bloqué (litige/documents),93.5,36.6,True,280495
CRI-02135,2024-07-08,Môle 8,Équipements industriels,1,429,Transporteur F,Touba,203.9,Lundi,pluies,dédouané avant arrivée,67.0,41.5,True,228522
CRI-02136,2024-07-08,Môle 3,Import général,2,428,Transporteur C,Kaédi (Mauritanie),471.8,Lundi,pluies,dédouané avant arrivée,49.9,59.3,True,428406
CRI-02137,2024-07-08,Môle 8,Hydrocarbures,1,377,Transporteur E,Kaolack,193.7,Lundi,pluies,bloqué (litige/documents),88.1,12.5,True,139997
CRI-02138,2024-07-08,Terminal à Conteneurs,Import général,1,355,Transporteur indépendant,Bamako (Mali),1147.5,Lundi,pluies,dédouanement en cours,48.6,61.8,True,228618
CRI-02139,2024-07-09,Terminal à Conteneurs,Biens de consommation,1,412,Transporteur indépendant,Tambacounda,451.3,Mardi,pluies,dédouanement en cours,109.2,88.5,True,847514
CRI-02140,2024-07-09,Môle 1,Matériaux de construction,2,427,Transporteur E,Touba,196.7,Mardi,pluies,dédouanement en cours,118.7,69.8,False,1222552
CRI-02141,2024-07-09,Môle 8,Équipements industriels,1,491,Transporteur D,Dakar (local),19.6,Mardi,pluies,dédouané avant arrivée,87.4,35.8,True,315236
CRI-02142,2024-07-09,Terminal à Conteneurs,Biens de consommation,3,459,Transporteur C,Bamako (Mali),1232.5,Mardi,pluies,dédouanement en cours,109.7,73.7,True,1661455
CRI-02143,2024-07-09,Môle 3,Import général,1,417,Transporteur E,Dakar (local),20.6,Mardi,pluies,bloqué (litige/documents),95.4,39.8,False,407223
CRI-02144,2024-07-09,Môle 3,Import général,2,456,Transporteur D,Bamako (Mali),1265.0,Mardi,pluies,bloqué (litige/documents),109.3,61.3,True,966183
CRI-02145,2024-07-09,Terminal à Conteneurs,Denrées alimentaires,1,408,Transporteur G,Tambacounda,490.4,Mardi,pluies,bloqué (litige/documents),174.0,55.4,True,709854
CRI-02146,2024-07-09,Terminal Roulier,Import général,1,379,Transporteur F,Bamako (Mali),1226.4,Mardi,pluies,dédouané avant arrivée,101.1,48.1,True,397575
CRI-02147,2024-07-09,Terminal Roulier,Denrées alimentaires,2,397,Transporteur A,Bamako (Mali),1243.6,Mardi,pluies,dédouané avant arrivée,50.1,57.1,True,438458
CRI-02148,2024-07-09,Terminal Roulier,Hydrocarbures,1,445,Transporteur B,Touba,184.5,Mardi,pluies,dédouanement en cours,126.4,64.4,False,623135
CRI-02149,2024-07-09,Terminal à Conteneurs,Hydrocarbures,1,456,Transporteur G,Kayes (Mali),928.1,Mardi,pluies,dédouanement en cours,60.9,68.2,True,336159
CRI-02150,2024-07-09,Terminal à Conteneurs,Import général,1,385,Transporteur A,Bamako (Mali),1171.9,Mardi,pluies,dédouanement en cours,52.6,54.9,True,207619
CRI-02151,2024-07-10,Môle 3,Import général,1,409,Transporteur D,Ziguinchor,459.5,Mercredi,pluies,dédouané avant arrivée,35.5,46.2,True,48144
CRI-02152,2024-07-10,Terminal à Conteneurs,Import général,2,320,Transporteur B,Bamako (Mali),1256.4,Mercredi,pluies,dédouanement en cours,51.6,50.1,True,343295
CRI-02153,2024-07-10,Terminal Roulier,Import général,1,359,Transporteur E,Dakar (local),20.2,Mercredi,pluies,dédouané avant arrivée,72.7,35.7,False,244352
CRI-02154,2024-07-10,Môle 1,Import général,1,386,Transporteur G,Ziguinchor,452.4,Mercredi,pluies,dédouanement en cours,42.6,38.8,True,61429
CRI-02155,2024-07-10,Terminal à Conteneurs,Denrées alimentaires,1,346,Transporteur D,Thiès,72.7,Mercredi,pluies,dédouanement en cours,66.9,52.3,False,266613
CRI-02156,2024-07-10,Terminal Roulier,Import général,1,401,Transporteur A,Bamako (Mali),1194.6,Mercredi,pluies,dédouané avant arrivée,63.5,35.9,True,160431
CRI-02157,2024-07-10,Terminal à Conteneurs,Biens de consommation,1,325,Transporteur C,Kaolack,188.1,Mercredi,pluies,dédouané avant arrivée,32.7,49.4,False,56362
CRI-02158,2024-07-10,Terminal à Conteneurs,Hydrocarbures,2,325,Transporteur indépendant,Ziguinchor,457.2,Mercredi,pluies,dédouané avant arrivée,49.2,35.9,True,167705
CRI-02159,2024-07-10,Terminal à Conteneurs,Import général,1,290,Transporteur C,Dakar (local),19.7,Mercredi,pluies,dédouanement en cours,49.8,25.7,False,16254
CRI-02160,2024-07-11,Terminal à Conteneurs,Hydrocarbures,3,395,Transporteur indépendant,Bamako (Mali),1210.5,Jeudi,pluies,dédouané avant arrivée,71.0,52.0,True,716924
CRI-02161,2024-07-12,Môle 3,Import général,2,349,Transporteur C,Bamako (Mali),1206.8,Vendredi,pluies,dédouanement en cours,71.8,67.6,True,747226
CRI-02162,2024-07-12,Môle 1,Hydrocarbures,1,377,Transporteur D,Dakar (local),19.6,Vendredi,pluies,dédouanement en cours,58.4,49.4,False,183687
CRI-02163,2024-07-12,Terminal à Conteneurs,Denrées alimentaires,1,342,Transporteur E,Bamako (Mali),1198.1,Vendredi,pluies,dédouanement en cours,90.2,27.2,True,301595
CRI-02164,2024-07-12,Môle 8,Import général,1,393,Transporteur B,Kaédi (Mauritanie),471.6,Vendredi,pluies,dédouané avant arrivée,42.6,71.7,True,271542
CRI-02165,2024-07-12,Môle 8,Équipements industriels,2,297,Transporteur E,Thiès,72.9,Vendredi,pluies,bloqué (litige/documents),75.5,41.3,False,618949
CRI-02166,2024-07-12,Terminal Roulier,Biens de consommation,3,307,Transporteur G,Kayes (Mali),954.8,Vendredi,pluies,dédouané avant arrivée,61.4,25.6,True,269055
CRI-02167,2024-07-12,Terminal à Conteneurs,Import général,1,348,Transporteur D,Bamako (Mali),1222.7,Vendredi,pluies,dédouanement en cours,54.9,37.5,True,124817
CRI-02168,2024-07-13,Terminal à Conteneurs,Équipements industriels,1,379,Transporteur F,Kayes (Mali),943.6,Samedi,pluies,dédouané avant arrivée,66.3,45.3,True,196223
CRI-02169,2024-07-13,Môle 3,Import général,1,302,Transporteur G,Kayes (Mali),999.8,Samedi,pluies,dédouané avant arrivée,46.7,33.4,True,44091
CRI-02170,2024-07-13,Terminal Roulier,Import général,2,361,Transporteur indépendant,Dakar (local),20.3,Samedi,pluies,dédouané avant arrivée,57.0,46.7,True,311022
CRI-02171,2024-07-13,Môle 3,Denrées alimentaires,1,401,Transporteur C,Dakar (local),20.3,Samedi,pluies,dédouanement en cours,82.9,82.0,True,468196
CRI-02172,2024-07-13,Môle 1,Import général,2,378,Transporteur E,Touba,178.1,Samedi,pluies,dédouané avant arrivée,72.6,33.6,False,421770
CRI-02173,2024-07-13,Terminal à Conteneurs,Import général,1,398,Transporteur A,Kaolack,197.7,Samedi,pluies,dédouanement en cours,67.2,42.7,True,186987
CRI-02174,2024-07-13,Môle 3,Biens de consommation,3,279,Transporteur F,Bamako (Mali),1143.3,Samedi,pluies,dédouané avant arrivée,41.1,36.8,True,90969
CRI-02175,2024-07-13,Terminal à Conteneurs,Biens de consommation,2,373,Transporteur indépendant,Dakar (local),20.3,Samedi,pluies,dédouané avant arrivée,47.7,78.8,True,596578
CRI-02176,2024-07-13,Terminal à Conteneurs,Import général,2,349,Transporteur indépendant,Tambacounda,456.0,Samedi,pluies,dédouanement en cours,118.7,49.3,True,1252031
CRI-02177,2024-07-13,Môle 1,Import général,1,460,Transporteur B,Bamako (Mali),1179.4,Samedi,pluies,dédouanement en cours,83.7,57.7,True,348814
CRI-02178,2024-07-13,Terminal Roulier,Import général,2,396,Transporteur A,Dakar (local),20.1,Samedi,pluies,dédouané avant arrivée,80.3,35.0,False,422523
CRI-02179,2024-07-13,Môle 8,Matériaux de construction,2,345,Transporteur B,Bamako (Mali),1217.4,Samedi,pluies,dédouané avant arrivée,55.4,25.2,True,84464
CRI-02180,2024-07-13,Terminal Roulier,Import général,1,369,Transporteur C,Bamako (Mali),1264.0,Samedi,pluies,dédouanement en cours,92.9,50.1,True,489684
CRI-02181,2024-07-14,Terminal à Conteneurs,Matériaux de construction,2,302,Transporteur B,Thiès,73.8,Dimanche,pluies,dédouané avant arrivée,41.0,76.6,False,417748
CRI-02182,2024-07-14,Môle 3,Hydrocarbures,1,230,Transporteur B,Kayes (Mali),980.0,Dimanche,pluies,dédouané avant arrivée,39.2,21.4,False,0
CRI-02183,2024-07-14,Môle 8,Biens de consommation,1,282,Transporteur G,Kayes (Mali),933.2,Dimanche,pluies,dédouané avant arrivée,38.7,44.9,True,57670
CRI-02184,2024-07-14,Môle 1,Import général,1,261,Transporteur D,Bamako (Mali),1222.4,Dimanche,pluies,dédouanement en cours,42.2,44.2,True,82012
CRI-02185,2024-07-14,Môle 8,Hydrocarbures,1,298,Transporteur A,Kayes (Mali),933.1,Dimanche,pluies,dédouané avant arrivée,46.4,46.8,False,121724
CRI-02186,2024-07-14,Terminal Roulier,Import général,1,252,Transporteur F,Kaolack,191.3,Dimanche,pluies,dédouanement en cours,62.5,37.7,False,182418
CRI-02187,2024-07-14,Terminal à Conteneurs,Matériaux de construction,1,302,Transporteur E,Thiès,69.2,Dimanche,pluies,dédouané avant arrivée,21.8,48.5,False,0
CRI-02188,2024-07-14,Terminal à Conteneurs,Import général,1,304,Transporteur F,Thiès,68.9,Dimanche,pluies,dédouané avant arrivée,46.0,37.8,False,73002
CRI-02189,2024-07-14,Terminal à Conteneurs,Matériaux de construction,4,283,Transporteur A,Touba,187.5,Dimanche,pluies,bloqué (litige/documents),115.7,17.7,True,1558385
CRI-02190,2024-07-14,Môle 1,Import général,3,246,Transporteur D,Kaolack,198.3,Dimanche,pluies,dédouané avant arrivée,31.6,27.2,False,0
CRI-02191,2024-07-14,Môle 8,Biens de consommation,1,276,Transporteur E,Kayes (Mali),985.5,Dimanche,pluies,dédouanement en cours,71.1,23.7,True,126252
CRI-02192,2024-07-15,Môle 3,Denrées alimentaires,4,338,Transporteur D,Dakar (local),20.3,Lundi,pluies,dédouané avant arrivée,52.1,48.8,True,611209
CRI-02193,2024-07-15,Môle 1,Matériaux de construction,1,489,Transporteur D,Kaolack,180.1,Lundi,pluies,bloqué (litige/documents),109.4,67.8,True,524793
CRI-02194,2024-07-15,Terminal à Conteneurs,Biens de consommation,1,515,Transporteur A,Thiès,68.3,Lundi,pluies,dédouanement en cours,107.0,68.0,True,533956
CRI-02195,2024-07-15,Môle 3,Matériaux de construction,2,363,Transporteur E,Ziguinchor,459.1,Lundi,pluies,dédouanement en cours,64.0,32.2,True,303398
CRI-02196,2024-07-15,Terminal Roulier,Hydrocarbures,1,469,Transporteur E,Dakar (local),20.1,Lundi,pluies,dédouané avant arrivée,56.3,71.8,False,391119
CRI-02197,2024-07-15,Môle 1,Matériaux de construction,2,391,Transporteur B,Kayes (Mali),956.9,Lundi,pluies,dédouané avant arrivée,88.0,70.8,True,1174291
CRI-02198,2024-07-16,Môle 1,Matériaux de construction,2,400,Transporteur B,Bamako (Mali),1286.8,Mardi,pluies,dédouanement en cours,66.9,78.9,True,815397
CRI-02199,2024-07-16,Terminal à Conteneurs,Import général,1,351,Transporteur C,Kaédi (Mauritanie),471.4,Mardi,pluies,dédouanement en cours,67.4,41.4,False,235497
CRI-02200,2024-07-16,Terminal à Conteneurs,Import général,1,439,Transporteur G,Thiès,70.4,Mardi,pluies,dédouanement en cours,94.4,83.0,True,601782
CRI-02201,2024-07-16,Terminal à Conteneurs,Hydrocarbures,3,465,Transporteur A,Touba,175.9,Mardi,pluies,dédouané avant arrivée,83.7,50.1,True,850361
CRI-02202,2024-07-16,Terminal à Conteneurs,Matériaux de construction,3,282,Transporteur D,Kaolack,192.6,Mardi,pluies,dédouané avant arrivée,37.7,32.8,True,0
CRI-02203,2024-07-16,Terminal à Conteneurs,Denrées alimentaires,2,426,Transporteur C,Kayes (Mali),988.3,Mardi,pluies,dédouanement en cours,104.6,39.6,True,947953
CRI-02204,2024-07-16,Môle 3,Biens de consommation,1,317,Transporteur G,Kaolack,189.3,Mardi,pluies,dédouané avant arrivée,43.2,45.1,False,73712
CRI-02205,2024-07-16,Terminal à Conteneurs,Matériaux de construction,1,429,Transporteur B,Tambacounda,481.1,Mardi,pluies,dédouanement en cours,82.8,69.1,False,386277
CRI-02206,2024-07-16,Terminal à Conteneurs,Matériaux de construction,2,387,Transporteur A,Dakar (local),19.4,Mardi,pluies,dédouané avant arrivée,48.5,50.5,False,375921
CRI-02207,2024-07-16,Môle 8,Biens de consommation,3,372,Transporteur E,Tambacounda,460.0,Mardi,pluies,dédouané avant arrivée,69.4,42.9,False,840076
CRI-02208,2024-07-16,Môle 3,Hydrocarbures,1,372,Transporteur F,Touba,189.5,Mardi,pluies,dédouané avant arrivée,53.0,61.9,False,216529
CRI-02209,2024-07-16,Terminal à Conteneurs,Import général,1,380,Transporteur indépendant,Bamako (Mali),1207.3,Mardi,pluies,dédouanement en cours,76.3,28.9,True,162678
CRI-02210,2024-07-16,Terminal à Conteneurs,Matériaux de construction,1,458,Transporteur C,Bamako (Mali),1249.6,Mardi,pluies,dédouanement en cours,96.4,71.8,True,453324
CRI-02211,2024-07-16,Terminal à Conteneurs,Biens de consommation,1,423,Transporteur D,Kayes (Mali),945.2,Mardi,pluies,dédouané avant arrivée,42.0,45.4,True,88719
CRI-02212,2024-07-16,Môle 8,Denrées alimentaires,1,501,Transporteur B,Thiès,69.9,Mardi,pluies,dédouané avant arrivée,84.7,37.4,True,245716
CRI-02213,2024-07-17,Môle 1,Import général,1,423,Transporteur F,Tambacounda,475.8,Mercredi,pluies,dédouané avant arrivée,90.6,49.7,True,461907
CRI-02214,2024-07-17,Terminal à Conteneurs,Import général,3,298,Transporteur D,Thiès,72.8,Mercredi,pluies,dédouanement en cours,57.7,43.0,False,419180
CRI-02215,2024-07-17,Môle 1,Import général,1,469,Transporteur G,Ziguinchor,444.9,Mercredi,pluies,dédouanement en cours,123.3,38.0,True,520046
CRI-02216,2024-07-17,Môle 3,Import général,1,347,Transporteur C,Touba,188.3,Mercredi,pluies,dédouanement en cours,52.2,78.8,False,338447
CRI-02217,2024-07-17,Môle 3,Biens de consommation,1,376,Transporteur E,Touba,196.3,Mercredi,pluies,dédouanement en cours,79.6,49.5,True,373534
CRI-02218,2024-07-17,Terminal à Conteneurs,Équipements industriels,3,377,Transporteur B,Bamako (Mali),1241.9,Mercredi,pluies,dédouané avant arrivée,48.2,49.9,True,366710
CRI-02219,2024-07-18,Terminal Roulier,Import général,2,340,Transporteur A,Tambacounda,457.5,Jeudi,pluies,dédouanement en cours,67.9,55.6,True,604890
CRI-02220,2024-07-18,Terminal à Conteneurs,Import général,1,344,Transporteur D,Kayes (Mali),951.2,Jeudi,pluies,dédouané avant arrivée,73.3,70.4,True,331758
CRI-02221,2024-07-18,Môle 1,Import général,1,365,Transporteur A,Bamako (Mali),1236.0,Jeudi,pluies,dédouanement en cours,79.3,60.1,True,456257
CRI-02222,2024-07-18,Môle 1,Import général,1,371,Transporteur indépendant,Touba,190.0,Jeudi,pluies,dédouanement en cours,69.4,41.8,False,228794
CRI-02223,2024-07-18,Môle 1,Import général,2,335,Transporteur D,Bamako (Mali),1206.4,Jeudi,pluies,dédouanement en cours,86.0,81.9,True,913805
CRI-02224,2024-07-18,Terminal Roulier,Équipements industriels,1,308,Transporteur B,Bamako (Mali),1170.4,Jeudi,pluies,dédouané avant arrivée,39.4,71.9,True,215042
CRI-02225,2024-07-18,Terminal à Conteneurs,Denrées alimentaires,1,398,Transporteur F,Kaolack,195.0,Jeudi,pluies,bloqué (litige/documents),156.3,52.7,True,848906
CRI-02226,2024-07-18,Terminal à Conteneurs,Équipements industriels,3,292,Transporteur C,Kaolack,182.4,Jeudi,pluies,bloqué (litige/documents),125.1,52.6,False,1823379
CRI-02227,2024-07-18,Môle 1,Import général,1,368,Transporteur D,Bamako (Mali),1257.9,Jeudi,pluies,dédouanement en cours,63.2,36.9,True,145459
CRI-02228,2024-07-18,Terminal à Conteneurs,Import général,1,319,Transporteur E,Kaolack,195.0,Jeudi,pluies,bloqué (litige/documents),104.5,53.5,True,479561
CRI-02229,2024-07-18,Môle 8,Denrées alimentaires,2,399,Transporteur A,Dakar (local),20.0,Jeudi,pluies,dédouanement en cours,68.6,32.2,False,397333
CRI-02230,2024-07-18,Terminal Roulier,Import général,2,353,Transporteur A,Kaolack,185.7,Jeudi,pluies,dédouané avant arrivée,82.9,63.3,False,705441
CRI-02231,2024-07-18,Terminal à Conteneurs,Hydrocarbures,1,352,Transporteur E,Bamako (Mali),1221.7,Jeudi,pluies,dédouanement en cours,61.2,38.9,True,192236
CRI-02232,2024-07-18,Môle 8,Matériaux de construction,1,371,Transporteur A,Tambacounda,468.9,Jeudi,pluies,dédouané avant arrivée,36.5,54.0,False,119455
CRI-02233,2024-07-19,Terminal à Conteneurs,Import général,1,485,Transporteur indépendant,Bamako (Mali),1155.6,Vendredi,pluies,dédouanement en cours,59.4,54.2,True,287528
CRI-02234,2024-07-19,Môle 3,Biens de consommation,1,323,Transporteur C,Tambacounda,462.5,Vendredi,pluies,dédouané avant arrivée,82.2,36.3,True,229656
CRI-02235,2024-07-19,Terminal à Conteneurs,Denrées alimentaires,1,351,Transporteur F,Kayes (Mali),953.2,Vendredi,pluies,dédouané avant arrivée,56.6,33.9,True,122813
CRI-02236,2024-07-19,Môle 1,Matériaux de construction,1,387,Transporteur B,Kaédi (Mauritanie),473.2,Vendredi,pluies,dédouané avant arrivée,61.9,44.5,True,239446
CRI-02237,2024-07-19,Terminal Roulier,Import général,1,308,Transporteur G,Dakar (local),21.1,Vendredi,pluies,dédouanement en cours,96.7,36.1,False,297052
CRI-02238,2024-07-19,Môle 3,Denrées alimentaires,1,364,Transporteur B,Thiès,73.5,Vendredi,pluies,dédouanement en cours,85.0,50.8,False,397313
CRI-02239,2024-07-19,Terminal à Conteneurs,Denrées alimentaires,1,360,Transporteur B,Touba,186.9,Vendredi,pluies,dédouanement en cours,97.5,49.5,True,396470
CRI-02240,2024-07-19,Môle 3,Équipements industriels,3,383,Transporteur F,Dakar (local),19.8,Vendredi,pluies,dédouané avant arrivée,72.2,30.1,True,623997
CRI-02241,2024-07-19,Terminal Roulier,Import général,1,341,Transporteur F,Bamako (Mali),1239.7,Vendredi,pluies,dédouanement en cours,70.9,27.0,True,167852
CRI-02242,2024-07-19,Terminal Roulier,Denrées alimentaires,2,306,Transporteur indépendant,Bamako (Mali),1193.1,Vendredi,pluies,dédouanement en cours,43.9,53.2,True,327395
CRI-02243,2024-07-19,Terminal à Conteneurs,Import général,2,370,Transporteur F,Kayes (Mali),978.4,Vendredi,pluies,dédouanement en cours,78.1,32.5,True,371193
CRI-02244,2024-07-19,Terminal à Conteneurs,Denrées alimentaires,1,434,Transporteur G,Kaolack,192.4,Vendredi,pluies,bloqué (litige/documents),138.1,33.3,True,458949
CRI-02245,2024-07-19,Môle 1,Hydrocarbures,3,356,Transporteur C,Dakar (local),20.3,Vendredi,pluies,dédouanement en cours,97.6,36.8,False,1253928
CRI-02246,2024-07-20,Terminal Roulier,Import général,2,389,Transporteur D,Kaolack,194.8,Samedi,pluies,bloqué (litige/documents),107.3,44.3,True,887928
CRI-02247,2024-07-20,Môle 8,Hydrocarbures,1,318,Transporteur B,Dakar (local),20.0,Samedi,pluies,bloqué (litige/documents),90.1,21.7,False,219950
CRI-02248,2024-07-20,Môle 3,Import général,1,336,Transporteur F,Dakar (local),19.8,Samedi,pluies,dédouané avant arrivée,50.0,69.0,False,262358
CRI-02249,2024-07-20,Môle 8,Hydrocarbures,1,354,Transporteur E,Ziguinchor,451.7,Samedi,pluies,dédouané avant arrivée,54.7,49.5,True,212111
CRI-02250,2024-07-20,Môle 3,Import général,1,359,Transporteur A,Bamako (Mali),1213.4,Samedi,pluies,dédouanement en cours,89.0,24.5,True,283589
CRI-02251,2024-07-20,Môle 1,Équipements industriels,1,391,Transporteur D,Bamako (Mali),1197.8,Samedi,pluies,dédouané avant arrivée,72.0,45.5,True,296067
CRI-02252,2024-07-20,Terminal à Conteneurs,Hydrocarbures,2,293,Transporteur G,Dakar (local),19.9,Samedi,pluies,dédouané avant arrivée,44.4,26.8,False,0
CRI-02253,2024-07-20,Môle 3,Import général,1,306,Transporteur B,Kaolack,180.4,Samedi,pluies,dédouané avant arrivée,43.1,48.5,False,133806
CRI-02254,2024-07-20,Terminal Roulier,Denrées alimentaires,1,354,Transporteur D,Kaolack,192.2,Samedi,pluies,dédouané avant arrivée,46.6,65.5,True,273828
CRI-02255,2024-07-20,Môle 8,Denrées alimentaires,1,374,Transporteur B,Thiès,66.4,Samedi,pluies,dédouanement en cours,91.9,47.9,False,466767
CRI-02256,2024-07-21,Môle 8,Équipements industriels,1,260,Transporteur C,Tambacounda,435.1,Dimanche,pluies,dédouanement en cours,49.3,35.8,False,83336
CRI-02257,2024-07-21,Terminal à Conteneurs,Biens de consommation,1,227,Transporteur A,Bamako (Mali),1180.8,Dimanche,pluies,dédouanement en cours,67.8,12.6,True,48093
CRI-02258,2024-07-21,Terminal Roulier,Matériaux de construction,2,335,Transporteur F,Thiès,73.4,Dimanche,pluies,dédouanement en cours,66.3,58.8,False,686661
CRI-02259,2024-07-21,Môle 1,Matériaux de construction,1,235,Transporteur A,Kaolack,195.7,Dimanche,pluies,dédouanement en cours,106.1,34.9,False,479647
CRI-02260,2024-07-21,Môle 1,Import général,1,272,Transporteur C,Kaolack,185.0,Dimanche,pluies,dédouané avant arrivée,58.4,21.6,True,50536
CRI-02261,2024-07-21,Terminal à Conteneurs,Équipements industriels,2,304,Transporteur indépendant,Kayes (Mali),939.8,Dimanche,pluies,dédouanement en cours,80.4,35.2,True,491757
CRI-02262,2024-07-22,Môle 3,Matériaux de construction,1,359,Transporteur D,Ziguinchor,462.3,Lundi,pluies,dédouané avant arrivée,64.9,32.4,True,114203
CRI-02263,2024-07-22,Terminal Roulier,Matériaux de construction,1,369,Transporteur D,Tambacounda,493.7,Lundi,pluies,dédouané avant arrivée,49.5,55.4,True,159874
CRI-02264,2024-07-22,Môle 8,Import général,1,443,Transporteur E,Kaolack,199.8,Lundi,pluies,dédouanement en cours,59.3,45.3,True,152379
CRI-02265,2024-07-22,Môle 8,Hydrocarbures,1,460,Transporteur B,Dakar (local),19.5,Lundi,pluies,dédouané avant arrivée,108.6,45.0,True,488849
CRI-02266,2024-07-22,Môle 3,Matériaux de construction,1,424,Transporteur C,Touba,188.7,Lundi,pluies,dédouanement en cours,85.7,56.1,False,446055
CRI-02267,2024-07-22,Môle 3,Hydrocarbures,1,432,Transporteur G,Kayes (Mali),974.2,Lundi,pluies,dédouané avant arrivée,60.4,82.9,True,452359
CRI-02268,2024-07-22,Môle 1,Matériaux de construction,1,431,Transporteur indépendant,Touba,190.7,Lundi,pluies,bloqué (litige/documents),99.4,54.1,True,474386
CRI-02269,2024-07-22,Terminal Roulier,Matériaux de construction,2,364,Transporteur D,Tambacounda,464.8,Lundi,pluies,dédouanement en cours,74.1,41.8,True,405079
CRI-02270,2024-07-22,Terminal à Conteneurs,Hydrocarbures,2,408,Transporteur D,Touba,192.9,Lundi,pluies,dédouané avant arrivée,52.5,57.1,True,468458
CRI-02271,2024-07-22,Terminal à Conteneurs,Biens de consommation,1,401,Transporteur indépendant,Tambacounda,477.7,Lundi,pluies,dédouané avant arrivée,33.9,42.2,True,18482
CRI-02272,2024-07-22,Môle 1,Biens de consommation,1,479,Transporteur G,Kaolack,197.7,Lundi,pluies,dédouanement en cours,92.6,72.9,True,609576
CRI-02273,2024-07-22,Môle 3,Hydrocarbures,2,339,Transporteur E,Dakar (local),20.9,Lundi,pluies,dédouanement en cours,51.0,60.4,False,459429
CRI-02274,2024-07-23,Terminal à Conteneurs,Matériaux de construction,2,456,Transporteur G,Dakar (local),20.1,Mardi,pluies,dédouanement en cours,109.0,54.8,False,935833
CRI-02275,2024-07-23,Môle 1,Matériaux de construction,1,397,Transporteur indépendant,Thiès,71.3,Mardi,pluies,dédouané avant arrivée,78.8,47.3,True,374975
CRI-02276,2024-07-23,Môle 3,Denrées alimentaires,1,417,Transporteur D,Kayes (Mali),965.2,Mardi,pluies,dédouanement en cours,69.8,57.5,True,304917
CRI-02277,2024-07-23,Terminal à Conteneurs,Denrées alimentaires,1,360,Transporteur A,Kaolack,183.3,Mardi,pluies,dédouané avant arrivée,40.8,41.7,True,60265
CRI-02278,2024-07-23,Terminal à Conteneurs,Import général,2,351,Transporteur E,Dakar (local),19.9,Mardi,pluies,bloqué (litige/documents),126.0,47.0,True,1118947
CRI-02279,2024-07-23,Môle 3,Import général,3,407,Transporteur A,Dakar (local),20.6,Mardi,pluies,dédouané avant arrivée,54.8,60.8,False,760210
CRI-02280,2024-07-23,Terminal à Conteneurs,Matériaux de construction,3,420,Transporteur A,Kaolack,183.8,Mardi,pluies,dédouané avant arrivée,47.2,33.6,True,129326
CRI-02281,2024-07-23,Môle 1,Hydrocarbures,3,437,Transporteur G,Touba,199.6,Mardi,pluies,dédouanement en cours,72.9,47.1,True,981447
CRI-02282,2024-07-23,Terminal à Conteneurs,Import général,1,432,Transporteur F,Kayes (Mali),949.6,Mardi,pluies,dédouanement en cours,64.7,30.6,True,138901
CRI-02283,2024-07-23,Môle 3,Biens de consommation,1,370,Transporteur E,Dakar (local),19.9,Mardi,pluies,dédouané avant arrivée,36.0,64.7,True,157462
CRI-02284,2024-07-23,Môle 1,Denrées alimentaires,2,457,Transporteur A,Dakar (local),20.6,Mardi,pluies,dédouané avant arrivée,68.8,42.9,False,454355
CRI-02285,2024-07-23,Terminal à Conteneurs,Import général,2,331,Transporteur F,Kaédi (Mauritanie),456.9,Mardi,pluies,dédouanement en cours,68.7,54.7,False,710049
CRI-02286,2024-07-23,Terminal Roulier,Biens de consommation,3,446,Transporteur E,Tambacounda,455.7,Mardi,pluies,dédouané avant arrivée,64.1,51.7,True,706958
CRI-02287,2024-07-24,Terminal à Conteneurs,Import général,2,396,Transporteur E,Touba,193.6,Mercredi,pluies,dédouané avant arrivée,78.1,47.5,False,727758
CRI-02288,2024-07-24,Terminal à Conteneurs,Équipements industriels,3,367,Transporteur A,Tambacounda,470.3,Mercredi,pluies,dédouané avant arrivée,41.0,40.2,True,154249
CRI-02289,2024-07-24,Terminal à Conteneurs,Équipements industriels,1,320,Transporteur E,Dakar (local),20.4,Mercredi,pluies,dédouané avant arrivée,79.1,27.3,False,188036
CRI-02290,2024-07-24,Môle 1,Denrées alimentaires,1,404,Transporteur A,Dakar (local),20.3,Mercredi,pluies,dédouanement en cours,205.3,41.6,True,970895
CRI-02291,2024-07-24,Terminal à Conteneurs,Équipements industriels,1,379,Transporteur E,Bamako (Mali),1227.6,Mercredi,pluies,dédouanement en cours,52.4,45.5,True,142262
CRI-02292,2024-07-24,Terminal à Conteneurs,Matériaux de construction,1,251,Transporteur E,Kayes (Mali),912.3,Mercredi,pluies,dédouanement en cours,68.8,64.5,True,327733
CRI-02293,2024-07-24,Terminal à Conteneurs,Import général,1,393,Transporteur D,Thiès,65.4,Mercredi,pluies,dédouané avant arrivée,80.0,78.9,False,519820
CRI-02294,2024-07-24,Terminal à Conteneurs,Hydrocarbures,1,337,Transporteur E,Bamako (Mali),1196.3,Mercredi,pluies,bloqué (litige/documents),88.3,32.3,True,267648
CRI-02295,2024-07-24,Môle 1,Denrées alimentaires,2,349,Transporteur D,Kayes (Mali),934.3,Mercredi,pluies,dédouanement en cours,112.6,30.5,True,947080
CRI-02296,2024-07-24,Terminal à Conteneurs,Matériaux de construction,1,280,Transporteur B,Kayes (Mali),923.3,Mercredi,pluies,dédouané avant arrivée,37.6,35.8,False,9316
CRI-02297,2024-07-24,Môle 8,Hydrocarbures,1,365,Transporteur E,Thiès,69.8,Mercredi,pluies,dédouanement en cours,35.2,67.7,False,215545
CRI-02298,2024-07-25,Môle 1,Denrées alimentaires,1,419,Transporteur B,Bamako (Mali),1181.4,Jeudi,pluies,dédouanement en cours,75.0,62.5,True,424161
CRI-02299,2024-07-25,Terminal Roulier,Hydrocarbures,1,340,Transporteur indépendant,Thiès,67.8,Jeudi,pluies,dédouané avant arrivée,63.6,42.4,False,213589
CRI-02300,2024-07-25,Môle 3,Matériaux de construction,2,385,Transporteur indépendant,Dakar (local),20.5,Jeudi,pluies,dédouanement en cours,97.4,78.7,False,1014863
CRI-02301,2024-07-25,Môle 8,Import général,3,320,Transporteur D,Thiès,66.6,Jeudi,pluies,dédouanement en cours,98.5,39.5,False,1158805
CRI-02302,2024-07-25,Terminal à Conteneurs,Équipements industriels,1,377,Transporteur F,Tambacounda,452.8,Jeudi,pluies,dédouané avant arrivée,52.9,64.3,True,229210
CRI-02303,2024-07-25,Terminal Roulier,Import général,1,337,Transporteur E,Bamako (Mali),1208.8,Jeudi,pluies,dédouané avant arrivée,77.5,61.6,True,307010
CRI-02304,2024-07-25,Môle 3,Import général,1,404,Transporteur E,Dakar (local),20.3,Jeudi,pluies,dédouanement en cours,72.3,66.9,True,344515
CRI-02305,2024-07-26,Môle 8,Biens de consommation,4,321,Transporteur E,Bamako (Mali),1202.1,Vendredi,pluies,dédouané avant arrivée,56.7,31.9,True,339162
CRI-02306,2024-07-26,Terminal à Conteneurs,Matériaux de construction,2,367,Transporteur B,Dakar (local),19.5,Vendredi,pluies,dédouanement en cours,95.1,40.3,False,709996
CRI-02307,2024-07-26,Terminal à Conteneurs,Matériaux de construction,3,304,Transporteur indépendant,Dakar (local),20.6,Vendredi,pluies,dédouanement en cours,79.3,23.5,False,534385
CRI-02308,2024-07-26,Terminal à Conteneurs,Import général,1,355,Transporteur E,Kaolack,200.0,Vendredi,pluies,dédouané avant arrivée,50.1,53.9,False,199499
CRI-02309,2024-07-26,Terminal à Conteneurs,Équipements industriels,4,357,Transporteur indépendant,Tambacounda,459.0,Vendredi,pluies,dédouané avant arrivée,39.7,30.1,True,0
CRI-02310,2024-07-26,Môle 1,Matériaux de construction,2,286,Transporteur A,Ziguinchor,444.3,Vendredi,pluies,dédouané avant arrivée,47.6,40.7,False,181427
CRI-02311,2024-07-26,Terminal à Conteneurs,Biens de consommation,2,323,Transporteur E,Dakar (local),19.9,Vendredi,pluies,dédouané avant arrivée,59.6,40.2,False,319574
CRI-02312,2024-07-26,Môle 1,Import général,1,330,Transporteur A,Ziguinchor,453.1,Vendredi,pluies,dédouané avant arrivée,46.3,45.4,False,125696
CRI-02313,2024-07-26,Terminal à Conteneurs,Équipements industriels,1,367,Transporteur D,Kayes (Mali),951.3,Vendredi,pluies,bloqué (litige/documents),97.1,41.4,True,320786
CRI-02314,2024-07-26,Terminal Roulier,Import général,2,352,Transporteur D,Ziguinchor,442.6,Vendredi,pluies,dédouané avant arrivée,59.5,28.3,False,204933
CRI-02315,2024-07-26,Terminal Roulier,Biens de consommation,2,335,Transporteur A,Kayes (Mali),998.2,Vendredi,pluies,dédouané avant arrivée,72.8,36.4,True,519320
CRI-02316,2024-07-26,Môle 8,Hydrocarbures,1,333,Transporteur E,Thiès,71.0,Vendredi,pluies,bloqué (litige/documents),139.6,29.2,True,440823
CRI-02317,2024-07-26,Môle 1,Matériaux de construction,1,374,Transporteur A,Thiès,69.5,Vendredi,pluies,dédouané avant arrivée,66.1,40.5,False,215898
CRI-02318,2024-07-26,Terminal à Conteneurs,Import général,1,415,Transporteur E,Kayes (Mali),992.5,Vendredi,pluies,dédouanement en cours,89.5,76.2,True,474249
CRI-02319,2024-07-27,Terminal Roulier,Import général,1,396,Transporteur D,Dakar (local),19.6,Samedi,pluies,dédouané avant arrivée,73.6,56.7,True,287932
CRI-02320,2024-07-27,Terminal Roulier,Import général,1,337,Transporteur C,Thiès,70.1,Samedi,pluies,dédouanement en cours,81.9,52.1,True,410822
CRI-02321,2024-07-27,Terminal à Conteneurs,Import général,2,312,Transporteur F,Thiès,69.1,Samedi,pluies,dédouané avant arrivée,66.9,43.5,False,439424
CRI-02322,2024-07-27,Terminal à Conteneurs,Hydrocarbures,4,462,Transporteur G,Bamako (Mali),1226.8,Samedi,pluies,dédouané avant arrivée,79.0,67.0,True,1506022
CRI-02323,2024-07-27,Terminal à Conteneurs,Denrées alimentaires,3,355,Transporteur B,Dakar (local),18.6,Samedi,pluies,dédouanement en cours,130.5,51.5,False,1889661
CRI-02324,2024-07-27,Môle 3,Denrées alimentaires,2,312,Transporteur D,Kaolack,189.6,Samedi,pluies,dédouané avant arrivée,59.7,43.1,True,298944
CRI-02325,2024-07-28,Terminal à Conteneurs,Denrées alimentaires,3,231,Transporteur F,Dakar (local),19.2,Dimanche,pluies,dédouané avant arrivée,38.4,21.7,False,0
CRI-02326,2024-07-28,Môle 8,Hydrocarbures,3,317,Transporteur C,Dakar (local),18.7,Dimanche,pluies,bloqué (litige/documents),124.8,36.4,False,1441705
CRI-02327,2024-07-28,Terminal Roulier,Biens de consommation,3,250,Transporteur C,Touba,194.5,Dimanche,pluies,dédouanement en cours,70.5,38.9,False,695282
CRI-02328,2024-07-28,Terminal à Conteneurs,Biens de consommation,1,242,Transporteur A,Kaolack,193.4,Dimanche,pluies,dédouané avant arrivée,28.2,32.7,False,0
CRI-02329,2024-07-28,Môle 3,Matériaux de construction,1,226,Transporteur B,Thiès,71.3,Dimanche,pluies,dédouanement en cours,56.5,25.6,False,65244
CRI-02330,2024-07-28,Terminal Roulier,Biens de consommation,1,309,Transporteur D,Thiès,68.9,Dimanche,pluies,dédouané avant arrivée,62.5,50.8,False,254124
CRI-02331,2024-07-28,Môle 1,Denrées alimentaires,2,258,Transporteur G,Kaolack,181.6,Dimanche,pluies,dédouanement en cours,61.1,27.6,False,233918
CRI-02332,2024-07-28,Môle 3,Denrées alimentaires,1,214,Transporteur G,Bamako (Mali),1235.9,Dimanche,pluies,dédouanement en cours,57.9,34.0,True,97199
CRI-02333,2024-07-29,Terminal à Conteneurs,Hydrocarbures,3,476,Transporteur F,Bamako (Mali),1215.3,Lundi,pluies,dédouanement en cours,114.3,65.1,True,2035564
CRI-02334,2024-07-29,Môle 8,Équipements industriels,2,419,Transporteur D,Tambacounda,473.3,Lundi,pluies,dédouané avant arrivée,67.7,37.8,True,349341
CRI-02335,2024-07-29,Terminal à Conteneurs,Denrées alimentaires,1,397,Transporteur indépendant,Bamako (Mali),1215.7,Lundi,pluies,dédouané avant arrivée,105.3,63.8,True,484030
CRI-02336,2024-07-29,Terminal à Conteneurs,Import général,3,490,Transporteur E,Tambacounda,511.7,Lundi,pluies,dédouané avant arrivée,83.6,92.5,True,1722938
CRI-02337,2024-07-29,Môle 8,Biens de consommation,1,306,Transporteur A,Dakar (local),20.4,Lundi,pluies,dédouané avant arrivée,73.0,56.3,False,287710
CRI-02338,2024-07-29,Terminal à Conteneurs,Import général,3,469,Transporteur A,Dakar (local),20.8,Lundi,pluies,dédouané avant arrivée,83.3,70.9,False,1659887
CRI-02339,2024-07-29,Môle 1,Denrées alimentaires,1,386,Transporteur A,Thiès,66.4,Lundi,pluies,dédouané avant arrivée,54.1,47.3,True,183809
CRI-02340,2024-07-29,Terminal à Conteneurs,Biens de consommation,3,367,Transporteur F,Bamako (Mali),1179.9,Lundi,pluies,dédouanement en cours,59.5,39.2,True,451240
CRI-02341,2024-07-30,Môle 1,Denrées alimentaires,1,406,Transporteur D,Dakar (local),20.0,Mardi,pluies,dédouanement en cours,76.8,67.0,False,364882
CRI-02342,2024-07-30,Môle 8,Import général,1,486,Transporteur A,Dakar (local),20.1,Mardi,pluies,dédouanement en cours,120.4,86.7,False,840124
CRI-02343,2024-07-30,Môle 8,Hydrocarbures,1,388,Transporteur A,Touba,191.5,Mardi,pluies,dédouané avant arrivée,54.1,57.2,False,220567
CRI-02344,2024-07-30,Môle 1,Import général,2,384,Transporteur G,Bamako (Mali),1205.6,Mardi,pluies,dédouanement en cours,119.7,32.3,True,1056418
CRI-02345,2024-07-30,Terminal à Conteneurs,Import général,1,450,Transporteur B,Thiès,68.9,Mardi,pluies,dédouané avant arrivée,102.1,36.1,False,377443
CRI-02346,2024-07-30,Môle 3,Import général,1,381,Transporteur A,Ziguinchor,439.6,Mardi,pluies,dédouanement en cours,96.5,45.4,False,370891
CRI-02347,2024-07-30,Terminal à Conteneurs,Biens de consommation,3,495,Transporteur E,Thiès,69.5,Mardi,pluies,dédouanement en cours,96.2,25.9,True,689410
CRI-02348,2024-07-30,Môle 1,Matériaux de construction,3,476,Transporteur F,Touba,191.5,Mardi,pluies,dédouané avant arrivée,75.9,43.5,True,946859
CRI-02349,2024-07-30,Terminal à Conteneurs,Hydrocarbures,1,470,Transporteur indépendant,Dakar (local),19.8,Mardi,pluies,dédouanement en cours,132.3,34.4,True,632088
CRI-02350,2024-07-30,Terminal à Conteneurs,Matériaux de construction,1,353,Transporteur A,Dakar (local),20.5,Mardi,pluies,bloqué (litige/documents),76.2,85.3,False,544023
CRI-02351,2024-07-30,Terminal Roulier,Import général,1,407,Transporteur G,Bamako (Mali),1224.7,Mardi,pluies,dédouané avant arrivée,80.2,75.7,True,572329
CRI-02352,2024-07-30,Terminal à Conteneurs,Import général,1,286,Transporteur E,Kaolack,189.9,Mardi,pluies,dédouané avant arrivée,48.1,26.9,False,15826
CRI-02353,2024-07-30,Terminal Roulier,Hydrocarbures,2,411,Transporteur G,Bamako (Mali),1254.0,Mardi,pluies,dédouanement en cours,61.3,30.6,True,249030
CRI-02354,2024-07-30,Môle 1,Import général,1,509,Transporteur C,Bamako (Mali),1194.0,Mardi,pluies,dédouanement en cours,156.7,120.3,True,1270464
CRI-02355,2024-07-31,Terminal à Conteneurs,Matériaux de construction,1,393,Transporteur D,Bamako (Mali),1247.6,Mercredi,pluies,dédouanement en cours,44.0,56.6,True,169663
CRI-02356,2024-07-31,Terminal à Conteneurs,Import général,2,367,Transporteur A,Tambacounda,463.9,Mercredi,pluies,dédouanement en cours,112.4,72.8,False,1583007
CRI-02357,2024-07-31,Terminal à Conteneurs,Biens de consommation,1,329,Transporteur C,Kaolack,193.2,Mercredi,pluies,dédouané avant arrivée,53.7,51.9,False,218799
CRI-02358,2024-07-31,Môle 8,Import général,2,470,Transporteur G,Tambacounda,474.0,Mercredi,pluies,dédouanement en cours,58.2,37.4,True,255101
CRI-02359,2024-07-31,Terminal à Conteneurs,Hydrocarbures,1,392,Transporteur G,Bamako (Mali),1158.8,Mercredi,pluies,bloqué (litige/documents),145.4,53.5,True,777155
CRI-02360,2024-07-31,Terminal à Conteneurs,Biens de consommation,2,316,Transporteur A,Dakar (local),19.7,Mercredi,pluies,dédouané avant arrivée,64.9,41.0,False,386126
CRI-02361,2024-07-31,Môle 8,Biens de consommation,1,394,Transporteur B,Dakar (local),21.0,Mercredi,pluies,dédouané avant arrivée,61.1,91.3,False,483276
CRI-02362,2024-07-31,Terminal à Conteneurs,Import général,2,359,Transporteur A,Tambacounda,472.2,Mercredi,pluies,dédouané avant arrivée,59.6,45.1,True,416738
CRI-02363,2024-07-31,Môle 8,Biens de consommation,2,387,Transporteur B,Dakar (local),20.1,Mercredi,pluies,dédouané avant arrivée,43.6,65.2,False,342097
CRI-02364,2024-07-31,Terminal à Conteneurs,Biens de consommation,1,318,Transporteur A,Dakar (local),20.0,Mercredi,pluies,dédouanement en cours,48.6,34.7,False,59378
CRI-02365,2024-07-31,Terminal Roulier,Matériaux de construction,1,430,Transporteur A,Ziguinchor,448.0,Mercredi,pluies,dédouané avant arrivée,76.7,69.7,True,506708
CRI-02366,2024-07-31,Terminal à Conteneurs,Import général,1,344,Transporteur A,Kaolack,187.0,Mercredi,pluies,bloqué (litige/documents),60.6,54.2,False,217699
CRI-02367,2024-07-31,Môle 3,Matériaux de construction,1,317,Transporteur G,Kaolack,193.1,Mercredi,pluies,bloqué (litige/documents),148.9,37.9,False,686073
CRI-02368,2024-07-31,Terminal à Conteneurs,Import général,2,362,Transporteur C,Touba,192.3,Mercredi,pluies,dédouanement en cours,76.1,44.3,False,461427
CRI-02369,2024-07-31,Môle 8,Denrées alimentaires,1,359,Transporteur E,Dakar (local),19.3,Mercredi,pluies,dédouané avant arrivée,70.4,37.9,False,172784
CRI-02370,2024-07-31,Terminal à Conteneurs,Équipements industriels,3,408,Transporteur B,Bamako (Mali),1245.9,Mercredi,pluies,dédouané avant arrivée,42.5,70.6,True,629890
CRI-02371,2024-07-31,Môle 1,Matériaux de construction,1,330,Transporteur B,Kaolack,189.0,Mercredi,pluies,dédouanement en cours,91.0,31.6,False,339374
CRI-02372,2024-08-01,Terminal à Conteneurs,Denrées alimentaires,2,392,Transporteur B,Thiès,68.2,Jeudi,pluies,dédouanement en cours,96.2,40.8,False,903861
CRI-02373,2024-08-01,Terminal à Conteneurs,Import général,1,361,Transporteur G,Bamako (Mali),1227.9,Jeudi,pluies,dédouanement en cours,66.5,51.8,True,242563
CRI-02374,2024-08-01,Terminal à Conteneurs,Denrées alimentaires,4,388,Transporteur F,Touba,188.9,Jeudi,pluies,dédouané avant arrivée,55.6,68.7,True,1142584
CRI-02375,2024-08-01,Môle 3,Import général,1,421,Transporteur F,Bamako (Mali),1225.4,Jeudi,pluies,dédouané avant arrivée,45.5,63.7,True,257665
CRI-02376,2024-08-01,Terminal à Conteneurs,Import général,1,337,Transporteur indépendant,Dakar (local),20.7,Jeudi,pluies,bloqué (litige/documents),72.4,63.0,True,374054
CRI-02377,2024-08-01,Terminal à Conteneurs,Biens de consommation,2,343,Transporteur C,Kayes (Mali),1001.1,Jeudi,pluies,dédouané avant arrivée,41.3,25.4,True,0
CRI-02378,2024-08-01,Terminal à Conteneurs,Hydrocarbures,3,372,Transporteur G,Tambacounda,469.8,Jeudi,pluies,dédouanement en cours,71.5,44.5,False,606999
CRI-02379,2024-08-01,Terminal Roulier,Équipements industriels,2,380,Transporteur C,Kaolack,191.3,Jeudi,pluies,dédouané avant arrivée,69.1,64.7,False,643776
CRI-02380,2024-08-01,Terminal à Conteneurs,Denrées alimentaires,2,366,Transporteur A,Kaédi (Mauritanie),496.8,Jeudi,pluies,dédouané avant arrivée,47.1,47.3,True,283424
CRI-02381,2024-08-01,Terminal à Conteneurs,Import général,2,360,Transporteur indépendant,Kaolack,185.4,Jeudi,pluies,dédouanement en cours,78.4,37.3,True,445289
CRI-02382,2024-08-02,Môle 8,Matériaux de construction,1,396,Transporteur F,Dakar (local),19.5,Vendredi,pluies,dédouané avant arrivée,45.6,64.1,False,223545
CRI-02383,2024-08-02,Terminal à Conteneurs,Denrées alimentaires,1,310,Transporteur A,Touba,191.7,Vendredi,pluies,dédouanement en cours,69.5,69.8,False,410086
CRI-02384,2024-08-02,Môle 1,Équipements industriels,1,380,Transporteur C,Tambacounda,449.3,Vendredi,pluies,dédouané avant arrivée,50.7,96.8,True,481569
CRI-02385,2024-08-02,Môle 1,Biens de consommation,4,348,Transporteur G,Dakar (local),19.7,Vendredi,pluies,dédouané avant arrivée,57.2,40.1,False,464246
CRI-02386,2024-08-02,Terminal Roulier,Biens de consommation,1,353,Transporteur C,Dakar (local),19.8,Vendredi,pluies,bloqué (litige/documents),116.4,56.6,True,649799
CRI-02387,2024-08-02,Môle 3,Import général,3,290,Transporteur E,Bamako (Mali),1163.8,Vendredi,pluies,bloqué (litige/documents),133.1,57.9,True,2140972
CRI-02388,2024-08-02,Môle 8,Matériaux de construction,2,347,Transporteur E,Tambacounda,435.9,Vendredi,pluies,dédouané avant arrivée,49.3,40.2,True,231280
CRI-02389,2024-08-02,Terminal à Conteneurs,Équipements industriels,1,391,Transporteur C,Kayes (Mali),965.9,Vendredi,pluies,bloqué (litige/documents),106.0,34.2,True,343315
CRI-02390,2024-08-02,Môle 3,Biens de consommation,3,393,Transporteur E,Kayes (Mali),971.0,Vendredi,pluies,bloqué (litige/documents),109.0,38.0,True,1554152
CRI-02391,2024-08-02,Terminal Roulier,Denrées alimentaires,2,339,Transporteur B,Kaolack,186.8,Vendredi,pluies,dédouanement en cours,52.6,59.7,False,390988
CRI-02392,2024-08-03,Terminal à Conteneurs,Hydrocarbures,4,361,Transporteur A,Bamako (Mali),1256.1,Samedi,pluies,dédouanement en cours,89.4,59.4,True,1668642
CRI-02393,2024-08-03,Terminal à Conteneurs,Hydrocarbures,1,384,Transporteur D,Kaédi (Mauritanie),449.9,Samedi,pluies,bloqué (litige/documents),62.6,43.3,True,180419
CRI-02394,2024-08-03,Môle 8,Biens de consommation,1,302,Transporteur G,Bamako (Mali),1283.3,Samedi,pluies,dédouané avant arrivée,44.5,44.6,True,114557
CRI-02395,2024-08-03,Môle 3,Import général,1,296,Transporteur B,Dakar (local),20.0,Samedi,pluies,bloqué (litige/documents),123.6,31.4,False,569302
CRI-02396,2024-08-03,Môle 8,Import général,1,350,Transporteur indépendant,Kaédi (Mauritanie),477.1,Samedi,pluies,bloqué (litige/documents),103.8,41.1,True,490564
CRI-02397,2024-08-03,Môle 3,Denrées alimentaires,2,374,Transporteur D,Tambacounda,463.1,Samedi,pluies,dédouanement en cours,77.1,43.8,True,601315
CRI-02398,2024-08-03,Terminal à Conteneurs,Import général,1,321,Transporteur C,Dakar (local),21.8,Samedi,pluies,dédouanement en cours,75.4,48.6,False,307873
CRI-02399,2024-08-03,Terminal à Conteneurs,Denrées alimentaires,1,442,Transporteur E,Ziguinchor,431.1,Samedi,pluies,dédouanement en cours,67.8,61.0,True,386639
CRI-02400,2024-08-04,Môle 8,Import général,1,285,Transporteur D,Kaolack,201.6,Dimanche,pluies,dédouané avant arrivée,51.5,69.3,False,304106
CRI-02401,2024-08-04,Terminal à Conteneurs,Import général,1,253,Transporteur F,Thiès,71.3,Dimanche,pluies,dédouané avant arrivée,57.3,37.6,False,151898
CRI-02402,2024-08-04,Terminal à Conteneurs,Hydrocarbures,2,244,Transporteur B,Dakar (local),20.5,Dimanche,pluies,bloqué (litige/documents),144.4,33.9,False,993516
CRI-02403,2024-08-04,Môle 1,Hydrocarbures,2,246,Transporteur F,Kaédi (Mauritanie),482.9,Dimanche,pluies,dédouanement en cours,85.5,20.5,False,392534
CRI-02404,2024-08-04,Môle 1,Biens de consommation,1,254,Transporteur C,Dakar (local),20.2,Dimanche,pluies,dédouané avant arrivée,46.2,26.0,False,1301
CRI-02405,2024-08-04,Terminal à Conteneurs,Matériaux de construction,3,222,Transporteur F,Kayes (Mali),954.2,Dimanche,pluies,dédouanement en cours,90.4,34.4,True,1004243
CRI-02406,2024-08-04,Môle 1,Import général,2,239,Transporteur C,Bamako (Mali),1181.9,Dimanche,pluies,dédouané avant arrivée,67.4,31.6,True,353346
CRI-02407,2024-08-04,Môle 1,Équipements industriels,1,279,Transporteur C,Dakar (local),19.5,Dimanche,pluies,dédouané avant arrivée,59.2,25.6,False,70071
CRI-02408,2024-08-04,Terminal à Conteneurs,Denrées alimentaires,4,289,Transporteur B,Bamako (Mali),1196.0,Dimanche,pluies,dédouanement en cours,47.1,51.2,True,724606
CRI-02409,2024-08-04,Môle 1,Denrées alimentaires,3,281,Transporteur F,Kaolack,190.1,Dimanche,pluies,bloqué (litige/documents),138.2,14.1,False,1428324
CRI-02410,2024-08-04,Terminal Roulier,Import général,1,266,Transporteur G,Kayes (Mali),930.7,Dimanche,pluies,dédouané avant arrivée,26.2,36.8,True,0
CRI-02411,2024-08-04,Terminal à Conteneurs,Matériaux de construction,2,297,Transporteur E,Dakar (local),20.2,Dimanche,pluies,dédouané avant arrivée,52.6,31.3,False,166025
CRI-02412,2024-08-05,Môle 1,Équipements industriels,2,476,Transporteur C,Dakar (local),20.4,Lundi,pluies,dédouanement en cours,100.3,77.0,False,1242355
CRI-02413,2024-08-05,Terminal à Conteneurs,Équipements industriels,2,466,Transporteur C,Thiès,69.0,Lundi,pluies,dédouané avant arrivée,38.8,23.7,True,0
CRI-02414,2024-08-05,Terminal à Conteneurs,Biens de consommation,3,392,Transporteur A,Thiès,72.7,Lundi,pluies,dédouanement en cours,72.8,64.0,False,1271785
CRI-02415,2024-08-05,Môle 3,Denrées alimentaires,4,478,Transporteur E,Touba,182.7,Lundi,pluies,dédouané avant arrivée,92.5,62.4,True,1590422
CRI-02416,2024-08-05,Terminal Roulier,Import général,1,375,Transporteur B,Dakar (local),19.8,Lundi,pluies,dédouané avant arrivée,49.9,31.0,False,57708
CRI-02417,2024-08-05,Môle 3,Matériaux de construction,1,490,Transporteur E,Bamako (Mali),1219.4,Lundi,pluies,dédouanement en cours,78.6,62.3,True,405314
CRI-02418,2024-08-05,Môle 3,Équipements industriels,2,409,Transporteur indépendant,Touba,176.7,Lundi,pluies,dédouanement en cours,66.5,80.4,False,679950
CRI-02419,2024-08-05,Terminal à Conteneurs,Denrées alimentaires,2,375,Transporteur F,Thiès,71.7,Lundi,pluies,bloqué (litige/documents),74.6,42.8,True,618328
CRI-02420,2024-08-05,Terminal à Conteneurs,Hydrocarbures,2,378,Transporteur G,Kaolack,206.6,Lundi,pluies,dédouanement en cours,97.1,36.5,True,609356
CRI-02421,2024-08-05,Terminal à Conteneurs,Denrées alimentaires,1,393,Transporteur indépendant,Dakar (local),20.3,Lundi,pluies,dédouané avant arrivée,35.6,56.9,False,96734
CRI-02422,2024-08-05,Môle 8,Biens de consommation,1,388,Transporteur B,Thiès,67.5,Lundi,pluies,dédouanement en cours,109.0,29.3,False,307746
CRI-02423,2024-08-05,Môle 1,Denrées alimentaires,1,382,Transporteur F,Kaédi (Mauritanie),451.4,Lundi,pluies,dédouané avant arrivée,48.4,40.6,False,88186
CRI-02424,2024-08-05,Terminal à Conteneurs,Équipements industriels,2,412,Transporteur A,Kaédi (Mauritanie),492.6,Lundi,pluies,bloqué (litige/documents),104.8,40.1,False,717520
CRI-02425,2024-08-05,Terminal Roulier,Denrées alimentaires,3,374,Transporteur E,Dakar (local),19.6,Lundi,pluies,dédouané avant arrivée,81.3,77.5,False,1334712
CRI-02426,2024-08-05,Terminal à Conteneurs,Denrées alimentaires,4,411,Transporteur C,Ziguinchor,446.5,Lundi,pluies,dédouané avant arrivée,81.0,42.4,True,1131290
CRI-02427,2024-08-05,Terminal Roulier,Biens de consommation,1,426,Transporteur E,Bamako (Mali),1228.7,Lundi,pluies,dédouanement en cours,123.8,69.3,True,629030
CRI-02428,2024-08-05,Terminal à Conteneurs,Denrées alimentaires,1,445,Transporteur E,Dakar (local),19.9,Lundi,pluies,bloqué (litige/documents),142.3,54.8,False,832368
CRI-02429,2024-08-06,Môle 1,Denrées alimentaires,1,425,Transporteur E,Thiès,69.3,Mardi,pluies,dédouanement en cours,75.0,52.7,False,351789
CRI-02430,2024-08-06,Môle 8,Matériaux de construction,1,488,Transporteur C,Kaolack,192.6,Mardi,pluies,dédouanement en cours,115.6,90.4,True,611185
CRI-02431,2024-08-06,Môle 8,Denrées alimentaires,1,320,Transporteur indépendant,Kaédi (Mauritanie),456.2,Mardi,pluies,dédouané avant arrivée,108.6,28.0,True,369132
CRI-02432,2024-08-06,Môle 1,Hydrocarbures,1,470,Transporteur F,Touba,185.7,Mardi,pluies,bloqué (litige/documents),125.4,54.3,True,534110
CRI-02433,2024-08-06,Terminal à Conteneurs,Import général,3,451,Transporteur indépendant,Tambacounda,439.9,Mardi,pluies,bloqué (litige/documents),131.5,36.2,True,1548663
CRI-02434,2024-08-06,Terminal à Conteneurs,Import général,2,388,Transporteur indépendant,Kayes (Mali),951.3,Mardi,pluies,dédouanement en cours,79.5,82.5,True,1048598
CRI-02435,2024-08-07,Terminal à Conteneurs,Denrées alimentaires,2,347,Transporteur A,Bamako (Mali),1247.2,Mercredi,pluies,dédouanement en cours,59.8,30.3,True,188612
CRI-02436,2024-08-07,Terminal Roulier,Biens de consommation,1,354,Transporteur D,Bamako (Mali),1267.3,Mercredi,pluies,dédouané avant arrivée,33.0,57.0,True,90384
CRI-02437,2024-08-07,Môle 8,Import général,3,393,Transporteur C,Dakar (local),20.0,Mercredi,pluies,dédouané avant arrivée,45.1,43.3,False,259157
CRI-02438,2024-08-07,Terminal Roulier,Denrées alimentaires,1,385,Transporteur F,Dakar (local),20.0,Mercredi,pluies,dédouanement en cours,40.0,58.3,False,143125
CRI-02439,2024-08-07,Terminal à Conteneurs,Matériaux de construction,1,381,Transporteur indépendant,Touba,182.5,Mercredi,pluies,dédouané avant arrivée,101.4,61.4,True,609172
CRI-02440,2024-08-07,Terminal Roulier,Denrées alimentaires,1,388,Transporteur F,Dakar (local),19.9,Mercredi,pluies,dédouané avant arrivée,58.2,67.6,False,278526
CRI-02441,2024-08-07,Terminal à Conteneurs,Denrées alimentaires,1,372,Transporteur B,Bamako (Mali),1293.0,Mercredi,pluies,bloqué (litige/documents),149.1,35.6,True,769022
CRI-02442,2024-08-07,Terminal à Conteneurs,Biens de consommation,1,425,Transporteur C,Dakar (local),18.7,Mercredi,pluies,dédouané avant arrivée,58.6,57.0,False,258254
CRI-02443,2024-08-08,Terminal à Conteneurs,Import général,4,299,Transporteur A,Touba,184.9,Jeudi,pluies,dédouané avant arrivée,35.7,40.2,False,99731
CRI-02444,2024-08-08,Terminal à Conteneurs,Import général,2,351,Transporteur indépendant,Kayes (Mali),949.5,Jeudi,pluies,dédouanement en cours,60.2,21.3,True,126538
CRI-02445,2024-08-08,Môle 1,Import général,1,390,Transporteur E,Kayes (Mali),961.5,Jeudi,pluies,dédouané avant arrivée,66.8,48.3,True,274530
CRI-02446,2024-08-08,Môle 1,Import général,2,411,Transporteur G,Thiès,69.0,Jeudi,pluies,bloqué (litige/documents),77.7,50.4,False,647637
CRI-02447,2024-08-08,Terminal à Conteneurs,Import général,2,403,Transporteur F,Kayes (Mali),936.2,Jeudi,pluies,dédouanement en cours,123.9,40.9,True,1004012
CRI-02448,2024-08-08,Môle 8,Équipements industriels,3,312,Transporteur F,Bamako (Mali),1202.4,Jeudi,pluies,dédouané avant arrivée,22.1,59.0,True,180942
CRI-02449,2024-08-08,Môle 3,Matériaux de construction,2,313,Transporteur E,Ziguinchor,427.5,Jeudi,pluies,dédouané avant arrivée,65.6,37.4,True,347816
CRI-02450,2024-08-08,Terminal Roulier,Import général,1,321,Transporteur G,Kaédi (Mauritanie),445.1,Jeudi,pluies,dédouané avant arrivée,56.8,43.0,False,134625
CRI-02451,2024-08-08,Môle 8,Import général,1,305,Transporteur indépendant,Touba,189.9,Jeudi,pluies,dédouané avant arrivée,69.2,49.1,False,238486
CRI-02452,2024-08-08,Môle 3,Hydrocarbures,2,356,Transporteur F,Kayes (Mali),977.3,Jeudi,pluies,dédouané avant arrivée,62.8,67.4,True,645654
CRI-02453,2024-08-08,Môle 8,Import général,1,343,Transporteur F,Kayes (Mali),951.7,Jeudi,pluies,bloqué (litige/documents),121.4,43.1,True,561134
CRI-02454,2024-08-08,Môle 3,Hydrocarbures,1,372,Transporteur E,Tambacounda,469.1,Jeudi,pluies,dédouanement en cours,59.6,49.9,True,204033
CRI-02455,2024-08-08,Môle 3,Denrées alimentaires,2,392,Transporteur E,Dakar (local),19.9,Jeudi,pluies,dédouané avant arrivée,50.9,63.7,True,514672
CRI-02456,2024-08-08,Terminal Roulier,Import général,1,313,Transporteur indépendant,Dakar (local),20.2,Jeudi,pluies,bloqué (litige/documents),96.8,54.1,False,518531
CRI-02457,2024-08-09,Môle 1,Import général,3,391,Transporteur A,Ziguinchor,474.0,Vendredi,pluies,dédouanement en cours,56.0,88.5,True,1236687
CRI-02458,2024-08-09,Môle 8,Biens de consommation,1,341,Transporteur F,Tambacounda,461.7,Vendredi,pluies,dédouanement en cours,45.1,33.7,True,45101
CRI-02459,2024-08-09,Terminal à Conteneurs,Matériaux de construction,1,337,Transporteur C,Tambacounda,460.3,Vendredi,pluies,dédouanement en cours,85.2,59.3,False,426050
CRI-02460,2024-08-09,Terminal à Conteneurs,Équipements industriels,1,405,Transporteur E,Dakar (local),19.3,Vendredi,pluies,dédouanement en cours,136.5,36.2,True,643279
CRI-02461,2024-08-09,Môle 1,Denrées alimentaires,1,383,Transporteur A,Bamako (Mali),1125.3,Vendredi,pluies,dédouané avant arrivée,81.6,40.4,True,276697
CRI-02462,2024-08-09,Terminal à Conteneurs,Hydrocarbures,1,377,Transporteur E,Dakar (local),18.6,Vendredi,pluies,dédouanement en cours,85.0,30.5,True,219775
CRI-02463,2024-08-09,Môle 1,Matériaux de construction,1,371,Transporteur B,Touba,188.2,Vendredi,pluies,dédouané avant arrivée,49.2,83.2,False,285476
CRI-02464,2024-08-09,Terminal à Conteneurs,Import général,1,356,Transporteur G,Touba,202.9,Vendredi,pluies,dédouanement en cours,75.0,77.1,False,520455
CRI-02465,2024-08-09,Môle 3,Denrées alimentaires,2,471,Transporteur F,Bamako (Mali),1217.1,Vendredi,pluies,dédouané avant arrivée,37.4,38.8,True,52718
CRI-02466,2024-08-09,Terminal à Conteneurs,Import général,4,420,Transporteur indépendant,Ziguinchor,474.7,Vendredi,pluies,dédouanement en cours,89.8,34.3,True,1083541
CRI-02467,2024-08-09,Terminal Roulier,Équipements industriels,2,355,Transporteur F,Dakar (local),19.0,Vendredi,pluies,dédouané avant arrivée,71.1,58.6,False,685764
CRI-02468,2024-08-09,Terminal à Conteneurs,Import général,1,326,Transporteur E,Bamako (Mali),1235.1,Vendredi,pluies,dédouanement en cours,99.5,46.5,True,472605
CRI-02469,2024-08-10,Terminal à Conteneurs,Import général,3,322,Transporteur D,Tambacounda,464.0,Samedi,pluies,dédouané avant arrivée,77.6,28.8,False,575420
CRI-02470,2024-08-10,Terminal à Conteneurs,Biens de consommation,1,394,Transporteur indépendant,Kayes (Mali),967.4,Samedi,pluies,dédouané avant arrivée,144.1,21.2,True,595189
CRI-02471,2024-08-10,Terminal Roulier,Denrées alimentaires,2,354,Transporteur A,Dakar (local),21.0,Samedi,pluies,dédouané avant arrivée,56.7,53.9,False,529622
CRI-02472,2024-08-10,Môle 1,Biens de consommation,1,366,Transporteur F,Thiès,73.3,Samedi,pluies,dédouanement en cours,83.5,41.2,True,358339
CRI-02473,2024-08-10,Terminal Roulier,Denrées alimentaires,4,435,Transporteur F,Bamako (Mali),1222.2,Samedi,pluies,dédouané avant arrivée,107.0,69.8,True,2176841
CRI-02474,2024-08-10,Môle 3,Matériaux de construction,2,287,Transporteur D,Ziguinchor,455.1,Samedi,pluies,dédouané avant arrivée,31.5,28.1,False,0
CRI-02475,2024-08-10,Terminal Roulier,Import général,2,411,Transporteur G,Thiès,72.4,Samedi,pluies,dédouané avant arrivée,49.0,69.7,False,651482
CRI-02476,2024-08-10,Terminal à Conteneurs,Hydrocarbures,2,315,Transporteur B,Kaolack,181.9,Samedi,pluies,dédouané avant arrivée,30.4,30.2,False,0
CRI-02477,2024-08-10,Môle 1,Import général,1,463,Transporteur A,Tambacounda,476.3,Samedi,pluies,dédouané avant arrivée,54.1,66.7,False,235387
CRI-02478,2024-08-10,Terminal à Conteneurs,Matériaux de construction,1,327,Transporteur D,Touba,192.2,Samedi,pluies,dédouané avant arrivée,68.7,59.6,False,316826
CRI-02479,2024-08-10,Môle 8,Import général,1,295,Transporteur C,Kayes (Mali),951.7,Samedi,pluies,dédouanement en cours,39.5,41.1,True,60138
CRI-02480,2024-08-10,Terminal Roulier,Import général,4,403,Transporteur G,Kayes (Mali),934.1,Samedi,pluies,dédouanement en cours,81.5,50.4,True,1316487
CRI-02481,2024-08-10,Môle 1,Denrées alimentaires,3,429,Transporteur G,Dakar (local),19.7,Samedi,pluies,bloqué (litige/documents),128.4,65.4,True,2137294
CRI-02482,2024-08-11,Terminal à Conteneurs,Biens de consommation,2,274,Transporteur C,Dakar (local),21.1,Dimanche,pluies,dédouané avant arrivée,51.2,40.8,False,202419
CRI-02483,2024-08-11,Môle 8,Import général,1,244,Transporteur indépendant,Bamako (Mali),1184.3,Dimanche,pluies,dédouanement en cours,66.0,34.7,True,178170
CRI-02484,2024-08-11,Môle 8,Denrées alimentaires,1,259,Transporteur E,Tambacounda,465.4,Dimanche,pluies,dédouanement en cours,75.7,65.0,True,331032
CRI-02485,2024-08-11,Môle 3,Import général,1,304,Transporteur A,Bamako (Mali),1229.0,Dimanche,pluies,dédouané avant arrivée,48.8,54.7,True,156506
CRI-02486,2024-08-11,Terminal à Conteneurs,Import général,4,281,Transporteur A,Dakar (local),20.2,Dimanche,pluies,bloqué (litige/documents),186.5,33.5,False,3804160
CRI-02487,2024-08-11,Môle 1,Import général,2,311,Transporteur G,Kaolack,190.6,Dimanche,pluies,dédouanement en cours,51.6,37.7,False,160664
CRI-02488,2024-08-11,Môle 3,Import général,1,240,Transporteur F,Dakar (local),21.3,Dimanche,pluies,dédouanement en cours,66.7,45.8,False,240790
CRI-02489,2024-08-11,Môle 8,Import général,3,230,Transporteur D,Touba,186.5,Dimanche,pluies,dédouanement en cours,88.1,27.3,False,744851
CRI-02490,2024-08-11,Môle 8,Équipements industriels,1,327,Transporteur E,Dakar (local),20.7,Dimanche,pluies,dédouanement en cours,108.9,25.0,False,363958
CRI-02491,2024-08-11,Môle 1,Import général,1,279,Transporteur D,Touba,195.5,Dimanche,pluies,dédouané avant arrivée,66.3,36.9,False,151089
CRI-02492,2024-08-11,Terminal à Conteneurs,Matériaux de construction,2,264,Transporteur indépendant,Bamako (Mali),1203.2,Dimanche,pluies,dédouané avant arrivée,65.5,60.8,True,678225
CRI-02493,2024-08-11,Terminal Roulier,Hydrocarbures,1,276,Transporteur E,Dakar (local),20.1,Dimanche,pluies,dédouané avant arrivée,86.9,49.6,False,416331
CRI-02494,2024-08-11,Terminal Roulier,Biens de consommation,3,248,Transporteur B,Bamako (Mali),1197.3,Dimanche,pluies,dédouané avant arrivée,52.2,21.6,True,25519
CRI-02495,2024-08-11,Môle 1,Biens de consommation,3,315,Transporteur indépendant,Dakar (local),19.4,Dimanche,pluies,dédouanement en cours,81.5,24.3,True,540015
CRI-02496,2024-08-11,Môle 3,Équipements industriels,1,339,Transporteur A,Kayes (Mali),945.3,Dimanche,pluies,dédouané avant arrivée,63.4,25.3,True,106479
CRI-02497,2024-08-12,Môle 8,Équipements industriels,1,445,Transporteur indépendant,Ziguinchor,458.7,Lundi,pluies,dédouanement en cours,85.0,96.4,True,532780
CRI-02498,2024-08-12,Môle 3,Denrées alimentaires,1,426,Transporteur D,Kaolack,181.4,Lundi,pluies,dédouané avant arrivée,84.2,48.4,True,406268
CRI-02499,2024-08-12,Terminal à Conteneurs,Import général,4,383,Transporteur D,Tambacounda,458.8,Lundi,pluies,bloqué (litige/documents),200.4,62.9,True,4914051
CRI-02500,2024-08-12,Môle 3,Hydrocarbures,2,403,Transporteur G,Kaolack,202.4,Lundi,pluies,dédouanement en cours,139.8,31.1,True,1182258
CRI-02501,2024-08-12,Terminal Roulier,Matériaux de construction,2,398,Transporteur C,Kaolack,178.9,Lundi,pluies,dédouané avant arrivée,88.4,52.2,True,672196
CRI-02502,2024-08-12,Terminal à Conteneurs,Matériaux de construction,2,442,Transporteur B,Touba,187.8,Lundi,pluies,dédouanement en cours,133.3,41.2,False,1075009
CRI-02503,2024-08-12,Môle 1,Équipements industriels,1,369,Transporteur B,Kaolack,192.7,Lundi,pluies,dédouanement en cours,98.6,53.6,False,483051
CRI-02504,2024-08-12,Môle 8,Hydrocarbures,3,398,Transporteur G,Dakar (local),20.3,Lundi,pluies,bloqué (litige/documents),158.8,45.6,False,1838010
CRI-02505,2024-08-12,Môle 3,Équipements industriels,1,468,Transporteur G,Dakar (local),20.4,Lundi,pluies,bloqué (litige/documents),72.6,74.5,True,514145
CRI-02506,2024-08-12,Terminal Roulier,Denrées alimentaires,3,423,Transporteur A,Kaolack,189.1,Lundi,pluies,dédouanement en cours,49.9,62.9,True,596897
CRI-02507,2024-08-12,Môle 8,Import général,1,469,Transporteur F,Tambacounda,459.4,Lundi,pluies,dédouané avant arrivée,82.1,65.9,True,409149
CRI-02508,2024-08-12,Môle 3,Import général,1,396,Transporteur C,Kaolack,184.7,Lundi,pluies,dédouané avant arrivée,76.1,58.3,False,396187
CRI-02509,2024-08-12,Terminal Roulier,Équipements industriels,1,483,Transporteur E,Kaolack,186.4,Lundi,pluies,dédouané avant arrivée,67.5,68.1,True,355921
CRI-02510,2024-08-12,Terminal à Conteneurs,Import général,3,490,Transporteur G,Tambacounda,485.8,Lundi,pluies,dédouané avant arrivée,103.2,77.7,True,1956470
CRI-02511,2024-08-12,Terminal Roulier,Import général,1,461,Transporteur A,Kaolack,188.4,Lundi,pluies,dédouané avant arrivée,62.2,60.6,False,294367
CRI-02512,2024-08-13,Môle 8,Équipements industriels,1,319,Transporteur indépendant,Dakar (local),19.9,Mardi,pluies,dédouanement en cours,59.1,55.3,True,215920
CRI-02513,2024-08-13,Terminal à Conteneurs,Import général,1,480,Transporteur G,Thiès,67.8,Mardi,pluies,dédouané avant arrivée,56.8,72.2,False,382441
CRI-02514,2024-08-13,Terminal à Conteneurs,Denrées alimentaires,1,435,Transporteur A,Dakar (local),19.5,Mardi,pluies,dédouanement en cours,174.0,34.0,False,793865
CRI-02515,2024-08-13,Môle 8,Import général,1,432,Transporteur indépendant,Bamako (Mali),1175.3,Mardi,pluies,dédouané avant arrivée,63.8,69.4,True,404734
CRI-02516,2024-08-13,Terminal Roulier,Biens de consommation,2,449,Transporteur F,Ziguinchor,455.4,Mardi,pluies,dédouanement en cours,90.3,34.8,True,712163
CRI-02517,2024-08-13,Môle 3,Matériaux de construction,2,419,Transporteur C,Dakar (local),19.8,Mardi,pluies,dédouanement en cours,87.3,67.9,True,1122684
CRI-02518,2024-08-13,Môle 1,Hydrocarbures,1,405,Transporteur B,Kaédi (Mauritanie),479.8,Mardi,pluies,bloqué (litige/documents),146.5,24.6,True,480489
CRI-02519,2024-08-13,Môle 1,Import général,3,476,Transporteur D,Thiès,70.5,Mardi,pluies,dédouané avant arrivée,32.5,37.5,True,0
CRI-02520,2024-08-13,Terminal Roulier,Denrées alimentaires,1,527,Transporteur A,Bamako (Mali),1196.8,Mardi,pluies,dédouanement en cours,125.5,58.9,True,705043
CRI-02521,2024-08-13,Môle 1,Import général,2,321,Transporteur G,Dakar (local),20.9,Mardi,pluies,bloqué (litige/documents),47.2,32.6,False,82979
CRI-02522,2024-08-13,Môle 3,Denrées alimentaires,2,426,Transporteur A,Thiès,68.1,Mardi,pluies,dédouané avant arrivée,46.8,43.1,False,230904
CRI-02523,2024-08-13,Terminal à Conteneurs,Biens de consommation,1,460,Transporteur E,Dakar (local),19.9,Mardi,pluies,dédouanement en cours,57.1,75.2,True,364122
CRI-02524,2024-08-13,Terminal à Conteneurs,Import général,2,500,Transporteur F,Kaolack,197.3,Mardi,pluies,dédouanement en cours,130.6,67.4,True,1615595
CRI-02525,2024-08-13,Môle 8,Matériaux de construction,4,396,Transporteur G,Bamako (Mali),1225.7,Mardi,pluies,dédouanement en cours,121.2,41.1,True,1906076
CRI-02526,2024-08-13,Terminal à Conteneurs,Équipements industriels,2,383,Transporteur E,Touba,191.2,Mardi,pluies,dédouané avant arrivée,99.7,63.5,True,872273
CRI-02527,2024-08-14,Terminal à Conteneurs,Matériaux de construction,1,366,Transporteur indépendant,Dakar (local),20.1,Mercredi,pluies,dédouanement en cours,126.6,32.8,True,579276
CRI-02528,2024-08-14,Môle 1,Hydrocarbures,1,377,Transporteur F,Kayes (Mali),963.9,Mercredi,pluies,dédouané avant arrivée,75.2,48.6,True,257280
CRI-02529,2024-08-14,Môle 3,Denrées alimentaires,1,360,Transporteur C,Thiès,66.1,Mercredi,pluies,dédouanement en cours,99.4,50.3,False,432250
CRI-02530,2024-08-14,Terminal à Conteneurs,Import général,1,298,Transporteur C,Tambacounda,500.9,Mercredi,pluies,dédouané avant arrivée,42.7,33.9,True,26843
CRI-02531,2024-08-14,Môle 8,Import général,3,270,Transporteur G,Thiès,72.3,Mercredi,pluies,dédouanement en cours,69.5,26.1,False,496248
CRI-02532,2024-08-14,Terminal à Conteneurs,Import général,1,385,Transporteur C,Bamako (Mali),1175.5,Mercredi,pluies,bloqué (litige/documents),111.5,37.3,True,476319
CRI-02533,2024-08-14,Môle 1,Hydrocarbures,1,328,Transporteur E,Bamako (Mali),1229.4,Mercredi,pluies,dédouanement en cours,55.9,34.6,True,83800
CRI-02534,2024-08-14,Môle 8,Équipements industriels,1,374,Transporteur C,Dakar (local),20.4,Mercredi,pluies,dédouané avant arrivée,57.0,65.9,False,339400
CRI-02535,2024-08-14,Môle 8,Denrées alimentaires,1,442,Transporteur A,Dakar (local),19.4,Mercredi,pluies,bloqué (litige/documents),218.2,66.6,False,1007585
CRI-02536,2024-08-14,Môle 8,Denrées alimentaires,3,463,Transporteur E,Touba,194.8,Mercredi,pluies,dédouanement en cours,70.3,61.7,True,1104379
CRI-02537,2024-08-14,Terminal Roulier,Biens de consommation,2,445,Transporteur A,Bamako (Mali),1229.2,Mercredi,pluies,dédouané avant arrivée,65.0,41.7,True,474185
CRI-02538,2024-08-14,Terminal à Conteneurs,Matériaux de construction,1,343,Transporteur A,Touba,192.4,Mercredi,pluies,dédouané avant arrivée,40.1,31.8,False,0
CRI-02539,2024-08-14,Terminal à Conteneurs,Import général,2,408,Transporteur D,Dakar (local),20.7,Mercredi,pluies,dédouané avant arrivée,74.6,40.0,True,484128
CRI-02540,2024-08-15,Terminal à Conteneurs,Hydrocarbures,2,364,Transporteur F,Kaolack,194.0,Jeudi,pluies,dédouanement en cours,132.4,35.9,True,1344147
CRI-02541,2024-08-15,Terminal à Conteneurs,Équipements industriels,2,421,Transporteur A,Bamako (Mali),1212.5,Jeudi,pluies,dédouané avant arrivée,45.2,33.4,True,66404
CRI-02542,2024-08-15,Terminal à Conteneurs,Biens de consommation,1,344,Transporteur C,Kaédi (Mauritanie),493.6,Jeudi,pluies,dédouanement en cours,75.0,54.4,True,262512
CRI-02543,2024-08-15,Môle 1,Import général,2,304,Transporteur indépendant,Tambacounda,469.8,Jeudi,pluies,dédouané avant arrivée,28.9,39.1,True,0
CRI-02544,2024-08-15,Terminal à Conteneurs,Matériaux de construction,1,305,Transporteur F,Bamako (Mali),1221.5,Jeudi,pluies,dédouanement en cours,67.0,45.3,True,266409
CRI-02545,2024-08-15,Môle 3,Matériaux de construction,1,298,Transporteur E,Kaolack,200.6,Jeudi,pluies,bloqué (litige/documents),93.1,49.8,True,378473
CRI-02546,2024-08-16,Terminal Roulier,Matériaux de construction,1,286,Transporteur B,Bamako (Mali),1135.6,Vendredi,pluies,dédouané avant arrivée,40.0,56.7,True,166724
CRI-02547,2024-08-16,Terminal Roulier,Import général,1,440,Transporteur E,Tambacounda,463.6,Vendredi,pluies,dédouané avant arrivée,45.1,47.8,True,119921
CRI-02548,2024-08-16,Môle 3,Biens de consommation,1,323,Transporteur A,Bamako (Mali),1249.3,Vendredi,pluies,dédouanement en cours,72.1,20.3,True,134162
CRI-02549,2024-08-16,Môle 8,Biens de consommation,2,411,Transporteur C,Bamako (Mali),1295.4,Vendredi,pluies,dédouanement en cours,59.1,69.0,True,737871
CRI-02550,2024-08-16,Môle 3,Import général,3,350,Transporteur D,Thiès,65.1,Vendredi,pluies,dédouané avant arrivée,60.2,33.2,False,306417
CRI-02551,2024-08-16,Terminal à Conteneurs,Hydrocarbures,2,351,Transporteur D,Bamako (Mali),1233.7,Vendredi,pluies,bloqué (litige/documents),81.0,39.6,True,510791
CRI-02552,2024-08-16,Terminal Roulier,Matériaux de construction,1,315,Transporteur F,Dakar (local),18.8,Vendredi,pluies,dédouanement en cours,41.1,31.4,False,3128
CRI-02553,2024-08-16,Môle 1,Matériaux de construction,2,292,Transporteur indépendant,Kayes (Mali),961.4,Vendredi,pluies,dédouanement en cours,86.6,32.1,True,501555
CRI-02554,2024-08-16,Terminal à Conteneurs,Import général,2,401,Transporteur C,Dakar (local),19.2,Vendredi,pluies,dédouanement en cours,55.9,68.0,False,503129
CRI-02555,2024-08-16,Môle 1,Biens de consommation,1,365,Transporteur A,Touba,181.2,Vendredi,pluies,dédouanement en cours,83.7,32.9,False,295284
CRI-02556,2024-08-16,Terminal à Conteneurs,Import général,3,370,Transporteur G,Thiès,70.1,Vendredi,pluies,dédouané avant arrivée,43.1,102.9,False,1142297
CRI-02557,2024-08-17,Môle 1,Biens de consommation,2,340,Transporteur D,Bamako (Mali),1233.4,Samedi,pluies,dédouanement en cours,68.4,54.2,True,501283
CRI-02558,2024-08-17,Môle 8,Import général,1,350,Transporteur D,Bamako (Mali),1236.7,Samedi,pluies,dédouanement en cours,76.3,65.9,True,430111
CRI-02559,2024-08-17,Terminal Roulier,Import général,1,330,Transporteur D,Thiès,68.6,Samedi,pluies,dédouané avant arrivée,58.2,49.1,False,189520
CRI-02560,2024-08-17,Terminal Roulier,Hydrocarbures,1,427,Transporteur B,Kaolack,194.4,Samedi,pluies,dédouanement en cours,106.3,58.2,False,446219
CRI-02561,2024-08-17,Môle 8,Denrées alimentaires,2,370,Transporteur F,Thiès,68.9,Samedi,pluies,dédouanement en cours,95.4,21.8,False,580691
CRI-02562,2024-08-17,Môle 8,Équipements industriels,1,437,Transporteur D,Ziguinchor,445.8,Samedi,pluies,dédouané avant arrivée,67.8,57.4,True,282472
CRI-02563,2024-08-17,Terminal à Conteneurs,Équipements industriels,2,377,Transporteur D,Ziguinchor,422.5,Samedi,pluies,dédouanement en cours,49.2,26.7,True,42776
CRI-02564,2024-08-17,Terminal à Conteneurs,Import général,4,361,Transporteur A,Tambacounda,498.6,Samedi,pluies,dédouané avant arrivée,44.3,67.9,True,872036
CRI-02565,2024-08-17,Môle 1,Biens de consommation,3,427,Transporteur A,Touba,186.5,Samedi,pluies,dédouané avant arrivée,94.5,52.5,False,1013411
CRI-02566,2024-08-17,Terminal à Conteneurs,Équipements industriels,1,367,Transporteur B,Dakar (local),19.4,Samedi,pluies,dédouané avant arrivée,88.1,42.2,False,324156
CRI-02567,2024-08-18,Terminal à Conteneurs,Import général,2,225,Transporteur A,Bamako (Mali),1281.9,Dimanche,pluies,dédouanement en cours,52.9,33.1,True,164237
CRI-02568,2024-08-18,Terminal Roulier,Denrées alimentaires,4,263,Transporteur G,Dakar (local),19.1,Dimanche,pluies,dédouanement en cours,69.9,22.9,False,556156
CRI-02569,2024-08-18,Môle 3,Matériaux de construction,2,253,Transporteur E,Kayes (Mali),950.8,Dimanche,pluies,dédouanement en cours,67.5,30.6,True,327548
CRI-02570,2024-08-18,Terminal Roulier,Biens de consommation,2,251,Transporteur F,Kayes (Mali),915.9,Dimanche,pluies,dédouanement en cours,62.9,50.1,True,471625
CRI-02571,2024-08-18,Môle 8,Biens de consommation,1,320,Transporteur D,Dakar (local),20.8,Dimanche,pluies,dédouanement en cours,93.1,55.8,False,418881
CRI-02572,2024-08-19,Terminal Roulier,Biens de consommation,1,372,Transporteur B,Touba,187.8,Lundi,pluies,dédouanement en cours,92.1,41.7,False,382917
CRI-02573,2024-08-19,Terminal à Conteneurs,Matériaux de construction,1,347,Transporteur indépendant,Kayes (Mali),981.1,Lundi,pluies,dédouané avant arrivée,39.8,48.8,True,109651
CRI-02574,2024-08-19,Môle 1,Import général,3,395,Transporteur G,Kayes (Mali),952.4,Lundi,pluies,dédouanement en cours,67.5,68.1,True,1076172
CRI-02575,2024-08-19,Terminal à Conteneurs,Équipements industriels,1,405,Transporteur A,Thiès,71.4,Lundi,pluies,dédouané avant arrivée,61.8,47.5,True,248621
CRI-02576,2024-08-19,Môle 3,Matériaux de construction,1,366,Transporteur B,Thiès,74.8,Lundi,pluies,dédouané avant arrivée,52.5,37.8,False,101539
CRI-02577,2024-08-19,Môle 8,Import général,2,414,Transporteur F,Bamako (Mali),1169.1,Lundi,pluies,bloqué (litige/documents),171.6,42.8,True,1802891
CRI-02578,2024-08-19,Terminal à Conteneurs,Import général,3,367,Transporteur indépendant,Ziguinchor,451.7,Lundi,pluies,dédouané avant arrivée,46.5,36.5,True,216163
CRI-02579,2024-08-19,Môle 8,Import général,2,332,Transporteur indépendant,Kaolack,189.1,Lundi,pluies,dédouanement en cours,87.6,38.3,True,583903
CRI-02580,2024-08-19,Terminal Roulier,Import général,3,435,Transporteur F,Bamako (Mali),1177.5,Lundi,pluies,dédouanement en cours,121.4,35.6,True,1462937
CRI-02581,2024-08-19,Môle 3,Import général,2,409,Transporteur C,Dakar (local),19.8,Lundi,pluies,dédouané avant arrivée,77.0,55.1,False,792305
CRI-02582,2024-08-19,Terminal à Conteneurs,Biens de consommation,1,447,Transporteur A,Dakar (local),19.5,Lundi,pluies,bloqué (litige/documents),120.3,101.4,False,1012972
CRI-02583,2024-08-20,Môle 8,Import général,1,402,Transporteur indépendant,Kaédi (Mauritanie),481.8,Mardi,pluies,dédouané avant arrivée,50.2,61.1,True,235547
CRI-02584,2024-08-20,Terminal à Conteneurs,Denrées alimentaires,1,419,Transporteur B,Kaolack,189.5,Mardi,pluies,bloqué (litige/documents),166.6,63.6,False,937673
CRI-02585,2024-08-20,Môle 8,Denrées alimentaires,1,541,Transporteur F,Bamako (Mali),1231.9,Mardi,pluies,dédouané avant arrivée,77.5,148.3,True,996283
CRI-02586,2024-08-20,Môle 8,Import général,1,402,Transporteur G,Dakar (local),20.0,Mardi,pluies,dédouané avant arrivée,72.6,68.1,False,324699
CRI-02587,2024-08-20,Terminal à Conteneurs,Denrées alimentaires,1,414,Transporteur G,Tambacounda,504.9,Mardi,pluies,dédouanement en cours,73.1,56.6,True,352776
CRI-02588,2024-08-20,Môle 1,Biens de consommation,4,375,Transporteur B,Ziguinchor,465.7,Mardi,pluies,dédouané avant arrivée,44.4,44.7,False,319753
CRI-02589,2024-08-20,Môle 3,Import général,1,419,Transporteur D,Tambacounda,471.0,Mardi,pluies,dédouanement en cours,66.9,37.9,True,216891
CRI-02590,2024-08-20,Terminal à Conteneurs,Import général,1,443,Transporteur E,Thiès,70.4,Mardi,pluies,dédouanement en cours,84.4,22.5,False,182780
CRI-02591,2024-08-20,Môle 3,Import général,2,411,Transporteur A,Tambacounda,474.5,Mardi,pluies,dédouané avant arrivée,46.6,56.3,True,322693
CRI-02592,2024-08-20,Terminal à Conteneurs,Import général,2,346,Transporteur A,Thiès,71.6,Mardi,pluies,dédouanement en cours,76.1,40.8,False,501277
CRI-02593,2024-08-21,Môle 3,Denrées alimentaires,4,304,Transporteur A,Kaédi (Mauritanie),478.1,Mercredi,pluies,dédouanement en cours,98.0,39.2,False,1743623
CRI-02594,2024-08-21,Terminal à Conteneurs,Équipements industriels,1,401,Transporteur E,Dakar (local),20.0,Mercredi,pluies,dédouanement en cours,78.6,48.8,False,367783
CRI-02595,2024-08-21,Terminal à Conteneurs,Import général,2,342,Transporteur D,Kaédi (Mauritanie),435.5,Mercredi,pluies,dédouanement en cours,79.3,78.9,True,1027229
CRI-02596,2024-08-21,Terminal à Conteneurs,Denrées alimentaires,1,365,Transporteur C,Kaolack,185.4,Mercredi,pluies,dédouanement en cours,86.3,45.2,False,305416
CRI-02597,2024-08-21,Môle 3,Matériaux de construction,3,339,Transporteur D,Thiès,73.8,Mercredi,pluies,dédouané avant arrivée,74.0,32.1,False,686827
CRI-02598,2024-08-21,Môle 3,Denrées alimentaires,1,369,Transporteur B,Bamako (Mali),1250.6,Mercredi,pluies,dédouanement en cours,53.7,31.9,True,67832
CRI-02599,2024-08-21,Terminal Roulier,Import général,1,331,Transporteur indépendant,Kayes (Mali),970.7,Mercredi,pluies,dédouané avant arrivée,40.0,24.0,True,0
CRI-02600,2024-08-21,Terminal Roulier,Matériaux de construction,1,393,Transporteur G,Dakar (local),19.6,Mercredi,pluies,dédouanement en cours,55.3,39.3,True,118495
CRI-02601,2024-08-21,Terminal à Conteneurs,Import général,1,369,Transporteur indépendant,Ziguinchor,444.6,Mercredi,pluies,dédouané avant arrivée,65.7,45.4,True,262307
CRI-02602,2024-08-21,Terminal à Conteneurs,Import général,1,381,Transporteur B,Kayes (Mali),900.1,Mercredi,pluies,dédouanement en cours,113.7,80.0,False,611680
CRI-02603,2024-08-21,Terminal à Conteneurs,Équipements industriels,4,391,Transporteur C,Bamako (Mali),1268.8,Mercredi,pluies,dédouané avant arrivée,93.9,113.3,True,3317482
CRI-02604,2024-08-22,Môle 8,Biens de consommation,2,384,Transporteur A,Dakar (local),19.8,Jeudi,pluies,dédouanement en cours,130.3,33.5,False,879248
CRI-02605,2024-08-22,Terminal à Conteneurs,Hydrocarbures,3,409,Transporteur G,Thiès,67.0,Jeudi,pluies,bloqué (litige/documents),121.9,53.2,False,1509853
CRI-02606,2024-08-22,Terminal Roulier,Hydrocarbures,2,379,Transporteur indépendant,Ziguinchor,443.9,Jeudi,pluies,dédouané avant arrivée,52.7,42.7,False,223766
CRI-02607,2024-08-22,Terminal à Conteneurs,Hydrocarbures,1,413,Transporteur B,Kayes (Mali),914.7,Jeudi,pluies,dédouanement en cours,73.5,52.3,True,340245
CRI-02608,2024-08-22,Môle 3,Matériaux de construction,4,364,Transporteur C,Tambacounda,492.5,Jeudi,pluies,dédouanement en cours,91.3,36.4,True,1541623
CRI-02609,2024-08-22,Terminal à Conteneurs,Import général,3,386,Transporteur B,Bamako (Mali),1209.2,Jeudi,pluies,dédouané avant arrivée,62.6,24.2,True,226849
CRI-02610,2024-08-22,Môle 8,Matériaux de construction,3,326,Transporteur E,Bamako (Mali),1205.0,Jeudi,pluies,dédouané avant arrivée,48.0,36.6,False,248581
CRI-02611,2024-08-22,Môle 1,Denrées alimentaires,3,359,Transporteur F,Touba,186.3,Jeudi,pluies,dédouané avant arrivée,63.1,36.9,False,507819
CRI-02612,2024-08-22,Môle 8,Import général,1,421,Transporteur indépendant,Thiès,70.9,Jeudi,pluies,dédouanement en cours,69.9,31.5,True,191039
CRI-02613,2024-08-22,Môle 8,Denrées alimentaires,3,426,Transporteur E,Bamako (Mali),1243.3,Jeudi,pluies,dédouané avant arrivée,41.9,46.5,True,245762
CRI-02614,2024-08-22,Terminal à Conteneurs,Biens de consommation,1,369,Transporteur C,Tambacounda,470.8,Jeudi,pluies,dédouané avant arrivée,108.9,58.8,True,611779
CRI-02615,2024-08-22,Môle 1,Import général,1,320,Transporteur indépendant,Bamako (Mali),1209.0,Jeudi,pluies,dédouanement en cours,77.9,61.9,True,335060
CRI-02616,2024-08-22,Môle 8,Import général,4,348,Transporteur C,Dakar (local),19.5,Jeudi,pluies,dédouanement en cours,99.1,46.3,False,1621896
CRI-02617,2024-08-22,Terminal Roulier,Matériaux de construction,2,391,Transporteur G,Dakar (local),19.2,Jeudi,pluies,dédouané avant arrivée,44.7,59.0,False,400155
CRI-02618,2024-08-22,Terminal à Conteneurs,Hydrocarbures,1,363,Transporteur G,Thiès,68.0,Jeudi,pluies,dédouané avant arrivée,46.5,48.3,True,149884
CRI-02619,2024-08-22,Terminal à Conteneurs,Import général,1,408,Transporteur A,Kaolack,190.7,Jeudi,pluies,bloqué (litige/documents),151.8,28.2,True,623510
CRI-02620,2024-08-22,Terminal Roulier,Denrées alimentaires,1,398,Transporteur indépendant,Kaolack,181.3,Jeudi,pluies,bloqué (litige/documents),100.9,43.0,True,458531
CRI-02621,2024-08-22,Terminal à Conteneurs,Import général,1,338,Transporteur D,Kaolack,179.0,Jeudi,pluies,dédouanement en cours,58.9,76.9,False,422192
CRI-02622,2024-08-23,Môle 1,Équipements industriels,1,370,Transporteur D,Bamako (Mali),1165.8,Vendredi,pluies,dédouané avant arrivée,38.3,40.7,True,46106
CRI-02623,2024-08-23,Môle 8,Import général,1,383,Transporteur F,Ziguinchor,450.9,Vendredi,pluies,dédouanement en cours,49.0,69.6,True,300367
CRI-02624,2024-08-23,Môle 1,Import général,4,348,Transporteur C,Dakar (local),20.1,Vendredi,pluies,dédouané avant arrivée,67.4,54.9,False,1303820
CRI-02625,2024-08-23,Terminal Roulier,Import général,2,447,Transporteur A,Dakar (local),19.3,Vendredi,pluies,bloqué (litige/documents),98.7,57.8,False,997764
CRI-02626,2024-08-23,Terminal Roulier,Équipements industriels,1,371,Transporteur D,Dakar (local),19.7,Vendredi,pluies,dédouanement en cours,120.5,43.9,False,639801
CRI-02627,2024-08-23,Môle 8,Import général,1,311,Transporteur E,Dakar (local),18.9,Vendredi,pluies,dédouané avant arrivée,19.8,41.5,False,0
CRI-02628,2024-08-23,Terminal à Conteneurs,Matériaux de construction,1,352,Transporteur F,Kayes (Mali),928.4,Vendredi,pluies,bloqué (litige/documents),109.3,39.4,True,408331
CRI-02629,2024-08-23,Môle 1,Biens de consommation,1,439,Transporteur A,Bamako (Mali),1241.0,Vendredi,pluies,bloqué (litige/documents),136.5,52.0,True,704805
CRI-02630,2024-08-23,Terminal à Conteneurs,Import général,2,384,Transporteur A,Bamako (Mali),1213.0,Vendredi,pluies,dédouané avant arrivée,63.4,44.5,True,353874
CRI-02631,2024-08-23,Môle 1,Denrées alimentaires,1,412,Transporteur indépendant,Tambacounda,448.9,Vendredi,pluies,dédouané avant arrivée,98.1,55.0,True,549730
CRI-02632,2024-08-23,Terminal à Conteneurs,Import général,3,383,Transporteur indépendant,Dakar (local),19.9,Vendredi,pluies,bloqué (litige/documents),185.0,46.7,True,2498437
CRI-02633,2024-08-23,Terminal Roulier,Hydrocarbures,1,343,Transporteur G,Kayes (Mali),926.7,Vendredi,pluies,dédouané avant arrivée,46.9,38.9,True,83147
CRI-02634,2024-08-24,Môle 1,Hydrocarbures,2,342,Transporteur indépendant,Touba,189.0,Samedi,pluies,dédouané avant arrivée,45.4,83.8,True,642238
CRI-02635,2024-08-24,Môle 1,Import général,1,315,Transporteur E,Kayes (Mali),968.9,Samedi,pluies,dédouanement en cours,50.0,58.8,True,174529
CRI-02636,2024-08-24,Terminal à Conteneurs,Import général,4,413,Transporteur G,Tambacounda,458.8,Samedi,pluies,dédouané avant arrivée,52.5,49.8,True,578472
CRI-02637,2024-08-24,Terminal à Conteneurs,Import général,2,373,Transporteur B,Thiès,71.1,Samedi,pluies,dédouanement en cours,96.0,46.1,False,869896
CRI-02638,2024-08-24,Terminal à Conteneurs,Matériaux de construction,2,344,Transporteur C,Dakar (local),20.0,Samedi,pluies,dédouanement en cours,64.1,60.0,False,717101
CRI-02639,2024-08-24,Terminal à Conteneurs,Hydrocarbures,2,370,Transporteur D,Kaolack,208.8,Samedi,pluies,dédouanement en cours,92.2,64.7,True,982782
CRI-02640,2024-08-24,Terminal Roulier,Denrées alimentaires,1,408,Transporteur B,Touba,193.1,Samedi,pluies,dédouanement en cours,136.5,52.9,True,680639
CRI-02641,2024-08-24,Môle 8,Hydrocarbures,1,446,Transporteur B,Thiès,69.1,Samedi,pluies,dédouanement en cours,117.6,81.0,False,660658
CRI-02642,2024-08-24,Terminal à Conteneurs,Import général,1,375,Transporteur A,Dakar (local),20.4,Samedi,pluies,dédouanement en cours,76.3,46.5,False,322263
CRI-02643,2024-08-24,Terminal à Conteneurs,Équipements industriels,3,318,Transporteur G,Kaolack,192.2,Samedi,pluies,dédouanement en cours,57.5,64.8,False,910546
CRI-02644,2024-08-24,Terminal à Conteneurs,Denrées alimentaires,1,326,Transporteur A,Bamako (Mali),1229.7,Samedi,pluies,dédouanement en cours,50.9,10.2,True,0
CRI-02645,2024-08-25,Môle 8,Hydrocarbures,1,345,Transporteur indépendant,Dakar (local),19.3,Dimanche,pluies,dédouanement en cours,59.6,26.7,True,72264
CRI-02646,2024-08-25,Môle 3,Import général,1,298,Transporteur A,Kaolack,196.2,Dimanche,pluies,dédouané avant arrivée,42.1,23.0,False,0
CRI-02647,2024-08-25,Terminal à Conteneurs,Import général,1,255,Transporteur B,Dakar (local),19.9,Dimanche,pluies,dédouanement en cours,85.0,18.2,False,208866
CRI-02648,2024-08-25,Terminal à Conteneurs,Denrées alimentaires,1,231,Transporteur G,Ziguinchor,454.6,Dimanche,pluies,bloqué (litige/documents),135.3,33.9,False,502655
CRI-02649,2024-08-25,Môle 3,Hydrocarbures,1,281,Transporteur G,Kayes (Mali),961.1,Dimanche,pluies,dédouanement en cours,45.3,35.5,True,43347
CRI-02650,2024-08-25,Terminal à Conteneurs,Import général,3,232,Transporteur C,Bamako (Mali),1233.0,Dimanche,pluies,dédouané avant arrivée,64.2,36.6,True,553101
CRI-02651,2024-08-25,Môle 3,Import général,1,261,Transporteur E,Ziguinchor,459.9,Dimanche,pluies,dédouané avant arrivée,44.2,48.9,False,134268
CRI-02652,2024-08-25,Terminal à Conteneurs,Matériaux de construction,2,310,Transporteur G,Kaolack,186.4,Dimanche,pluies,dédouané avant arrivée,59.5,65.8,False,690408
CRI-02653,2024-08-25,Terminal Roulier,Équipements industriels,1,241,Transporteur B,Bamako (Mali),1242.9,Dimanche,pluies,dédouané avant arrivée,25.9,26.9,True,0
CRI-02654,2024-08-25,Terminal à Conteneurs,Matériaux de construction,2,259,Transporteur F,Kaédi (Mauritanie),474.2,Dimanche,pluies,dédouanement en cours,51.4,38.4,False,190691
CRI-02655,2024-08-26,Môle 1,Biens de consommation,4,358,Transporteur G,Bamako (Mali),1200.6,Lundi,pluies,dédouané avant arrivée,63.0,99.9,True,2180704
CRI-02656,2024-08-26,Terminal à Conteneurs,Denrées alimentaires,1,320,Transporteur C,Dakar (local),19.6,Lundi,pluies,dédouanement en cours,66.4,50.0,True,294238
CRI-02657,2024-08-26,Terminal Roulier,Hydrocarbures,1,325,Transporteur C,Dakar (local),20.4,Lundi,pluies,dédouanement en cours,62.9,47.1,True,212789
CRI-02658,2024-08-26,Terminal Roulier,Biens de consommation,1,442,Transporteur indépendant,Thiès,68.8,Lundi,pluies,dédouané avant arrivée,62.1,53.5,True,233333
CRI-02659,2024-08-26,Môle 1,Import général,1,421,Transporteur G,Ziguinchor,417.3,Lundi,pluies,dédouanement en cours,128.4,112.3,True,1178501
CRI-02660,2024-08-26,Terminal Roulier,Matériaux de construction,1,474,Transporteur F,Kayes (Mali),932.6,Lundi,pluies,dédouanement en cours,51.9,76.1,True,340515
CRI-02661,2024-08-26,Terminal à Conteneurs,Import général,2,383,Transporteur E,Kaolack,190.0,Lundi,pluies,dédouané avant arrivée,70.9,45.4,True,510203
CRI-02662,2024-08-27,Terminal à Conteneurs,Hydrocarbures,4,429,Transporteur E,Kayes (Mali),953.8,Mardi,pluies,dédouané avant arrivée,56.9,71.2,True,1565835
CRI-02663,2024-08-27,Terminal à Conteneurs,Biens de consommation,3,479,Transporteur D,Bamako (Mali),1217.8,Mardi,pluies,dédouané avant arrivée,85.9,102.4,True,1666551
CRI-02664,2024-08-27,Terminal à Conteneurs,Denrées alimentaires,1,523,Transporteur B,Tambacounda,443.1,Mardi,pluies,dédouanement en cours,139.8,75.8,True,843987
CRI-02665,2024-08-27,Môle 8,Hydrocarbures,1,431,Transporteur E,Ziguinchor,450.1,Mardi,pluies,dédouanement en cours,113.7,52.1,True,483401
CRI-02666,2024-08-27,Terminal à Conteneurs,Biens de consommation,3,387,Transporteur B,Dakar (local),20.0,Mardi,pluies,dédouané avant arrivée,58.2,58.9,False,655111
CRI-02667,2024-08-27,Môle 1,Biens de consommation,2,450,Transporteur G,Kaolack,198.0,Mardi,pluies,bloqué (litige/documents),75.6,81.4,True,1083673
CRI-02668,2024-08-27,Terminal à Conteneurs,Denrées alimentaires,2,405,Transporteur B,Touba,182.7,Mardi,pluies,dédouané avant arrivée,59.7,39.1,True,324143
CRI-02669,2024-08-27,Môle 8,Denrées alimentaires,1,405,Transporteur indépendant,Thiès,69.2,Mardi,pluies,dédouané avant arrivée,42.2,68.5,False,181800
CRI-02670,2024-08-27,Môle 1,Équipements industriels,2,519,Transporteur indépendant,Kayes (Mali),942.7,Mardi,pluies,dédouané avant arrivée,82.7,46.9,True,546975
CRI-02671,2024-08-27,Terminal à Conteneurs,Denrées alimentaires,2,410,Transporteur D,Dakar (local),18.9,Mardi,pluies,bloqué (litige/documents),112.0,60.5,True,1346182
CRI-02672,2024-08-27,Terminal à Conteneurs,Biens de consommation,2,482,Transporteur A,Thiès,66.7,Mardi,pluies,dédouanement en cours,137.1,52.1,False,1056357
CRI-02673,2024-08-27,Terminal à Conteneurs,Denrées alimentaires,1,414,Transporteur E,Tambacounda,472.3,Mardi,pluies,dédouanement en cours,83.4,21.0,True,174435
CRI-02674,2024-08-28,Môle 3,Biens de consommation,3,346,Transporteur A,Thiès,68.7,Mercredi,pluies,dédouanement en cours,88.0,57.8,False,1179883
CRI-02675,2024-08-28,Terminal à Conteneurs,Import général,4,390,Transporteur E,Dakar (local),20.5,Mercredi,pluies,dédouané avant arrivée,58.6,19.1,True,124624
CRI-02676,2024-08-28,Môle 1,Matériaux de construction,4,352,Transporteur E,Touba,182.3,Mercredi,pluies,bloqué (litige/documents),74.7,40.2,True,924831
CRI-02677,2024-08-28,Môle 8,Denrées alimentaires,1,263,Transporteur A,Bamako (Mali),1289.3,Mercredi,pluies,dédouanement en cours,70.4,31.7,True,188377
CRI-02678,2024-08-28,Môle 3,Import général,2,360,Transporteur E,Kaolack,203.7,Mercredi,pluies,dédouané avant arrivée,37.5,33.9,False,0
CRI-02679,2024-08-28,Môle 3,Import général,2,271,Transporteur B,Kaolack,190.2,Mercredi,pluies,dédouanement en cours,92.8,39.7,False,788325
CRI-02680,2024-08-28,Terminal à Conteneurs,Hydrocarbures,1,398,Transporteur D,Kayes (Mali),919.0,Mercredi,pluies,dédouanement en cours,66.1,35.4,True,190062
CRI-02681,2024-08-28,Terminal Roulier,Biens de consommation,1,366,Transporteur B,Dakar (local),20.0,Mercredi,pluies,dédouané avant arrivée,53.4,48.6,False,186556
CRI-02682,2024-08-28,Terminal à Conteneurs,Denrées alimentaires,1,369,Transporteur A,Dakar (local),19.7,Mercredi,pluies,dédouané avant arrivée,42.5,31.5,False,12996
CRI-02683,2024-08-28,Terminal à Conteneurs,Matériaux de construction,2,386,Transporteur D,Thiès,69.9,Mercredi,pluies,dédouané avant arrivée,69.0,28.6,False,235681
CRI-02684,2024-08-28,Terminal à Conteneurs,Hydrocarbures,2,345,Transporteur D,Kaédi (Mauritanie),471.2,Mercredi,pluies,dédouanement en cours,35.3,30.0,True,0
CRI-02685,2024-08-28,Terminal Roulier,Denrées alimentaires,1,333,Transporteur D,Thiès,69.4,Mercredi,pluies,dédouané avant arrivée,50.6,41.3,True,89846
CRI-02686,2024-08-28,Terminal à Conteneurs,Hydrocarbures,1,336,Transporteur indépendant,Bamako (Mali),1321.7,Mercredi,pluies,dédouanement en cours,42.5,80.3,True,274480
CRI-02687,2024-08-28,Terminal Roulier,Hydrocarbures,1,300,Transporteur E,Tambacounda,485.6,Mercredi,pluies,dédouané avant arrivée,38.8,44.8,False,56815
CRI-02688,2024-08-28,Môle 1,Matériaux de construction,2,316,Transporteur F,Dakar (local),19.4,Mercredi,pluies,dédouanement en cours,70.3,24.7,False,299588
CRI-02689,2024-08-28,Môle 3,Denrées alimentaires,2,314,Transporteur A,Bamako (Mali),1247.5,Mercredi,pluies,bloqué (litige/documents),93.9,39.2,True,737991
CRI-02690,2024-08-29,Môle 1,Matériaux de construction,1,435,Transporteur B,Kayes (Mali),887.4,Jeudi,pluies,dédouanement en cours,73.8,91.0,True,477104
CRI-02691,2024-08-29,Môle 3,Équipements industriels,2,381,Transporteur indépendant,Bamako (Mali),1247.0,Jeudi,pluies,dédouanement en cours,103.3,39.9,True,646757
CRI-02692,2024-08-29,Terminal Roulier,Équipements industriels,1,353,Transporteur E,Bamako (Mali),1282.0,Jeudi,pluies,dédouané avant arrivée,58.0,55.7,True,227457
CRI-02693,2024-08-29,Môle 1,Hydrocarbures,1,320,Transporteur B,Kayes (Mali),937.6,Jeudi,pluies,dédouané avant arrivée,49.3,44.7,True,136175
CRI-02694,2024-08-29,Môle 8,Matériaux de construction,3,350,Transporteur E,Bamako (Mali),1212.1,Jeudi,pluies,dédouané avant arrivée,45.6,48.7,True,367324
CRI-02695,2024-08-29,Môle 8,Biens de consommation,1,361,Transporteur indépendant,Kaolack,192.0,Jeudi,pluies,dédouané avant arrivée,102.9,61.2,True,433527
CRI-02696,2024-08-29,Terminal à Conteneurs,Matériaux de construction,4,353,Transporteur B,Dakar (local),20.1,Jeudi,pluies,dédouanement en cours,83.6,46.9,False,1197895
CRI-02697,2024-08-29,Môle 8,Denrées alimentaires,2,358,Transporteur D,Touba,193.9,Jeudi,pluies,dédouanement en cours,69.1,42.2,True,365478
CRI-02698,2024-08-29,Môle 8,Matériaux de construction,3,366,Transporteur B,Dakar (local),20.5,Jeudi,pluies,dédouanement en cours,99.7,56.6,False,1671652
CRI-02699,2024-08-29,Môle 1,Biens de consommation,3,357,Transporteur indépendant,Bamako (Mali),1209.5,Jeudi,pluies,dédouané avant arrivée,86.2,63.3,True,1317864
CRI-02700,2024-08-30,Môle 8,Biens de consommation,4,355,Transporteur indépendant,Dakar (local),19.5,Vendredi,pluies,bloqué (litige/documents),68.6,44.0,True,1016519
CRI-02701,2024-08-30,Terminal à Conteneurs,Matériaux de construction,1,430,Transporteur G,Dakar (local),19.6,Vendredi,pluies,dédouanement en cours,60.0,50.8,True,242344
CRI-02702,2024-08-30,Terminal Roulier,Équipements industriels,1,404,Transporteur D,Thiès,70.3,Vendredi,pluies,dédouané avant arrivée,67.7,52.8,True,229703
CRI-02703,2024-08-30,Terminal à Conteneurs,Import général,1,414,Transporteur E,Kaolack,188.9,Vendredi,pluies,dédouané avant arrivée,78.8,37.3,True,306031
CRI-02704,2024-08-30,Terminal à Conteneurs,Matériaux de construction,1,374,Transporteur C,Thiès,71.3,Vendredi,pluies,bloqué (litige/documents),57.9,67.0,False,314654
CRI-02705,2024-08-30,Terminal à Conteneurs,Matériaux de construction,2,409,Transporteur G,Kaolack,188.0,Vendredi,pluies,dédouanement en cours,49.5,63.0,True,397422
CRI-02706,2024-08-30,Terminal Roulier,Import général,2,337,Transporteur G,Kayes (Mali),950.9,Vendredi,pluies,bloqué (litige/documents),109.2,28.5,True,821437
CRI-02707,2024-08-30,Terminal Roulier,Matériaux de construction,2,317,Transporteur indépendant,Dakar (local),20.9,Vendredi,pluies,dédouané avant arrivée,46.4,24.0,False,0
CRI-02708,2024-08-30,Terminal à Conteneurs,Équipements industriels,2,371,Transporteur G,Bamako (Mali),1229.5,Vendredi,pluies,dédouanement en cours,62.8,44.5,True,459407
CRI-02709,2024-08-30,Terminal à Conteneurs,Hydrocarbures,1,245,Transporteur A,Dakar (local),18.9,Vendredi,pluies,dédouanement en cours,28.8,43.7,False,2147
CRI-02710,2024-08-30,Terminal à Conteneurs,Import général,1,388,Transporteur B,Dakar (local),19.1,Vendredi,pluies,dédouanement en cours,63.1,49.7,True,265187
CRI-02711,2024-08-30,Môle 1,Import général,2,295,Transporteur A,Dakar (local),19.5,Vendredi,pluies,dédouanement en cours,44.7,27.6,False,3149
CRI-02712,2024-08-30,Môle 1,Biens de consommation,4,290,Transporteur F,Touba,187.1,Vendredi,pluies,bloqué (litige/documents),98.6,41.6,False,1652088
CRI-02713,2024-08-30,Môle 1,Matériaux de construction,2,355,Transporteur A,Kayes (Mali),900.4,Vendredi,pluies,dédouané avant arrivée,65.0,31.4,True,237334
CRI-02714,2024-08-30,Terminal Roulier,Biens de consommation,1,361,Transporteur B,Bamako (Mali),1242.3,Vendredi,pluies,dédouané avant arrivée,74.1,29.8,True,189668
CRI-02715,2024-08-30,Terminal à Conteneurs,Import général,1,279,Transporteur G,Bamako (Mali),1222.0,Vendredi,pluies,dédouanement en cours,98.6,26.7,True,357197
CRI-02716,2024-08-30,Terminal à Conteneurs,Import général,1,426,Transporteur G,Kayes (Mali),998.8,Vendredi,pluies,dédouanement en cours,116.3,66.8,True,681719
CRI-02717,2024-08-30,Terminal à Conteneurs,Denrées alimentaires,1,399,Transporteur D,Ziguinchor,442.6,Vendredi,pluies,dédouanement en cours,75.1,33.4,True,211604
CRI-02718,2024-08-31,Terminal à Conteneurs,Denrées alimentaires,1,424,Transporteur C,Bamako (Mali),1171.4,Samedi,pluies,dédouanement en cours,115.1,63.1,True,723496
CRI-02719,2024-08-31,Môle 1,Hydrocarbures,1,337,Transporteur B,Touba,184.9,Samedi,pluies,dédouané avant arrivée,42.0,50.4,False,124211
CRI-02720,2024-08-31,Môle 1,Import général,1,352,Transporteur A,Tambacounda,482.6,Samedi,pluies,dédouané avant arrivée,61.2,38.5,True,132296
CRI-02721,2024-08-31,Terminal à Conteneurs,Import général,3,345,Transporteur C,Dakar (local),20.0,Samedi,pluies,dédouanement en cours,100.9,47.4,False,1056470
CRI-02722,2024-08-31,Terminal à Conteneurs,Import général,1,381,Transporteur G,Kayes (Mali),941.7,Samedi,pluies,dédouanement en cours,36.8,33.0,True,0
CRI-02723,2024-08-31,Môle 3,Denrées alimentaires,1,404,Transporteur D,Touba,187.4,Samedi,pluies,dédouané avant arrivée,84.8,43.2,True,291494
CRI-02724,2024-08-31,Terminal Roulier,Biens de consommation,2,347,Transporteur G,Tambacounda,454.9,Samedi,pluies,dédouané avant arrivée,45.5,42.8,True,201837
CRI-02725,2024-08-31,Terminal à Conteneurs,Import général,1,336,Transporteur G,Bamako (Mali),1211.3,Samedi,pluies,dédouané avant arrivée,38.0,36.4,True,12828
CRI-02726,2024-08-31,Môle 1,Hydrocarbures,3,331,Transporteur B,Ziguinchor,439.4,Samedi,pluies,dédouanement en cours,56.6,53.6,True,552554
CRI-02727,2024-08-31,Terminal à Conteneurs,Denrées alimentaires,1,337,Transporteur A,Kaolack,184.2,Samedi,pluies,dédouané avant arrivée,54.3,35.5,False,96292
CRI-02728,2024-08-31,Terminal à Conteneurs,Biens de consommation,1,404,Transporteur G,Touba,192.5,Samedi,pluies,dédouanement en cours,77.5,62.0,True,324604
CRI-02729,2024-08-31,Terminal à Conteneurs,Matériaux de construction,1,328,Transporteur D,Kaolack,197.4,Samedi,pluies,dédouanement en cours,87.6,32.0,False,250290
CRI-02730,2024-09-01,Terminal à Conteneurs,Équipements industriels,2,337,Transporteur D,Kaolack,196.2,Dimanche,pluies,dédouané avant arrivée,53.6,43.9,False,276190
CRI-02731,2024-09-01,Terminal Roulier,Import général,4,307,Transporteur G,Tambacounda,463.3,Dimanche,pluies,dédouanement en cours,67.3,30.6,False,713538
CRI-02732,2024-09-01,Terminal à Conteneurs,Biens de consommation,2,251,Transporteur D,Dakar (local),20.6,Dimanche,pluies,dédouané avant arrivée,73.3,20.2,False,225811
CRI-02733,2024-09-01,Môle 8,Biens de consommation,1,263,Transporteur E,Bamako (Mali),1227.7,Dimanche,pluies,dédouanement en cours,55.4,38.0,True,141848
CRI-02734,2024-09-01,Môle 8,Import général,2,326,Transporteur indépendant,Kayes (Mali),942.4,Dimanche,pluies,dédouanement en cours,58.2,25.5,True,143655
CRI-02735,2024-09-01,Môle 3,Import général,2,260,Transporteur G,Dakar (local),20.6,Dimanche,pluies,dédouanement en cours,109.4,48.8,False,1035441
CRI-02736,2024-09-01,Môle 3,Denrées alimentaires,3,331,Transporteur B,Touba,205.5,Dimanche,pluies,dédouané avant arrivée,54.9,45.5,False,565191
CRI-02737,2024-09-01,Môle 8,Import général,1,318,Transporteur F,Bamako (Mali),1217.6,Dimanche,pluies,dédouanement en cours,87.8,46.5,True,408754
CRI-02738,2024-09-01,Terminal à Conteneurs,Matériaux de construction,2,316,Transporteur A,Kaolack,181.1,Dimanche,pluies,dédouané avant arrivée,39.0,27.8,False,0
CRI-02739,2024-09-01,Môle 8,Biens de consommation,2,277,Transporteur G,Bamako (Mali),1258.3,Dimanche,pluies,dédouané avant arrivée,65.1,12.1,True,49469
CRI-02740,2024-09-01,Terminal Roulier,Hydrocarbures,1,278,Transporteur G,Tambacounda,475.6,Dimanche,pluies,dédouanement en cours,68.7,38.3,True,194362
CRI-02741,2024-09-01,Môle 1,Biens de consommation,1,271,Transporteur G,Dakar (local),19.5,Dimanche,pluies,dédouanement en cours,55.0,52.6,False,218062
CRI-02742,2024-09-01,Môle 8,Matériaux de construction,1,282,Transporteur E,Dakar (local),19.4,Dimanche,pluies,dédouanement en cours,60.4,30.8,False,119052
CRI-02743,2024-09-02,Môle 3,Denrées alimentaires,1,490,Transporteur C,Dakar (local),20.5,Lundi,pluies,dédouané avant arrivée,54.2,95.8,True,444053
CRI-02744,2024-09-02,Môle 1,Denrées alimentaires,3,404,Transporteur D,Touba,181.1,Lundi,pluies,dédouanement en cours,86.2,30.1,True,705334
CRI-02745,2024-09-02,Môle 1,Biens de consommation,1,403,Transporteur D,Thiès,70.3,Lundi,pluies,dédouané avant arrivée,48.0,54.9,True,183409
CRI-02746,2024-09-02,Terminal à Conteneurs,Import général,1,454,Transporteur A,Ziguinchor,466.5,Lundi,pluies,bloqué (litige/documents),122.4,32.0,True,385410
CRI-02747,2024-09-02,Terminal à Conteneurs,Biens de consommation,1,357,Transporteur G,Dakar (local),20.4,Lundi,pluies,dédouané avant arrivée,42.4,38.9,False,45169
CRI-02748,2024-09-02,Môle 8,Import général,1,375,Transporteur D,Tambacounda,483.4,Lundi,pluies,dédouané avant arrivée,46.7,32.3,True,38789
CRI-02749,2024-09-02,Môle 1,Import général,1,451,Transporteur B,Thiès,68.8,Lundi,pluies,dédouané avant arrivée,94.3,35.2,False,326612
CRI-02750,2024-09-02,Môle 3,Biens de consommation,1,382,Transporteur F,Dakar (local),20.6,Lundi,pluies,dédouané avant arrivée,40.6,56.1,False,145525
CRI-02751,2024-09-02,Môle 3,Import général,2,447,Transporteur D,Touba,184.6,Lundi,pluies,dédouanement en cours,123.8,40.2,True,951887
CRI-02752,2024-09-02,Terminal à Conteneurs,Hydrocarbures,1,426,Transporteur C,Bamako (Mali),1188.3,Lundi,pluies,dédouanement en cours,95.2,36.9,True,408705
CRI-02753,2024-09-02,Môle 3,Matériaux de construction,4,364,Transporteur indépendant,Dakar (local),19.1,Lundi,pluies,bloqué (litige/documents),103.6,37.4,True,1440148
CRI-02754,2024-09-02,Môle 1,Import général,2,395,Transporteur B,Dakar (local),19.1,Lundi,pluies,dédouanement en cours,81.3,35.6,True,508331
CRI-02755,2024-09-02,Môle 1,Import général,1,425,Transporteur indépendant,Kaolack,191.3,Lundi,pluies,dédouanement en cours,80.7,52.8,True,297974
CRI-02756,2024-09-02,Terminal Roulier,Import général,1,379,Transporteur C,Kaédi (Mauritanie),484.7,Lundi,pluies,bloqué (litige/documents),134.1,34.7,True,606607
CRI-02757,2024-09-02,Môle 8,Matériaux de construction,2,391,Transporteur F,Kaolack,191.3,Lundi,pluies,dédouanement en cours,96.8,34.9,True,751530
CRI-02758,2024-09-03,Terminal à Conteneurs,Matériaux de construction,2,467,Transporteur G,Ziguinchor,451.2,Mardi,pluies,bloqué (litige/documents),109.1,55.6,True,1042593
CRI-02759,2024-09-03,Môle 3,Biens de consommation,1,392,Transporteur A,Kayes (Mali),882.4,Mardi,pluies,dédouané avant arrivée,37.3,28.8,True,0
CRI-02760,2024-09-03,Môle 3,Denrées alimentaires,1,428,Transporteur F,Tambacounda,462.5,Mardi,pluies,dédouanement en cours,46.8,23.9,True,0
CRI-02761,2024-09-03,Môle 1,Import général,2,464,Transporteur E,Bamako (Mali),1174.2,Mardi,pluies,dédouané avant arrivée,69.1,48.1,True,512697
CRI-02762,2024-09-03,Terminal à Conteneurs,Import général,1,299,Transporteur B,Dakar (local),19.9,Mardi,pluies,dédouané avant arrivée,48.2,25.2,False,6972
CRI-02763,2024-09-03,Terminal à Conteneurs,Équipements industriels,1,341,Transporteur F,Kayes (Mali),977.3,Mardi,pluies,bloqué (litige/documents),124.2,54.2,True,709540
CRI-02764,2024-09-03,Terminal Roulier,Import général,1,447,Transporteur C,Touba,177.4,Mardi,pluies,bloqué (litige/documents),107.5,38.5,True,435604
CRI-02765,2024-09-03,Terminal à Conteneurs,Équipements industriels,1,350,Transporteur E,Bamako (Mali),1202.7,Mardi,pluies,dédouané avant arrivée,66.9,84.2,True,437962
CRI-02766,2024-09-03,Môle 3,Équipements industriels,1,447,Transporteur F,Bamako (Mali),1185.1,Mardi,pluies,dédouanement en cours,66.7,42.5,True,196718
CRI-02767,2024-09-03,Môle 3,Import général,2,342,Transporteur G,Kaédi (Mauritanie),455.5,Mardi,pluies,dédouané avant arrivée,50.3,27.0,True,68766
CRI-02768,2024-09-03,Terminal à Conteneurs,Import général,2,439,Transporteur D,Kaédi (Mauritanie),454.5,Mardi,pluies,dédouanement en cours,44.2,52.3,True,293583
CRI-02769,2024-09-04,Terminal à Conteneurs,Denrées alimentaires,1,306,Transporteur D,Kaédi (Mauritanie),461.8,Mercredi,pluies,dédouanement en cours,100.2,53.3,True,391385
CRI-02770,2024-09-04,Terminal à Conteneurs,Matériaux de construction,3,371,Transporteur indépendant,Bamako (Mali),1215.1,Mercredi,pluies,dédouanement en cours,92.4,57.6,True,1139084
CRI-02771,2024-09-04,Terminal à Conteneurs,Import général,1,384,Transporteur B,Thiès,70.4,Mercredi,pluies,bloqué (litige/documents),199.3,37.3,False,1121553
CRI-02772,2024-09-04,Môle 1,Biens de consommation,1,340,Transporteur A,Thiès,72.1,Mercredi,pluies,dédouanement en cours,84.4,45.5,True,382328
CRI-02773,2024-09-04,Môle 3,Import général,2,353,Transporteur G,Dakar (local),20.2,Mercredi,pluies,dédouanement en cours,54.8,52.5,False,337860
CRI-02774,2024-09-04,Terminal à Conteneurs,Matériaux de construction,1,411,Transporteur E,Dakar (local),19.8,Mercredi,pluies,dédouanement en cours,71.1,42.5,True,187492
CRI-02775,2024-09-04,Môle 8,Import général,3,377,Transporteur indépendant,Tambacounda,468.9,Mercredi,pluies,dédouané avant arrivée,72.6,28.9,True,589846
CRI-02776,2024-09-04,Môle 3,Matériaux de construction,2,390,Transporteur indépendant,Dakar (local),18.9,Mercredi,pluies,dédouané avant arrivée,65.2,33.5,True,314214
CRI-02777,2024-09-04,Môle 8,Biens de consommation,3,380,Transporteur A,Bamako (Mali),1250.8,Mercredi,pluies,dédouané avant arrivée,87.2,45.3,True,1229427
CRI-02778,2024-09-04,Môle 1,Biens de consommation,1,333,Transporteur B,Bamako (Mali),1234.2,Mercredi,pluies,dédouanement en cours,72.3,37.2,True,222374
CRI-02779,2024-09-04,Terminal à Conteneurs,Hydrocarbures,1,405,Transporteur C,Dakar (local),19.9,Mercredi,pluies,dédouanement en cours,105.5,34.9,True,423670
CRI-02780,2024-09-05,Terminal Roulier,Denrées alimentaires,1,348,Transporteur E,Bamako (Mali),1138.6,Jeudi,pluies,dédouané avant arrivée,60.6,38.0,True,180267
CRI-02781,2024-09-05,Terminal Roulier,Denrées alimentaires,1,387,Transporteur B,Bamako (Mali),1154.8,Jeudi,pluies,bloqué (litige/documents),136.1,69.8,True,658209
CRI-02782,2024-09-05,Terminal à Conteneurs,Denrées alimentaires,2,317,Transporteur A,Bamako (Mali),1241.2,Jeudi,pluies,dédouanement en cours,69.0,36.3,True,440003
CRI-02783,2024-09-05,Môle 8,Biens de consommation,4,295,Transporteur C,Dakar (local),19.9,Jeudi,pluies,dédouanement en cours,60.0,50.9,True,917840
CRI-02784,2024-09-05,Terminal Roulier,Import général,3,274,Transporteur indépendant,Thiès,67.0,Jeudi,pluies,dédouané avant arrivée,79.4,58.9,False,1227046
CRI-02785,2024-09-05,Terminal à Conteneurs,Biens de consommation,2,463,Transporteur C,Bamako (Mali),1193.4,Jeudi,pluies,dédouané avant arrivée,86.2,107.6,True,1312374
CRI-02786,2024-09-05,Môle 3,Biens de consommation,1,321,Transporteur C,Kayes (Mali),989.8,Jeudi,pluies,bloqué (litige/documents),109.1,59.4,True,644406
CRI-02787,2024-09-05,Môle 8,Denrées alimentaires,2,386,Transporteur G,Bamako (Mali),1226.1,Jeudi,pluies,dédouané avant arrivée,78.8,31.4,True,495769
CRI-02788,2024-09-05,Terminal à Conteneurs,Matériaux de construction,1,336,Transporteur G,Dakar (local),19.9,Jeudi,pluies,dédouanement en cours,98.8,18.1,False,258730
CRI-02789,2024-09-05,Môle 8,Import général,2,330,Transporteur D,Thiès,66.1,Jeudi,pluies,dédouané avant arrivée,77.1,32.3,False,469126
CRI-02790,2024-09-05,Terminal à Conteneurs,Biens de consommation,3,377,Transporteur E,Kaolack,195.3,Jeudi,pluies,dédouanement en cours,40.8,49.2,False,285597
CRI-02791,2024-09-06,Môle 3,Import général,1,403,Transporteur F,Thiès,65.5,Vendredi,pluies,dédouané avant arrivée,65.0,37.3,True,145288
CRI-02792,2024-09-06,Terminal à Conteneurs,Denrées alimentaires,1,400,Transporteur E,Tambacounda,450.0,Vendredi,pluies,dédouanement en cours,79.8,53.4,True,427147
CRI-02793,2024-09-06,Môle 1,Import général,2,331,Transporteur C,Bamako (Mali),1213.9,Vendredi,pluies,dédouané avant arrivée,66.7,76.3,True,640440
CRI-02794,2024-09-06,Môle 8,Matériaux de construction,1,381,Transporteur C,Ziguinchor,457.3,Vendredi,pluies,dédouanement en cours,85.1,24.2,False,211700
CRI-02795,2024-09-06,Môle 1,Import général,2,408,Transporteur F,Dakar (local),19.1,Vendredi,pluies,dédouanement en cours,99.3,64.6,True,911125
CRI-02796,2024-09-06,Terminal à Conteneurs,Import général,1,295,Transporteur F,Bamako (Mali),1276.8,Vendredi,pluies,dédouanement en cours,79.1,50.9,True,402237
CRI-02797,2024-09-06,Terminal à Conteneurs,Import général,2,400,Transporteur G,Kaolack,191.9,Vendredi,pluies,dédouanement en cours,71.4,84.7,True,993182
CRI-02798,2024-09-06,Môle 8,Matériaux de construction,2,377,Transporteur D,Thiès,67.9,Vendredi,pluies,dédouané avant arrivée,52.9,43.7,True,318579
CRI-02799,2024-09-06,Terminal à Conteneurs,Denrées alimentaires,1,443,Transporteur D,Dakar (local),20.6,Vendredi,pluies,dédouanement en cours,85.3,76.1,True,420901
CRI-02800,2024-09-06,Môle 3,Matériaux de construction,2,420,Transporteur C,Thiès,69.5,Vendredi,pluies,dédouanement en cours,100.9,51.4,True,774097
CRI-02801,2024-09-06,Terminal à Conteneurs,Import général,1,430,Transporteur E,Bamako (Mali),1250.8,Vendredi,pluies,dédouané avant arrivée,72.4,38.1,True,202910
CRI-02802,2024-09-06,Terminal à Conteneurs,Hydrocarbures,1,375,Transporteur D,Dakar (local),19.5,Vendredi,pluies,dédouanement en cours,102.2,35.1,False,330829
CRI-02803,2024-09-06,Môle 3,Biens de consommation,1,377,Transporteur A,Thiès,74.0,Vendredi,pluies,dédouanement en cours,86.6,40.3,False,261039
CRI-02804,2024-09-06,Môle 3,Matériaux de construction,2,361,Transporteur D,Dakar (local),19.6,Vendredi,pluies,dédouanement en cours,50.3,37.7,False,154234
CRI-02805,2024-09-07,Môle 3,Import général,2,330,Transporteur E,Dakar (local),19.7,Samedi,pluies,dédouané avant arrivée,31.1,62.9,False,290850
CRI-02806,2024-09-07,Môle 3,Biens de consommation,1,383,Transporteur B,Kaédi (Mauritanie),475.1,Samedi,pluies,dédouané avant arrivée,54.8,45.9,False,192402
CRI-02807,2024-09-07,Terminal à Conteneurs,Denrées alimentaires,1,305,Transporteur C,Dakar (local),20.2,Samedi,pluies,dédouanement en cours,114.1,59.8,True,490629
CRI-02808,2024-09-07,Terminal à Conteneurs,Denrées alimentaires,2,382,Transporteur F,Ziguinchor,448.1,Samedi,pluies,dédouané avant arrivée,39.7,68.9,True,331291
CRI-02809,2024-09-07,Terminal à Conteneurs,Biens de consommation,1,361,Transporteur indépendant,Bamako (Mali),1183.3,Samedi,pluies,dédouanement en cours,114.3,35.1,True,520820
CRI-02810,2024-09-07,Môle 1,Biens de consommation,3,360,Transporteur A,Kaolack,182.5,Samedi,pluies,dédouanement en cours,66.9,79.5,False,1537747
CRI-02811,2024-09-07,Terminal Roulier,Denrées alimentaires,1,336,Transporteur G,Bamako (Mali),1236.7,Samedi,pluies,dédouanement en cours,49.2,53.6,True,160785
CRI-02812,2024-09-07,Terminal à Conteneurs,Biens de consommation,1,399,Transporteur C,Thiès,69.9,Samedi,pluies,dédouané avant arrivée,60.1,50.3,False,173249
CRI-02813,2024-09-07,Terminal à Conteneurs,Biens de consommation,1,311,Transporteur G,Dakar (local),20.2,Samedi,pluies,dédouané avant arrivée,66.0,50.7,False,283916
CRI-02814,2024-09-07,Môle 8,Import général,2,303,Transporteur F,Tambacounda,464.8,Samedi,pluies,dédouanement en cours,69.7,34.2,True,319785
CRI-02815,2024-09-07,Môle 8,Biens de consommation,3,388,Transporteur G,Touba,191.4,Samedi,pluies,dédouané avant arrivée,71.3,60.1,True,908585
CRI-02816,2024-09-07,Môle 8,Biens de consommation,2,396,Transporteur D,Ziguinchor,442.7,Samedi,pluies,dédouanement en cours,50.7,37.6,False,168961
CRI-02817,2024-09-07,Terminal à Conteneurs,Matériaux de construction,1,399,Transporteur indépendant,Ziguinchor,448.4,Samedi,pluies,bloqué (litige/documents),100.8,50.5,True,493497
CRI-02818,2024-09-08,Môle 3,Import général,1,304,Transporteur A,Touba,196.8,Dimanche,pluies,dédouané avant arrivée,29.6,40.2,False,0
CRI-02819,2024-09-08,Môle 8,Matériaux de construction,4,288,Transporteur B,Kaolack,193.2,Dimanche,pluies,dédouanement en cours,93.0,36.2,False,1315693
CRI-02820,2024-09-08,Môle 8,Import général,3,287,Transporteur G,Dakar (local),19.5,Dimanche,pluies,dédouanement en cours,116.8,60.1,False,1963655
CRI-02821,2024-09-08,Terminal à Conteneurs,Denrées alimentaires,3,305,Transporteur G,Kaédi (Mauritanie),465.4,Dimanche,pluies,bloqué (litige/documents),94.0,47.1,True,1145635
CRI-02822,2024-09-08,Terminal Roulier,Import général,1,287,Transporteur D,Bamako (Mali),1239.0,Dimanche,pluies,dédouanement en cours,49.1,37.2,True,80676
CRI-02823,2024-09-08,Terminal à Conteneurs,Biens de consommation,1,268,Transporteur D,Thiès,70.9,Dimanche,pluies,dédouané avant arrivée,37.3,27.5,False,0
CRI-02824,2024-09-09,Môle 8,Équipements industriels,1,444,Transporteur E,Kaolack,191.3,Lundi,pluies,bloqué (litige/documents),218.3,25.3,True,1007525
CRI-02825,2024-09-09,Môle 1,Denrées alimentaires,2,383,Transporteur D,Dakar (local),20.1,Lundi,pluies,dédouanement en cours,93.0,74.1,True,999593
CRI-02826,2024-09-09,Terminal à Conteneurs,Import général,2,427,Transporteur A,Ziguinchor,475.9,Lundi,pluies,dédouané avant arrivée,29.6,52.1,True,104086
CRI-02827,2024-09-09,Môle 3,Import général,2,468,Transporteur A,Bamako (Mali),1209.1,Lundi,pluies,dédouanement en cours,116.4,83.3,True,1708696
CRI-02828,2024-09-09,Terminal Roulier,Biens de consommation,2,374,Transporteur A,Dakar (local),19.0,Lundi,pluies,dédouané avant arrivée,39.9,66.7,False,466139
CRI-02829,2024-09-09,Terminal à Conteneurs,Biens de consommation,2,429,Transporteur A,Thiès,70.6,Lundi,pluies,dédouanement en cours,96.6,35.4,True,633655
CRI-02830,2024-09-09,Môle 1,Biens de consommation,2,487,Transporteur C,Thiès,69.3,Lundi,pluies,dédouané avant arrivée,72.3,87.8,True,1166569
CRI-02831,2024-09-09,Môle 3,Biens de consommation,1,429,Transporteur C,Bamako (Mali),1274.0,Lundi,pluies,dédouané avant arrivée,67.0,78.1,True,381303
CRI-02832,2024-09-09,Terminal à Conteneurs,Import général,1,469,Transporteur indépendant,Tambacounda,475.6,Lundi,pluies,bloqué (litige/documents),115.1,78.0,True,668031
CRI-02833,2024-09-09,Terminal Roulier,Denrées alimentaires,3,460,Transporteur D,Touba,196.3,Lundi,pluies,dédouané avant arrivée,84.7,36.2,True,739276
CRI-02834,2024-09-09,Môle 1,Hydrocarbures,3,352,Transporteur C,Thiès,74.2,Lundi,pluies,dédouané avant arrivée,74.3,33.6,False,496694
CRI-02835,2024-09-09,Terminal Roulier,Matériaux de construction,1,423,Transporteur indépendant,Kaolack,186.0,Lundi,pluies,dédouanement en cours,63.8,27.4,True,120073
CRI-02836,2024-09-09,Terminal à Conteneurs,Biens de consommation,2,379,Transporteur F,Tambacounda,457.5,Lundi,pluies,dédouané avant arrivée,47.8,43.6,True,218566
CRI-02837,2024-09-09,Môle 3,Denrées alimentaires,4,403,Transporteur A,Touba,195.8,Lundi,pluies,dédouanement en cours,90.2,78.2,False,2531736
CRI-02838,2024-09-09,Môle 1,Équipements industriels,2,418,Transporteur D,Dakar (local),19.7,Lundi,pluies,dédouané avant arrivée,90.3,51.5,True,887150
CRI-02839,2024-09-09,Môle 3,Denrées alimentaires,4,432,Transporteur G,Bamako (Mali),1266.0,Lundi,pluies,dédouanement en cours,119.0,55.8,True,2387685
CRI-02840,2024-09-09,Terminal Roulier,Import général,1,438,Transporteur G,Dakar (local),20.2,Lundi,pluies,dédouanement en cours,67.3,72.6,True,338347
CRI-02841,2024-09-09,Môle 1,Matériaux de construction,1,454,Transporteur G,Kayes (Mali),923.7,Lundi,pluies,dédouanement en cours,84.1,35.8,True,220426
CRI-02842,2024-09-09,Terminal Roulier,Équipements industriels,4,391,Transporteur C,Bamako (Mali),1219.7,Lundi,pluies,dédouanement en cours,74.8,77.0,True,1647356
CRI-02843,2024-09-10,Terminal Roulier,Denrées alimentaires,1,475,Transporteur indépendant,Kayes (Mali),966.5,Mardi,pluies,bloqué (litige/documents),142.6,41.8,True,576610
CRI-02844,2024-09-10,Terminal à Conteneurs,Équipements industriels,1,329,Transporteur F,Kaédi (Mauritanie),455.1,Mardi,pluies,dédouané avant arrivée,47.6,47.6,True,143401
CRI-02845,2024-09-10,Môle 8,Matériaux de construction,1,437,Transporteur E,Kaolack,188.1,Mardi,pluies,dédouanement en cours,79.1,50.0,True,293970
CRI-02846,2024-09-10,Môle 8,Matériaux de construction,2,398,Transporteur B,Bamako (Mali),1251.6,Mardi,pluies,dédouané avant arrivée,112.5,51.9,True,1211426
CRI-02847,2024-09-10,Terminal à Conteneurs,Denrées alimentaires,2,440,Transporteur E,Dakar (local),20.7,Mardi,pluies,dédouané avant arrivée,97.9,48.8,True,862243
CRI-02848,2024-09-10,Terminal à Conteneurs,Hydrocarbures,3,345,Transporteur D,Kaolack,192.9,Mardi,pluies,dédouané avant arrivée,63.0,35.0,False,354555
CRI-02849,2024-09-10,Terminal à Conteneurs,Denrées alimentaires,2,368,Transporteur indépendant,Tambacounda,470.9,Mardi,pluies,dédouanement en cours,65.4,53.1,True,524460
CRI-02850,2024-09-10,Terminal à Conteneurs,Équipements industriels,2,471,Transporteur E,Kayes (Mali),926.0,Mardi,pluies,dédouanement en cours,101.8,103.5,True,1503975
CRI-02851,2024-09-10,Môle 3,Matériaux de construction,1,530,Transporteur A,Bamako (Mali),1269.5,Mardi,pluies,dédouané avant arrivée,98.8,77.0,True,605570
CRI-02852,2024-09-10,Môle 8,Hydrocarbures,2,394,Transporteur E,Thiès,69.4,Mardi,pluies,dédouané avant arrivée,39.3,39.4,False,74476
CRI-02853,2024-09-10,Terminal à Conteneurs,Équipements industriels,1,442,Transporteur E,Bamako (Mali),1229.5,Mardi,pluies,dédouané avant arrivée,39.0,102.4,True,323376
CRI-02854,2024-09-10,Terminal Roulier,Denrées alimentaires,4,476,Transporteur F,Bamako (Mali),1233.6,Mardi,pluies,dédouané avant arrivée,121.4,60.4,True,2151920
CRI-02855,2024-09-10,Terminal Roulier,Biens de consommation,1,389,Transporteur indépendant,Thiès,71.6,Mardi,pluies,dédouanement en cours,42.7,49.3,True,122925
CRI-02856,2024-09-10,Terminal à Conteneurs,Import général,3,418,Transporteur indépendant,Kaolack,186.5,Mardi,pluies,dédouanement en cours,79.0,119.3,True,1968249
CRI-02857,2024-09-10,Môle 8,Biens de consommation,2,310,Transporteur D,Dakar (local),20.0,Mardi,pluies,dédouanement en cours,60.8,45.3,True,385444
CRI-02858,2024-09-11,Terminal Roulier,Import général,1,331,Transporteur A,Kayes (Mali),971.6,Mercredi,pluies,dédouanement en cours,51.3,70.9,True,342383
CRI-02859,2024-09-11,Terminal Roulier,Import général,1,435,Transporteur B,Ziguinchor,434.5,Mercredi,pluies,dédouané avant arrivée,46.4,48.6,True,121787
CRI-02860,2024-09-11,Môle 3,Denrées alimentaires,1,428,Transporteur B,Thiès,72.7,Mercredi,pluies,dédouanement en cours,51.1,46.3,False,155371
CRI-02861,2024-09-11,Môle 3,Matériaux de construction,2,367,Transporteur A,Kaolack,187.6,Mercredi,pluies,dédouané avant arrivée,41.3,44.6,True,134559
CRI-02862,2024-09-11,Terminal à Conteneurs,Équipements industriels,2,324,Transporteur D,Bamako (Mali),1204.0,Mercredi,pluies,dédouanement en cours,104.0,82.9,True,1056472
CRI-02863,2024-09-11,Môle 8,Import général,2,379,Transporteur E,Dakar (local),19.9,Mercredi,pluies,dédouanement en cours,111.1,65.3,False,1200103
CRI-02864,2024-09-11,Terminal Roulier,Import général,2,358,Transporteur C,Tambacounda,448.5,Mercredi,pluies,dédouanement en cours,76.5,28.7,False,382130
CRI-02865,2024-09-11,Terminal Roulier,Équipements industriels,4,327,Transporteur E,Bamako (Mali),1247.9,Mercredi,pluies,bloqué (litige/documents),138.3,30.9,True,2493260
CRI-02866,2024-09-11,Terminal à Conteneurs,Biens de consommation,2,363,Transporteur C,Dakar (local),19.0,Mercredi,pluies,dédouanement en cours,33.4,56.6,False,188314
CRI-02867,2024-09-12,Terminal à Conteneurs,Import général,2,439,Transporteur F,Bamako (Mali),1241.6,Jeudi,pluies,dédouané avant arrivée,66.8,86.5,True,748416
CRI-02868,2024-09-12,Môle 8,Import général,1,331,Transporteur indépendant,Ziguinchor,451.7,Jeudi,pluies,dédouané avant arrivée,74.8,44.6,False,276407
CRI-02869,2024-09-12,Terminal Roulier,Hydrocarbures,2,332,Transporteur E,Kaolack,192.2,Jeudi,pluies,dédouanement en cours,69.4,43.0,True,365355
CRI-02870,2024-09-12,Môle 1,Denrées alimentaires,4,348,Transporteur G,Kayes (Mali),952.6,Jeudi,pluies,dédouanement en cours,79.0,58.3,False,1779105
CRI-02871,2024-09-12,Terminal à Conteneurs,Matériaux de construction,1,385,Transporteur F,Dakar (local),20.5,Jeudi,pluies,dédouané avant arrivée,65.7,42.7,False,237548
CRI-02872,2024-09-12,Terminal à Conteneurs,Hydrocarbures,1,445,Transporteur G,Kaédi (Mauritanie),457.9,Jeudi,pluies,dédouanement en cours,85.3,62.6,True,524412
CRI-02873,2024-09-12,Terminal à Conteneurs,Biens de consommation,1,360,Transporteur C,Kaolack,184.0,Jeudi,pluies,dédouané avant arrivée,59.9,42.6,True,179606
CRI-02874,2024-09-12,Terminal Roulier,Denrées alimentaires,1,401,Transporteur F,Thiès,72.3,Jeudi,pluies,dédouanement en cours,62.5,63.0,False,281700
CRI-02875,2024-09-12,Môle 8,Matériaux de construction,1,447,Transporteur B,Kaolack,187.1,Jeudi,pluies,dédouanement en cours,115.5,43.9,True,573413
CRI-02876,2024-09-13,Môle 1,Import général,2,391,Transporteur G,Bamako (Mali),1228.1,Vendredi,pluies,dédouané avant arrivée,57.4,39.9,True,320612
CRI-02877,2024-09-13,Terminal à Conteneurs,Import général,1,342,Transporteur A,Ziguinchor,456.5,Vendredi,pluies,dédouanement en cours,55.4,48.7,True,190959
CRI-02878,2024-09-13,Môle 1,Biens de consommation,1,355,Transporteur indépendant,Kayes (Mali),968.4,Vendredi,pluies,dédouanement en cours,100.8,72.3,True,497615
CRI-02879,2024-09-13,Terminal Roulier,Matériaux de construction,1,345,Transporteur indépendant,Kaolack,184.7,Vendredi,pluies,dédouané avant arrivée,79.3,32.5,True,264525
CRI-02880,2024-09-13,Terminal Roulier,Matériaux de construction,1,362,Transporteur B,Dakar (local),21.2,Vendredi,pluies,dédouané avant arrivée,68.2,43.6,False,255349
CRI-02881,2024-09-13,Môle 8,Import général,3,393,Transporteur B,Tambacounda,481.3,Vendredi,pluies,dédouanement en cours,90.9,36.0,True,987459
CRI-02882,2024-09-13,Môle 1,Biens de consommation,1,355,Transporteur A,Bamako (Mali),1256.2,Vendredi,pluies,dédouanement en cours,85.5,22.0,True,206448
CRI-02883,2024-09-13,Môle 3,Import général,3,359,Transporteur A,Bamako (Mali),1216.0,Vendredi,pluies,bloqué (litige/documents),79.2,55.7,True,1251452
CRI-02884,2024-09-13,Terminal à Conteneurs,Import général,1,385,Transporteur B,Kaédi (Mauritanie),459.5,Vendredi,pluies,bloqué (litige/documents),108.8,20.0,True,279519
CRI-02885,2024-09-13,Terminal Roulier,Matériaux de construction,1,388,Transporteur C,Thiès,67.4,Vendredi,pluies,dédouanement en cours,56.9,108.5,True,443843
CRI-02886,2024-09-13,Terminal Roulier,Import général,1,411,Transporteur A,Bamako (Mali),1165.7,Vendredi,pluies,dédouané avant arrivée,38.0,38.4,True,21519
CRI-02887,2024-09-13,Terminal à Conteneurs,Denrées alimentaires,1,390,Transporteur C,Dakar (local),20.3,Vendredi,pluies,dédouané avant arrivée,83.1,43.8,False,285752
CRI-02888,2024-09-13,Môle 1,Équipements industriels,2,332,Transporteur B,Dakar (local),20.1,Vendredi,pluies,dédouané avant arrivée,75.8,54.9,False,693935
CRI-02889,2024-09-13,Môle 1,Import général,1,432,Transporteur F,Dakar (local),20.4,Vendredi,pluies,dédouané avant arrivée,52.9,29.3,False,65944
CRI-02890,2024-09-13,Terminal à Conteneurs,Import général,1,378,Transporteur D,Kayes (Mali),973.8,Vendredi,pluies,dédouané avant arrivée,42.7,26.5,True,0
CRI-02891,2024-09-14,Môle 8,Équipements industriels,4,347,Transporteur C,Tambacounda,498.4,Samedi,pluies,bloqué (litige/documents),118.6,80.4,True,3530649
CRI-02892,2024-09-14,Môle 8,Denrées alimentaires,2,337,Transporteur B,Bamako (Mali),1197.8,Samedi,pluies,dédouané avant arrivée,38.5,44.0,True,121335
CRI-02893,2024-09-14,Môle 3,Biens de consommation,2,351,Transporteur D,Tambacounda,449.4,Samedi,pluies,dédouanement en cours,109.8,33.3,True,978243
CRI-02894,2024-09-14,Terminal Roulier,Import général,2,325,Transporteur D,Dakar (local),19.9,Samedi,pluies,dédouanement en cours,56.0,39.4,False,275076
CRI-02895,2024-09-14,Môle 3,Matériaux de construction,1,310,Transporteur C,Kayes (Mali),962.4,Samedi,pluies,bloqué (litige/documents),114.0,36.9,True,359560
CRI-02896,2024-09-14,Môle 1,Biens de consommation,2,325,Transporteur G,Kaolack,194.5,Samedi,pluies,dédouanement en cours,102.6,36.8,True,611001
CRI-02897,2024-09-14,Terminal à Conteneurs,Biens de consommation,1,325,Transporteur G,Kaédi (Mauritanie),475.3,Samedi,pluies,dédouané avant arrivée,42.0,23.4,True,0
CRI-02898,2024-09-14,Terminal à Conteneurs,Import général,1,254,Transporteur F,Tambacounda,478.0,Samedi,pluies,dédouané avant arrivée,48.5,35.3,False,69496
CRI-02899,2024-09-14,Môle 3,Équipements industriels,1,392,Transporteur D,Thiès,69.0,Samedi,pluies,dédouané avant arrivée,51.2,40.7,False,135659
CRI-02900,2024-09-14,Môle 8,Matériaux de construction,2,370,Transporteur A,Kaédi (Mauritanie),473.9,Samedi,pluies,bloqué (litige/documents),97.3,41.4,True,821402
CRI-02901,2024-09-14,Terminal Roulier,Biens de consommation,1,344,Transporteur C,Kaolack,182.1,Samedi,pluies,dédouanement en cours,56.7,36.3,False,144187
CRI-02902,2024-09-14,Môle 8,Import général,1,351,Transporteur B,Bamako (Mali),1231.1,Samedi,pluies,dédouanement en cours,86.5,35.5,True,348277
CRI-02903,2024-09-14,Terminal à Conteneurs,Denrées alimentaires,1,398,Transporteur D,Bamako (Mali),1203.9,Samedi,pluies,bloqué (litige/documents),192.9,58.4,True,848763
CRI-02904,2024-09-14,Terminal à Conteneurs,Import général,1,288,Transporteur F,Ziguinchor,457.4,Samedi,pluies,dédouanement en cours,55.2,43.1,False,144981
CRI-02905,2024-09-15,Terminal à Conteneurs,Import général,1,274,Transporteur indépendant,Kayes (Mali),938.9,Dimanche,pluies,dédouanement en cours,60.5,26.7,True,80087
CRI-02906,2024-09-15,Terminal à Conteneurs,Import général,4,275,Transporteur E,Dakar (local),19.5,Dimanche,pluies,dédouané avant arrivée,36.4,47.4,False,225412
CRI-02907,2024-09-15,Môle 3,Matériaux de construction,1,291,Transporteur D,Touba,191.6,Dimanche,pluies,dédouanement en cours,50.3,34.6,False,61184
CRI-02908,2024-09-15,Môle 3,Hydrocarbures,1,250,Transporteur A,Kayes (Mali),910.5,Dimanche,pluies,dédouané avant arrivée,45.8,33.7,True,47462
CRI-02909,2024-09-15,Terminal à Conteneurs,Import général,3,353,Transporteur D,Touba,184.9,Dimanche,pluies,dédouanement en cours,58.6,51.5,False,713888
CRI-02910,2024-09-15,Môle 8,Denrées alimentaires,1,286,Transporteur C,Touba,180.0,Dimanche,pluies,bloqué (litige/documents),98.4,64.2,False,419796
CRI-02911,2024-09-15,Môle 8,Matériaux de construction,1,302,Transporteur A,Dakar (local),19.4,Dimanche,pluies,dédouané avant arrivée,35.6,26.6,False,0
CRI-02912,2024-09-15,Môle 3,Import général,1,253,Transporteur A,Thiès,68.8,Dimanche,pluies,dédouanement en cours,82.9,44.7,False,386182
CRI-02913,2024-09-15,Môle 1,Biens de consommation,2,272,Transporteur indépendant,Tambacounda,464.2,Dimanche,pluies,dédouané avant arrivée,84.2,43.3,False,557941
CRI-02914,2024-09-15,Terminal à Conteneurs,Denrées alimentaires,2,295,Transporteur F,Touba,179.3,Dimanche,pluies,bloqué (litige/documents),189.9,40.6,False,1738700
CRI-02915,2024-09-16,Môle 1,Biens de consommation,1,363,Transporteur indépendant,Thiès,69.1,Lundi,pluies,dédouanement en cours,77.4,48.3,True,241869
CRI-02916,2024-09-16,Môle 3,Matériaux de construction,2,451,Transporteur A,Kaolack,195.8,Lundi,pluies,dédouanement en cours,114.0,64.3,True,1130615
CRI-02917,2024-09-16,Terminal à Conteneurs,Import général,2,402,Transporteur D,Kayes (Mali),957.2,Lundi,pluies,bloqué (litige/documents),141.2,45.5,True,1574251
CRI-02918,2024-09-16,Môle 1,Import général,1,389,Transporteur F,Tambacounda,473.7,Lundi,pluies,bloqué (litige/documents),124.1,44.7,True,481643
CRI-02919,2024-09-16,Terminal à Conteneurs,Matériaux de construction,1,378,Transporteur indépendant,Bamako (Mali),1220.4,Lundi,pluies,dédouané avant arrivée,27.6,32.7,True,0
CRI-02920,2024-09-16,Môle 3,Import général,2,401,Transporteur C,Touba,192.0,Lundi,pluies,dédouanement en cours,108.9,46.7,False,1133202
CRI-02921,2024-09-16,Môle 3,Biens de consommation,1,363,Transporteur G,Bamako (Mali),1265.8,Lundi,pluies,dédouané avant arrivée,47.4,40.9,True,94726
CRI-02922,2024-09-16,Môle 3,Import général,1,422,Transporteur C,Kayes (Mali),953.0,Lundi,pluies,dédouanement en cours,108.7,63.2,True,686963
CRI-02923,2024-09-16,Môle 3,Hydrocarbures,2,470,Transporteur F,Touba,198.7,Lundi,pluies,dédouanement en cours,89.1,116.5,True,1821699
CRI-02924,2024-09-17,Terminal à Conteneurs,Import général,1,337,Transporteur E,Thiès,70.3,Mardi,pluies,dédouané avant arrivée,33.7,54.4,False,104858
CRI-02925,2024-09-17,Terminal à Conteneurs,Matériaux de construction,2,351,Transporteur C,Bamako (Mali),1189.7,Mardi,pluies,bloqué (litige/documents),97.3,23.0,True,531411
CRI-02926,2024-09-17,Môle 1,Biens de consommation,1,417,Transporteur D,Kayes (Mali),973.0,Mardi,pluies,bloqué (litige/documents),208.4,63.0,True,1146765
CRI-02927,2024-09-17,Môle 3,Import général,2,415,Transporteur E,Dakar (local),20.4,Mardi,pluies,dédouané avant arrivée,70.4,34.7,False,376632
CRI-02928,2024-09-17,Terminal Roulier,Import général,2,381,Transporteur E,Thiès,66.7,Mardi,pluies,dédouané avant arrivée,64.7,62.3,True,643547
CRI-02929,2024-09-17,Terminal à Conteneurs,Équipements industriels,1,448,Transporteur E,Dakar (local),19.1,Mardi,pluies,dédouané avant arrivée,47.7,43.6,True,93981
CRI-02930,2024-09-17,Môle 1,Import général,1,467,Transporteur C,Thiès,66.1,Mardi,pluies,dédouané avant arrivée,55.6,35.3,True,116521
CRI-02931,2024-09-17,Môle 1,Biens de consommation,1,351,Transporteur indépendant,Kayes (Mali),982.9,Mardi,pluies,dédouané avant arrivée,47.4,81.5,True,389816
CRI-02932,2024-09-17,Terminal à Conteneurs,Matériaux de construction,2,445,Transporteur D,Dakar (local),20.7,Mardi,pluies,dédouanement en cours,76.8,32.1,True,393991
CRI-02933,2024-09-17,Môle 8,Matériaux de construction,2,385,Transporteur D,Tambacounda,481.5,Mardi,pluies,dédouané avant arrivée,55.0,57.3,True,478114
CRI-02934,2024-09-17,Môle 8,Équipements industriels,4,393,Transporteur D,Tambacounda,484.0,Mardi,pluies,dédouanement en cours,70.8,69.0,True,1454636
CRI-02935,2024-09-17,Terminal à Conteneurs,Biens de consommation,1,444,Transporteur A,Tambacounda,460.3,Mardi,pluies,dédouanement en cours,81.4,45.8,False,366086
CRI-02936,2024-09-17,Terminal à Conteneurs,Matériaux de construction,2,555,Transporteur E,Bamako (Mali),1247.1,Mardi,pluies,bloqué (litige/documents),129.0,60.5,True,1287829
CRI-02937,2024-09-19,Môle 8,Équipements industriels,2,392,Transporteur B,Dakar (local),19.3,Jeudi,pluies,bloqué (litige/documents),163.0,31.4,False,1159624
CRI-02938,2024-09-19,Môle 8,Import général,2,343,Transporteur F,Thiès,71.9,Jeudi,pluies,dédouané avant arrivée,57.8,52.1,True,473070
CRI-02939,2024-09-19,Môle 1,Biens de consommation,1,353,Transporteur D,Tambacounda,464.6,Jeudi,pluies,dédouané avant arrivée,56.1,59.9,True,226153
CRI-02940,2024-09-19,Terminal à Conteneurs,Biens de consommation,1,371,Transporteur C,Touba,191.2,Jeudi,pluies,dédouanement en cours,114.4,55.3,True,456781
CRI-02941,2024-09-19,Môle 8,Denrées alimentaires,4,365,Transporteur G,Thiès,71.1,Jeudi,pluies,dédouanement en cours,87.1,44.0,False,1190864
CRI-02942,2024-09-20,Terminal à Conteneurs,Import général,1,427,Transporteur G,Ziguinchor,440.5,Vendredi,pluies,dédouané avant arrivée,57.8,58.7,False,236053
CRI-02943,2024-09-20,Môle 8,Hydrocarbures,1,361,Transporteur D,Tambacounda,485.8,Vendredi,pluies,dédouanement en cours,51.1,30.6,True,55179
CRI-02944,2024-09-20,Terminal à Conteneurs,Hydrocarbures,4,362,Transporteur A,Dakar (local),20.0,Vendredi,pluies,dédouané avant arrivée,79.1,43.1,False,1161358
CRI-02945,2024-09-20,Terminal Roulier,Hydrocarbures,1,352,Transporteur B,Thiès,70.9,Vendredi,pluies,dédouanement en cours,95.3,34.3,False,372936
CRI-02946,2024-09-20,Môle 1,Matériaux de construction,1,425,Transporteur A,Kaolack,183.7,Vendredi,pluies,dédouanement en cours,42.8,51.4,False,108561
CRI-02947,2024-09-20,Terminal à Conteneurs,Denrées alimentaires,1,448,Transporteur D,Dakar (local),20.6,Vendredi,pluies,dédouané avant arrivée,44.0,56.4,True,179703
CRI-02948,2024-09-20,Terminal à Conteneurs,Denrées alimentaires,1,347,Transporteur A,Kaédi (Mauritanie),471.6,Vendredi,pluies,dédouanement en cours,53.4,36.0,True,98209
CRI-02949,2024-09-21,Môle 1,Matériaux de construction,2,371,Transporteur F,Thiès,69.8,Samedi,pluies,dédouané avant arrivée,49.4,49.0,False,264768
CRI-02950,2024-09-21,Môle 1,Denrées alimentaires,3,347,Transporteur F,Bamako (Mali),1238.7,Samedi,pluies,dédouanement en cours,85.6,57.6,True,1086915
CRI-02951,2024-09-21,Môle 1,Denrées alimentaires,1,386,Transporteur C,Thiès,72.5,Samedi,pluies,dédouané avant arrivée,62.5,34.1,False,170873
CRI-02952,2024-09-21,Terminal Roulier,Équipements industriels,2,300,Transporteur B,Tambacounda,461.4,Samedi,pluies,dédouané avant arrivée,39.0,37.7,True,42676
CRI-02953,2024-09-21,Terminal à Conteneurs,Denrées alimentaires,2,357,Transporteur indépendant,Bamako (Mali),1225.2,Samedi,pluies,dédouanement en cours,75.5,32.0,True,454919
CRI-02954,2024-09-21,Terminal à Conteneurs,Hydrocarbures,3,436,Transporteur F,Kayes (Mali),972.7,Samedi,pluies,dédouanement en cours,35.0,50.3,True,266157
CRI-02955,2024-09-21,Terminal à Conteneurs,Import général,1,326,Transporteur indépendant,Bamako (Mali),1247.4,Samedi,pluies,dédouanement en cours,60.3,32.4,True,96730
CRI-02956,2024-09-21,Môle 1,Hydrocarbures,1,291,Transporteur indépendant,Kaolack,183.7,Samedi,pluies,dédouanement en cours,79.3,83.9,True,506644
CRI-02957,2024-09-21,Môle 3,Import général,1,331,Transporteur indépendant,Touba,185.9,Samedi,pluies,dédouané avant arrivée,61.4,28.7,True,102850
CRI-02958,2024-09-21,Terminal à Conteneurs,Import général,1,393,Transporteur A,Bamako (Mali),1195.2,Samedi,pluies,dédouané avant arrivée,61.5,44.5,True,173021
CRI-02959,2024-09-21,Môle 8,Équipements industriels,1,408,Transporteur G,Kaédi (Mauritanie),467.2,Samedi,pluies,dédouané avant arrivée,51.2,33.3,False,85986
CRI-02960,2024-09-21,Terminal à Conteneurs,Biens de consommation,2,392,Transporteur C,Dakar (local),19.8,Samedi,pluies,bloqué (litige/documents),69.9,57.5,False,666366
CRI-02961,2024-09-22,Terminal à Conteneurs,Biens de consommation,4,286,Transporteur B,Dakar (local),20.3,Dimanche,pluies,dédouané avant arrivée,47.1,40.7,False,395627
CRI-02962,2024-09-22,Môle 3,Matériaux de construction,2,256,Transporteur E,Dakar (local),19.4,Dimanche,pluies,bloqué (litige/documents),63.9,15.5,False,70921
CRI-02963,2024-09-22,Môle 1,Import général,2,235,Transporteur E,Dakar (local),19.3,Dimanche,pluies,dédouanement en cours,107.8,37.3,False,1008855
CRI-02964,2024-09-22,Môle 3,Biens de consommation,2,198,Transporteur A,Bamako (Mali),1216.5,Dimanche,pluies,bloqué (litige/documents),132.3,29.8,True,1122207
CRI-02965,2024-09-22,Môle 1,Matériaux de construction,1,288,Transporteur B,Dakar (local),19.7,Dimanche,pluies,dédouanement en cours,47.5,42.3,False,101658
CRI-02966,2024-09-22,Terminal Roulier,Hydrocarbures,1,261,Transporteur D,Dakar (local),20.3,Dimanche,pluies,dédouanement en cours,56.8,28.7,False,72714
CRI-02967,2024-09-22,Môle 1,Import général,1,252,Transporteur A,Bamako (Mali),1199.8,Dimanche,pluies,dédouanement en cours,68.4,36.2,True,183522
CRI-02968,2024-09-22,Môle 3,Import général,2,314,Transporteur B,Dakar (local),19.9,Dimanche,pluies,dédouanement en cours,63.3,32.1,False,282826
CRI-02969,2024-09-22,Môle 1,Hydrocarbures,2,250,Transporteur A,Thiès,72.0,Dimanche,pluies,dédouanement en cours,51.1,61.9,False,549178
CRI-02970,2024-09-22,Môle 8,Denrées alimentaires,1,313,Transporteur E,Ziguinchor,441.2,Dimanche,pluies,dédouané avant arrivée,60.0,18.2,True,42663
CRI-02971,2024-09-23,Terminal à Conteneurs,Matériaux de construction,1,419,Transporteur D,Touba,184.1,Lundi,pluies,bloqué (litige/documents),89.5,55.6,True,378224
CRI-02972,2024-09-23,Terminal à Conteneurs,Denrées alimentaires,1,433,Transporteur B,Thiès,69.6,Lundi,pluies,dédouané avant arrivée,47.6,37.4,True,58481
CRI-02973,2024-09-23,Môle 8,Import général,3,384,Transporteur C,Kayes (Mali),918.9,Lundi,pluies,dédouanement en cours,63.0,61.4,True,1095104
CRI-02974,2024-09-23,Terminal à Conteneurs,Biens de consommation,2,432,Transporteur E,Bamako (Mali),1166.2,Lundi,pluies,dédouané avant arrivée,56.5,59.1,True,534923
CRI-02975,2024-09-23,Môle 1,Hydrocarbures,1,465,Transporteur F,Thiès,66.4,Lundi,pluies,dédouanement en cours,76.5,48.7,True,360319
CRI-02976,2024-09-23,Môle 8,Matériaux de construction,1,453,Transporteur E,Kayes (Mali),935.1,Lundi,pluies,dédouané avant arrivée,91.5,47.3,True,382913
CRI-02977,2024-09-23,Terminal à Conteneurs,Denrées alimentaires,1,433,Transporteur indépendant,Dakar (local),19.6,Lundi,pluies,dédouané avant arrivée,48.8,67.6,True,258154
CRI-02978,2024-09-23,Terminal à Conteneurs,Matériaux de construction,1,451,Transporteur E,Bamako (Mali),1218.8,Lundi,pluies,dédouanement en cours,94.0,86.6,True,673147
CRI-02979,2024-09-23,Terminal à Conteneurs,Biens de consommation,4,434,Transporteur E,Kaolack,186.6,Lundi,pluies,dédouanement en cours,123.0,61.7,True,2515318
CRI-02980,2024-09-23,Terminal à Conteneurs,Denrées alimentaires,1,471,Transporteur G,Dakar (local),18.8,Lundi,pluies,dédouané avant arrivée,74.2,125.0,False,771810
CRI-02981,2024-09-23,Môle 8,Import général,1,457,Transporteur A,Dakar (local),20.4,Lundi,pluies,dédouané avant arrivée,124.2,68.0,True,719826
CRI-02982,2024-09-23,Môle 1,Équipements industriels,1,342,Transporteur C,Dakar (local),19.2,Lundi,pluies,dédouanement en cours,97.8,23.9,False,336543
CRI-02983,2024-09-23,Terminal à Conteneurs,Import général,1,410,Transporteur B,Thiès,71.1,Lundi,pluies,bloqué (litige/documents),102.2,82.7,False,508660
CRI-02984,2024-09-23,Terminal à Conteneurs,Import général,1,316,Transporteur C,Ziguinchor,457.6,Lundi,pluies,dédouanement en cours,37.2,28.7,True,0
CRI-02985,2024-09-23,Terminal Roulier,Import général,1,400,Transporteur E,Kaolack,197.4,Lundi,pluies,dédouané avant arrivée,59.3,28.5,True,97229
CRI-02986,2024-09-24,Terminal à Conteneurs,Import général,2,482,Transporteur A,Bamako (Mali),1238.0,Mardi,pluies,dédouané avant arrivée,76.5,56.5,True,826024
CRI-02987,2024-09-24,Môle 8,Denrées alimentaires,2,272,Transporteur G,Tambacounda,486.2,Mardi,pluies,dédouané avant arrivée,50.9,41.0,False,261988
CRI-02988,2024-09-24,Môle 1,Import général,4,467,Transporteur E,Thiès,69.8,Mardi,pluies,dédouanement en cours,86.8,85.5,True,2794833
CRI-02989,2024-09-24,Terminal à Conteneurs,Import général,1,415,Transporteur A,Kaolack,186.5,Mardi,pluies,dédouané avant arrivée,102.3,26.7,False,354329
CRI-02990,2024-09-24,Môle 8,Matériaux de construction,1,414,Transporteur E,Dakar (local),20.0,Mardi,pluies,bloqué (litige/documents),101.4,60.1,True,490020
CRI-02991,2024-09-24,Terminal Roulier,Hydrocarbures,2,368,Transporteur B,Kayes (Mali),1001.4,Mardi,pluies,dédouanement en cours,42.6,47.8,True,233117
CRI-02992,2024-09-24,Terminal à Conteneurs,Import général,1,563,Transporteur D,Dakar (local),19.9,Mardi,pluies,dédouané avant arrivée,58.6,43.1,True,207152
CRI-02993,2024-09-24,Terminal Roulier,Import général,1,399,Transporteur D,Kaolack,198.2,Mardi,pluies,dédouané avant arrivée,79.2,71.5,True,438414
CRI-02994,2024-09-24,Terminal à Conteneurs,Denrées alimentaires,1,390,Transporteur G,Dakar (local),20.0,Mardi,pluies,dédouané avant arrivée,55.5,62.9,False,241405
CRI-02995,2024-09-24,Môle 8,Import général,1,460,Transporteur B,Bamako (Mali),1225.7,Mardi,pluies,bloqué (litige/documents),126.0,60.0,True,791992
CRI-02996,2024-09-24,Môle 3,Biens de consommation,1,486,Transporteur B,Dakar (local),19.9,Mardi,pluies,dédouanement en cours,90.2,63.3,False,397086
CRI-02997,2024-09-25,Terminal Roulier,Équipements industriels,1,406,Transporteur B,Thiès,72.5,Mercredi,pluies,bloqué (litige/documents),100.8,48.5,False,425514
CRI-02998,2024-09-25,Terminal Roulier,Denrées alimentaires,2,316,Transporteur A,Thiès,68.6,Mercredi,pluies,dédouanement en cours,102.7,44.6,False,797277
CRI-02999,2024-09-25,Môle 1,Matériaux de construction,1,370,Transporteur E,Thiès,71.4,Mercredi,pluies,dédouanement en cours,98.9,16.9,False,284749
CRI-03000,2024-09-25,Terminal à Conteneurs,Équipements industriels,2,403,Transporteur B,Kaolack,191.6,Mercredi,pluies,dédouané avant arrivée,45.4,37.9,True,130557
CRI-03001,2024-09-25,Terminal à Conteneurs,Import général,1,355,Transporteur F,Bamako (Mali),1171.5,Mercredi,pluies,dédouané avant arrivée,39.7,63.9,True,142130
CRI-03002,2024-09-25,Terminal à Conteneurs,Import général,1,341,Transporteur D,Bamako (Mali),1214.2,Mercredi,pluies,dédouanement en cours,85.3,49.1,True,367118
CRI-03003,2024-09-25,Terminal Roulier,Denrées alimentaires,2,360,Transporteur indépendant,Ziguinchor,452.5,Mercredi,pluies,dédouanement en cours,105.1,39.3,True,943030
CRI-03004,2024-09-25,Terminal à Conteneurs,Import général,2,317,Transporteur D,Thiès,69.5,Mercredi,pluies,dédouanement en cours,36.2,48.8,True,149998
CRI-03005,2024-09-25,Terminal Roulier,Denrées alimentaires,1,441,Transporteur E,Dakar (local),20.1,Mercredi,pluies,dédouané avant arrivée,42.2,62.9,True,228905
CRI-03006,2024-09-25,Môle 3,Biens de consommation,2,418,Transporteur indépendant,Ziguinchor,473.8,Mercredi,pluies,dédouané avant arrivée,74.7,67.8,True,879313
CRI-03007,2024-09-25,Môle 1,Import général,2,425,Transporteur indépendant,Ziguinchor,456.6,Mercredi,pluies,bloqué (litige/documents),149.6,53.8,True,1816944
CRI-03008,2024-09-25,Terminal à Conteneurs,Denrées alimentaires,3,300,Transporteur B,Bamako (Mali),1238.5,Mercredi,pluies,dédouané avant arrivée,67.3,41.0,False,522667
CRI-03009,2024-09-25,Môle 8,Denrées alimentaires,1,356,Transporteur G,Tambacounda,481.1,Mercredi,pluies,dédouané avant arrivée,40.4,37.0,False,35584
CRI-03010,2024-09-25,Môle 1,Import général,1,321,Transporteur indépendant,Thiès,64.5,Mercredi,pluies,dédouané avant arrivée,51.2,71.7,False,301625
CRI-03011,2024-09-25,Môle 3,Équipements industriels,2,415,Transporteur F,Thiès,73.5,Mercredi,pluies,dédouané avant arrivée,57.3,41.1,True,260213
CRI-03012,2024-09-26,Môle 8,Denrées alimentaires,1,396,Transporteur D,Dakar (local),19.1,Jeudi,pluies,dédouané avant arrivée,53.2,22.1,True,18944
CRI-03013,2024-09-26,Môle 8,Biens de consommation,1,358,Transporteur D,Kaolack,193.1,Jeudi,pluies,dédouané avant arrivée,78.6,50.6,True,275162
CRI-03014,2024-09-26,Môle 1,Matériaux de construction,1,417,Transporteur A,Thiès,69.8,Jeudi,pluies,dédouané avant arrivée,45.1,43.2,False,105699
CRI-03015,2024-09-26,Môle 3,Import général,2,365,Transporteur B,Bamako (Mali),1233.4,Jeudi,pluies,dédouanement en cours,86.7,42.6,False,572423
CRI-03016,2024-09-26,Terminal à Conteneurs,Biens de consommation,1,311,Transporteur B,Tambacounda,482.5,Jeudi,pluies,dédouané avant arrivée,87.2,36.8,False,340925
CRI-03017,2024-09-26,Terminal à Conteneurs,Hydrocarbures,1,351,Transporteur B,Bamako (Mali),1249.2,Jeudi,pluies,dédouanement en cours,59.7,43.5,True,148270
CRI-03018,2024-09-26,Môle 3,Matériaux de construction,1,463,Transporteur C,Dakar (local),20.4,Jeudi,pluies,dédouanement en cours,106.9,29.5,True,320987
CRI-03019,2024-09-26,Terminal Roulier,Équipements industriels,1,409,Transporteur G,Dakar (local),20.0,Jeudi,pluies,dédouané avant arrivée,83.6,24.3,False,168057
CRI-03020,2024-09-26,Môle 8,Biens de consommation,2,333,Transporteur D,Tambacounda,486.1,Jeudi,pluies,dédouanement en cours,79.2,26.5,True,387447
CRI-03021,2024-09-27,Terminal à Conteneurs,Hydrocarbures,2,260,Transporteur C,Bamako (Mali),1200.5,Vendredi,pluies,bloqué (litige/documents),74.2,47.0,True,558018
CRI-03022,2024-09-27,Môle 8,Biens de consommation,1,333,Transporteur D,Thiès,68.1,Vendredi,pluies,dédouanement en cours,89.5,29.3,True,303741
CRI-03023,2024-09-27,Môle 1,Hydrocarbures,1,325,Transporteur E,Dakar (local),20.6,Vendredi,pluies,bloqué (litige/documents),129.3,34.6,False,548916
CRI-03024,2024-09-27,Môle 3,Matériaux de construction,1,370,Transporteur A,Dakar (local),19.4,Vendredi,pluies,bloqué (litige/documents),112.6,34.2,False,418348
CRI-03025,2024-09-27,Terminal à Conteneurs,Biens de consommation,1,449,Transporteur D,Bamako (Mali),1211.2,Vendredi,pluies,dédouanement en cours,106.5,74.3,True,534887
CRI-03026,2024-09-27,Môle 1,Denrées alimentaires,3,305,Transporteur A,Dakar (local),19.9,Vendredi,pluies,dédouané avant arrivée,42.4,27.7,False,0
CRI-03027,2024-09-27,Môle 3,Matériaux de construction,2,424,Transporteur G,Touba,194.8,Vendredi,pluies,dédouanement en cours,123.1,46.5,True,1204054
CRI-03028,2024-09-27,Terminal Roulier,Denrées alimentaires,1,440,Transporteur D,Kayes (Mali),890.3,Vendredi,pluies,dédouané avant arrivée,53.4,32.8,True,88499
CRI-03029,2024-09-27,Terminal à Conteneurs,Matériaux de construction,2,339,Transporteur F,Thiès,68.7,Vendredi,pluies,bloqué (litige/documents),142.7,30.6,False,1158854
CRI-03030,2024-09-27,Môle 3,Équipements industriels,1,376,Transporteur C,Kayes (Mali),947.6,Vendredi,pluies,dédouanement en cours,123.0,47.5,True,587210
CRI-03031,2024-09-27,Môle 1,Import général,1,324,Transporteur indépendant,Dakar (local),20.2,Vendredi,pluies,bloqué (litige/documents),123.2,46.6,True,656330
CRI-03032,2024-09-28,Terminal à Conteneurs,Hydrocarbures,2,355,Transporteur E,Bamako (Mali),1222.0,Samedi,pluies,dédouané avant arrivée,70.6,64.0,True,874076
CRI-03033,2024-09-28,Terminal à Conteneurs,Denrées alimentaires,3,396,Transporteur A,Dakar (local),18.9,Samedi,pluies,dédouanement en cours,93.9,30.0,False,812819
CRI-03034,2024-09-28,Terminal Roulier,Équipements industriels,1,367,Transporteur C,Dakar (local),19.6,Samedi,pluies,bloqué (litige/documents),90.3,53.4,True,366146
CRI-03035,2024-09-28,Terminal à Conteneurs,Équipements industriels,1,322,Transporteur A,Touba,188.5,Samedi,pluies,dédouané avant arrivée,78.9,42.1,True,225488
CRI-03036,2024-09-28,Môle 1,Équipements industriels,1,343,Transporteur A,Kaolack,183.6,Samedi,pluies,bloqué (litige/documents),128.6,50.7,False,634609
CRI-03037,2024-09-28,Terminal à Conteneurs,Import général,2,410,Transporteur A,Bamako (Mali),1220.6,Samedi,pluies,dédouané avant arrivée,31.6,47.3,True,63506
CRI-03038,2024-09-28,Môle 1,Import général,1,387,Transporteur C,Ziguinchor,462.1,Samedi,pluies,dédouanement en cours,82.4,25.9,True,250720
CRI-03039,2024-09-28,Terminal à Conteneurs,Import général,4,482,Transporteur C,Dakar (local),20.1,Samedi,pluies,dédouanement en cours,135.5,30.1,True,2509247
CRI-03040,2024-09-28,Terminal à Conteneurs,Matériaux de construction,1,431,Transporteur G,Kayes (Mali),942.9,Samedi,pluies,dédouané avant arrivée,61.8,62.2,True,280693
CRI-03041,2024-09-28,Môle 1,Biens de consommation,2,330,Transporteur indépendant,Kaédi (Mauritanie),453.8,Samedi,pluies,dédouané avant arrivée,46.4,51.0,True,310549
CRI-03042,2024-09-29,Terminal à Conteneurs,Biens de consommation,1,248,Transporteur C,Bamako (Mali),1273.0,Dimanche,pluies,dédouané avant arrivée,33.0,37.9,True,0
CRI-03043,2024-09-29,Terminal à Conteneurs,Denrées alimentaires,2,238,Transporteur C,Tambacounda,489.4,Dimanche,pluies,dédouanement en cours,73.5,36.5,True,450569
CRI-03044,2024-09-29,Terminal à Conteneurs,Hydrocarbures,1,243,Transporteur C,Kayes (Mali),964.9,Dimanche,pluies,dédouané avant arrivée,21.9,57.8,True,52506
CRI-03045,2024-09-29,Terminal à Conteneurs,Denrées alimentaires,1,294,Transporteur indépendant,Bamako (Mali),1203.1,Dimanche,pluies,dédouanement en cours,59.9,47.7,True,234436
CRI-03046,2024-09-29,Terminal à Conteneurs,Hydrocarbures,2,328,Transporteur E,Kayes (Mali),981.3,Dimanche,pluies,dédouané avant arrivée,33.1,50.9,True,154335
CRI-03047,2024-09-29,Terminal à Conteneurs,Denrées alimentaires,2,261,Transporteur C,Kaédi (Mauritanie),469.3,Dimanche,pluies,dédouanement en cours,100.5,29.1,True,711840
CRI-03048,2024-09-29,Môle 1,Équipements industriels,1,250,Transporteur D,Kayes (Mali),942.7,Dimanche,pluies,dédouanement en cours,65.2,50.0,True,272882
CRI-03049,2024-09-29,Môle 3,Hydrocarbures,3,224,Transporteur F,Bamako (Mali),1256.9,Dimanche,pluies,dédouané avant arrivée,41.2,35.0,True,87352
CRI-03050,2024-09-29,Terminal à Conteneurs,Import général,4,309,Transporteur C,Touba,193.5,Dimanche,pluies,dédouané avant arrivée,61.0,8.9,True,0
CRI-03051,2024-09-29,Terminal à Conteneurs,Import général,1,292,Transporteur E,Bamako (Mali),1245.1,Dimanche,pluies,dédouanement en cours,68.8,38.9,True,196933
CRI-03052,2024-09-29,Terminal à Conteneurs,Import général,2,310,Transporteur indépendant,Kaédi (Mauritanie),459.5,Dimanche,pluies,dédouanement en cours,61.2,33.2,True,245598
CRI-03053,2024-09-29,Môle 1,Import général,2,269,Transporteur indépendant,Kaolack,184.4,Dimanche,pluies,bloqué (litige/documents),144.9,35.4,False,1295454
CRI-03054,2024-09-29,Môle 1,Biens de consommation,1,316,Transporteur indépendant,Kaolack,194.8,Dimanche,pluies,dédouanement en cours,64.7,49.3,False,257817
CRI-03055,2024-09-29,Môle 1,Hydrocarbures,1,286,Transporteur C,Touba,188.4,Dimanche,pluies,dédouané avant arrivée,74.3,24.9,True,138295
CRI-03056,2024-09-29,Môle 8,Hydrocarbures,4,275,Transporteur indépendant,Dakar (local),20.1,Dimanche,pluies,dédouané avant arrivée,49.1,27.1,False,88750
CRI-03057,2024-09-29,Terminal à Conteneurs,Hydrocarbures,2,265,Transporteur E,Dakar (local),20.7,Dimanche,pluies,dédouanement en cours,43.2,21.5,False,0
CRI-03058,2024-09-29,Môle 1,Matériaux de construction,1,286,Transporteur C,Ziguinchor,454.4,Dimanche,pluies,dédouanement en cours,97.7,47.9,True,497943
CRI-03059,2024-09-30,Môle 1,Équipements industriels,2,302,Transporteur F,Touba,190.6,Lundi,pluies,dédouanement en cours,71.9,12.3,False,170497
CRI-03060,2024-09-30,Terminal à Conteneurs,Denrées alimentaires,1,456,Transporteur indépendant,Thiès,71.5,Lundi,pluies,bloqué (litige/documents),130.9,58.0,True,600669
CRI-03061,2024-09-30,Môle 3,Biens de consommation,4,468,Transporteur A,Thiès,70.6,Lundi,pluies,dédouanement en cours,72.0,56.0,False,1440809
CRI-03062,2024-09-30,Terminal à Conteneurs,Import général,2,443,Transporteur G,Kaédi (Mauritanie),465.8,Lundi,pluies,dédouané avant arrivée,57.5,44.3,True,271268
CRI-03063,2024-09-30,Môle 8,Denrées alimentaires,2,343,Transporteur D,Thiès,68.1,Lundi,pluies,dédouané avant arrivée,52.6,35.5,True,190374
CRI-03064,2024-09-30,Môle 8,Hydrocarbures,1,382,Transporteur E,Kayes (Mali),959.9,Lundi,pluies,dédouanement en cours,73.3,56.5,True,395244
CRI-03065,2024-09-30,Terminal à Conteneurs,Matériaux de construction,1,373,Transporteur C,Dakar (local),20.9,Lundi,pluies,dédouané avant arrivée,55.9,61.6,False,293723
CRI-03066,2024-09-30,Terminal à Conteneurs,Import général,1,402,Transporteur G,Ziguinchor,464.9,Lundi,pluies,dédouané avant arrivée,36.1,34.3,True,0
CRI-03067,2024-09-30,Terminal à Conteneurs,Biens de consommation,2,469,Transporteur G,Bamako (Mali),1209.8,Lundi,pluies,dédouané avant arrivée,41.5,82.7,True,499733
CRI-03068,2024-09-30,Terminal à Conteneurs,Denrées alimentaires,1,455,Transporteur indépendant,Thiès,67.3,Lundi,pluies,dédouanement en cours,103.8,60.4,False,444814
CRI-03069,2024-09-30,Môle 8,Hydrocarbures,1,434,Transporteur G,Bamako (Mali),1253.5,Lundi,pluies,dédouanement en cours,51.9,67.0,True,271892
CRI-03070,2024-09-30,Môle 3,Import général,1,365,Transporteur B,Dakar (local),19.0,Lundi,pluies,dédouanement en cours,77.5,73.2,False,490830
CRI-03071,2024-10-01,Terminal à Conteneurs,Denrées alimentaires,4,407,Transporteur G,Ziguinchor,450.5,Mardi,pluies,dédouanement en cours,111.7,49.5,False,2270211
CRI-03072,2024-10-01,Môle 8,Matériaux de construction,2,362,Transporteur E,Bamako (Mali),1219.9,Mardi,pluies,dédouané avant arrivée,43.5,46.9,True,194846
CRI-03073,2024-10-01,Terminal Roulier,Biens de consommation,1,406,Transporteur A,Kayes (Mali),952.0,Mardi,pluies,dédouané avant arrivée,52.7,72.4,True,248952
CRI-03074,2024-10-01,Terminal Roulier,Import général,1,334,Transporteur C,Kayes (Mali),947.1,Mardi,pluies,dédouané avant arrivée,68.2,59.5,True,362449
CRI-03075,2024-10-01,Môle 3,Denrées alimentaires,1,445,Transporteur C,Ziguinchor,454.6,Mardi,pluies,dédouané avant arrivée,69.2,69.0,True,430717
CRI-03076,2024-10-01,Môle 1,Denrées alimentaires,2,416,Transporteur F,Kayes (Mali),958.9,Mardi,pluies,dédouané avant arrivée,129.9,52.3,True,1273627
CRI-03077,2024-10-01,Môle 3,Import général,1,405,Transporteur B,Thiès,64.4,Mardi,pluies,dédouané avant arrivée,67.5,37.0,True,207372
CRI-03078,2024-10-01,Terminal Roulier,Import général,4,455,Transporteur E,Thiès,67.9,Mardi,pluies,dédouané avant arrivée,43.2,63.6,False,792897
CRI-03079,2024-10-01,Terminal à Conteneurs,Matériaux de construction,2,428,Transporteur indépendant,Thiès,67.4,Mardi,pluies,dédouané avant arrivée,57.5,52.8,True,444704
CRI-03080,2024-10-01,Terminal à Conteneurs,Denrées alimentaires,2,434,Transporteur C,Bamako (Mali),1245.7,Mardi,pluies,dédouanement en cours,87.7,39.7,True,584812
CRI-03081,2024-10-01,Terminal à Conteneurs,Denrées alimentaires,2,472,Transporteur E,Dakar (local),19.9,Mardi,pluies,dédouanement en cours,71.6,66.4,True,708823
CRI-03082,2024-10-01,Môle 1,Import général,4,472,Transporteur B,Ziguinchor,430.7,Mardi,pluies,dédouanement en cours,78.8,111.4,True,2877612
CRI-03083,2024-10-02,Môle 8,Import général,2,435,Transporteur B,Bamako (Mali),1226.6,Mercredi,pluies,dédouanement en cours,107.0,49.1,True,1150676
CRI-03084,2024-10-02,Môle 8,Matériaux de construction,1,347,Transporteur B,Touba,186.1,Mercredi,pluies,dédouanement en cours,52.2,66.9,False,218226
CRI-03085,2024-10-02,Terminal à Conteneurs,Matériaux de construction,1,331,Transporteur C,Tambacounda,459.0,Mercredi,pluies,dédouanement en cours,67.5,75.1,False,486592
CRI-03086,2024-10-02,Môle 8,Import général,1,370,Transporteur A,Kayes (Mali),977.4,Mercredi,pluies,dédouanement en cours,55.9,26.0,True,66598
CRI-03087,2024-10-02,Môle 8,Matériaux de construction,1,382,Transporteur G,Kayes (Mali),987.9,Mercredi,pluies,bloqué (litige/documents),102.0,55.3,True,405732
CRI-03088,2024-10-03,Terminal à Conteneurs,Denrées alimentaires,1,403,Transporteur F,Dakar (local),20.6,Jeudi,pluies,dédouané avant arrivée,57.1,67.5,False,341360
CRI-03089,2024-10-03,Môle 1,Hydrocarbures,1,388,Transporteur G,Ziguinchor,433.1,Jeudi,pluies,bloqué (litige/documents),120.7,62.4,True,717076
CRI-03090,2024-10-03,Môle 1,Matériaux de construction,1,438,Transporteur G,Kaédi (Mauritanie),464.7,Jeudi,pluies,dédouanement en cours,83.2,79.9,True,506668
CRI-03091,2024-10-03,Môle 8,Import général,2,352,Transporteur indépendant,Kaolack,193.4,Jeudi,pluies,dédouanement en cours,92.7,49.6,True,883621
CRI-03092,2024-10-03,Terminal à Conteneurs,Hydrocarbures,1,371,Transporteur indépendant,Dakar (local),19.8,Jeudi,pluies,dédouanement en cours,66.9,41.4,True,167457
CRI-03093,2024-10-03,Môle 3,Matériaux de construction,1,328,Transporteur E,Touba,181.6,Jeudi,pluies,dédouanement en cours,92.9,63.9,True,551135
CRI-03094,2024-10-03,Terminal à Conteneurs,Équipements industriels,1,395,Transporteur A,Ziguinchor,439.2,Jeudi,pluies,dédouanement en cours,62.1,65.9,True,254770
CRI-03095,2024-10-03,Terminal à Conteneurs,Matériaux de construction,2,408,Transporteur C,Touba,186.7,Jeudi,pluies,dédouanement en cours,55.4,32.9,True,176619
CRI-03096,2024-10-03,Terminal à Conteneurs,Denrées alimentaires,4,372,Transporteur B,Dakar (local),19.8,Jeudi,pluies,dédouané avant arrivée,37.2,44.6,False,242733
CRI-03097,2024-10-04,Terminal Roulier,Denrées alimentaires,3,323,Transporteur indépendant,Dakar (local),20.3,Vendredi,pluies,bloqué (litige/documents),100.7,25.6,False,956844
CRI-03098,2024-10-04,Terminal à Conteneurs,Matériaux de construction,1,361,Transporteur D,Tambacounda,462.2,Vendredi,pluies,dédouanement en cours,58.2,47.4,True,157802
CRI-03099,2024-10-04,Môle 1,Denrées alimentaires,3,348,Transporteur B,Dakar (local),19.8,Vendredi,pluies,dédouané avant arrivée,47.2,43.4,False,389341
CRI-03100,2024-10-04,Môle 8,Import général,1,429,Transporteur G,Bamako (Mali),1162.7,Vendredi,pluies,bloqué (litige/documents),177.8,70.5,True,987866
CRI-03101,2024-10-04,Môle 1,Import général,1,409,Transporteur D,Kaolack,192.2,Vendredi,pluies,dédouané avant arrivée,49.6,33.4,True,61360
CRI-03102,2024-10-04,Terminal à Conteneurs,Denrées alimentaires,1,368,Transporteur indépendant,Bamako (Mali),1151.3,Vendredi,pluies,dédouané avant arrivée,41.3,42.2,True,79030
CRI-03103,2024-10-04,Môle 8,Matériaux de construction,1,297,Transporteur indépendant,Ziguinchor,468.1,Vendredi,pluies,dédouané avant arrivée,34.5,50.0,True,70809
CRI-03104,2024-10-04,Môle 1,Import général,1,361,Transporteur G,Dakar (local),19.9,Vendredi,pluies,dédouanement en cours,115.5,46.7,False,548082
CRI-03105,2024-10-04,Môle 8,Biens de consommation,1,389,Transporteur B,Thiès,71.1,Vendredi,pluies,dédouané avant arrivée,67.6,43.7,False,207722
CRI-03106,2024-10-04,Môle 3,Import général,1,386,Transporteur D,Bamako (Mali),1239.7,Vendredi,pluies,dédouané avant arrivée,54.1,64.7,True,308558
CRI-03107,2024-10-04,Terminal Roulier,Matériaux de construction,2,354,Transporteur D,Kayes (Mali),988.5,Vendredi,pluies,dédouané avant arrivée,103.4,27.3,True,703699
CRI-03108,2024-10-05,Môle 1,Denrées alimentaires,4,334,Transporteur A,Dakar (local),19.3,Samedi,pluies,bloqué (litige/documents),102.0,41.9,False,1712775
CRI-03109,2024-10-05,Terminal à Conteneurs,Denrées alimentaires,2,308,Transporteur F,Touba,187.4,Samedi,pluies,dédouanement en cours,53.3,36.6,False,202977
CRI-03110,2024-10-05,Môle 3,Denrées alimentaires,2,424,Transporteur D,Kaolack,196.7,Samedi,pluies,dédouané avant arrivée,111.4,37.8,True,977091
CRI-03111,2024-10-05,Môle 3,Denrées alimentaires,1,426,Transporteur indépendant,Kaolack,191.2,Samedi,pluies,dédouanement en cours,137.6,52.9,True,605375
CRI-03112,2024-10-05,Môle 1,Import général,4,354,Transporteur indépendant,Bamako (Mali),1161.3,Samedi,pluies,dédouané avant arrivée,51.6,40.3,True,469192
CRI-03113,2024-10-05,Môle 1,Hydrocarbures,1,317,Transporteur A,Thiès,69.4,Samedi,pluies,dédouané avant arrivée,49.5,40.0,False,96697
CRI-03114,2024-10-05,Môle 1,Import général,1,389,Transporteur F,Kaolack,191.5,Samedi,pluies,dédouanement en cours,63.6,48.5,True,237808
CRI-03115,2024-10-05,Terminal Roulier,Denrées alimentaires,1,346,Transporteur F,Kayes (Mali),934.3,Samedi,pluies,dédouanement en cours,90.7,42.5,True,355786
CRI-03116,2024-10-05,Terminal à Conteneurs,Import général,1,346,Transporteur D,Bamako (Mali),1231.8,Samedi,pluies,dédouanement en cours,73.6,50.3,True,332494
CRI-03117,2024-10-05,Môle 8,Matériaux de construction,2,390,Transporteur G,Thiès,70.2,Samedi,pluies,bloqué (litige/documents),190.0,71.6,False,2611179
CRI-03118,2024-10-05,Terminal à Conteneurs,Import général,2,402,Transporteur indépendant,Tambacounda,461.0,Samedi,pluies,dédouanement en cours,75.2,34.6,True,461775
CRI-03119,2024-10-05,Terminal à Conteneurs,Import général,1,385,Transporteur A,Dakar (local),20.1,Samedi,pluies,dédouanement en cours,53.2,94.4,False,351169
CRI-03120,2024-10-06,Terminal à Conteneurs,Denrées alimentaires,1,265,Transporteur C,Dakar (local),21.0,Dimanche,pluies,dédouanement en cours,88.1,28.9,False,284322
CRI-03121,2024-10-06,Môle 1,Matériaux de construction,2,271,Transporteur D,Dakar (local),20.0,Dimanche,pluies,dédouanement en cours,88.9,21.4,False,393609
CRI-03122,2024-10-06,Môle 1,Biens de consommation,1,249,Transporteur D,Bamako (Mali),1262.6,Dimanche,pluies,dédouané avant arrivée,52.0,42.1,True,120846
CRI-03123,2024-10-06,Terminal à Conteneurs,Denrées alimentaires,1,266,Transporteur A,Kaédi (Mauritanie),479.1,Dimanche,pluies,dédouanement en cours,75.0,49.1,False,278431
CRI-03124,2024-10-06,Môle 1,Hydrocarbures,2,303,Transporteur B,Dakar (local),18.7,Dimanche,pluies,bloqué (litige/documents),100.9,37.3,False,722682
CRI-03125,2024-10-06,Terminal à Conteneurs,Import général,2,267,Transporteur B,Tambacounda,490.4,Dimanche,pluies,dédouané avant arrivée,34.5,29.0,False,0
CRI-03126,2024-10-06,Môle 3,Matériaux de construction,2,232,Transporteur E,Dakar (local),20.1,Dimanche,pluies,dédouané avant arrivée,66.3,19.8,False,189790
CRI-03127,2024-10-06,Terminal à Conteneurs,Biens de consommation,3,258,Transporteur A,Bamako (Mali),1175.7,Dimanche,pluies,dédouanement en cours,28.6,38.2,True,0
CRI-03128,2024-10-06,Terminal Roulier,Import général,1,207,Transporteur F,Bamako (Mali),1230.9,Dimanche,pluies,dédouané avant arrivée,45.6,24.9,False,0
CRI-03129,2024-10-06,Terminal à Conteneurs,Denrées alimentaires,1,289,Transporteur C,Bamako (Mali),1208.6,Dimanche,pluies,dédouanement en cours,87.3,50.6,True,351761
CRI-03130,2024-10-07,Terminal à Conteneurs,Denrées alimentaires,1,477,Transporteur G,Thiès,69.5,Lundi,pluies,dédouanement en cours,84.7,78.4,True,499808
CRI-03131,2024-10-07,Môle 1,Denrées alimentaires,1,363,Transporteur indépendant,Bamako (Mali),1257.0,Lundi,pluies,dédouané avant arrivée,56.6,85.9,True,424985
CRI-03132,2024-10-07,Terminal à Conteneurs,Hydrocarbures,1,385,Transporteur G,Bamako (Mali),1188.5,Lundi,pluies,bloqué (litige/documents),86.6,76.2,True,453051
CRI-03133,2024-10-07,Môle 3,Équipements industriels,2,426,Transporteur F,Thiès,69.0,Lundi,pluies,dédouanement en cours,79.7,20.9,False,309588
CRI-03134,2024-10-07,Môle 1,Import général,2,398,Transporteur C,Kayes (Mali),962.2,Lundi,pluies,dédouanement en cours,97.0,33.0,True,618680
CRI-03135,2024-10-07,Terminal à Conteneurs,Équipements industriels,1,442,Transporteur A,Tambacounda,475.5,Lundi,pluies,bloqué (litige/documents),126.5,47.8,True,641597
CRI-03136,2024-10-07,Môle 8,Hydrocarbures,1,467,Transporteur G,Touba,189.2,Lundi,pluies,dédouané avant arrivée,68.1,69.3,True,355602
CRI-03137,2024-10-07,Môle 3,Denrées alimentaires,1,362,Transporteur C,Dakar (local),19.0,Lundi,pluies,dédouanement en cours,66.4,67.9,False,410372
CRI-03138,2024-10-07,Terminal à Conteneurs,Matériaux de construction,2,411,Transporteur D,Thiès,68.0,Lundi,pluies,dédouanement en cours,36.9,27.3,True,0
CRI-03139,2024-10-07,Môle 3,Biens de consommation,1,341,Transporteur indépendant,Thiès,69.8,Lundi,pluies,bloqué (litige/documents),104.8,32.3,True,377692
CRI-03140,2024-10-07,Môle 8,Import général,1,308,Transporteur D,Kaolack,198.5,Lundi,pluies,dédouané avant arrivée,64.8,23.8,False,115021
CRI-03141,2024-10-07,Terminal Roulier,Import général,2,362,Transporteur A,Bamako (Mali),1231.4,Lundi,pluies,dédouané avant arrivée,104.0,77.5,True,1127457
CRI-03142,2024-10-07,Terminal Roulier,Équipements industriels,1,467,Transporteur G,Bamako (Mali),1239.4,Lundi,pluies,dédouanement en cours,69.3,58.3,True,290782
CRI-03143,2024-10-08,Terminal à Conteneurs,Import général,2,457,Transporteur C,Kaédi (Mauritanie),453.4,Mardi,pluies,dédouanement en cours,128.2,64.5,True,1135131
CRI-03144,2024-10-08,Terminal à Conteneurs,Hydrocarbures,2,348,Transporteur D,Dakar (local),21.1,Mardi,pluies,dédouané avant arrivée,44.1,56.4,True,351796
CRI-03145,2024-10-08,Môle 1,Biens de consommation,1,464,Transporteur B,Dakar (local),19.8,Mardi,pluies,dédouané avant arrivée,55.6,85.8,True,418304
CRI-03146,2024-10-08,Môle 1,Denrées alimentaires,3,457,Transporteur F,Kaédi (Mauritanie),488.8,Mardi,pluies,dédouané avant arrivée,108.3,47.4,True,1389418
CRI-03147,2024-10-08,Terminal Roulier,Import général,2,473,Transporteur C,Kaédi (Mauritanie),452.4,Mardi,pluies,dédouanement en cours,91.4,64.1,True,1092568
CRI-03148,2024-10-08,Môle 8,Denrées alimentaires,2,474,Transporteur indépendant,Dakar (local),19.2,Mardi,pluies,bloqué (litige/documents),215.4,38.3,False,2041724
CRI-03149,2024-10-08,Terminal à Conteneurs,Matériaux de construction,1,495,Transporteur D,Bamako (Mali),1200.5,Mardi,pluies,bloqué (litige/documents),97.4,60.0,True,465367
CRI-03150,2024-10-08,Terminal à Conteneurs,Import général,1,344,Transporteur B,Dakar (local),19.5,Mardi,pluies,bloqué (litige/documents),112.1,36.3,False,470406
CRI-03151,2024-10-08,Môle 8,Matériaux de construction,1,380,Transporteur D,Kayes (Mali),943.9,Mardi,pluies,dédouanement en cours,91.2,53.2,True,448487
CRI-03152,2024-10-08,Terminal à Conteneurs,Biens de consommation,2,480,Transporteur B,Ziguinchor,448.8,Mardi,pluies,dédouanement en cours,108.3,44.9,True,827551
CRI-03153,2024-10-08,Terminal Roulier,Biens de consommation,1,502,Transporteur indépendant,Bamako (Mali),1224.1,Mardi,pluies,dédouanement en cours,124.5,76.7,True,799305
CRI-03154,2024-10-08,Terminal à Conteneurs,Biens de consommation,2,433,Transporteur D,Touba,185.3,Mardi,pluies,dédouané avant arrivée,83.6,41.3,True,590374
CRI-03155,2024-10-08,Terminal Roulier,Import général,2,438,Transporteur G,Dakar (local),20.0,Mardi,pluies,dédouanement en cours,118.3,60.6,True,1233879
CRI-03156,2024-10-08,Terminal à Conteneurs,Biens de consommation,2,430,Transporteur C,Kayes (Mali),972.8,Mardi,pluies,dédouanement en cours,88.5,39.8,True,582339
CRI-03157,2024-10-08,Môle 8,Import général,1,363,Transporteur D,Dakar (local),21.1,Mardi,pluies,dédouané avant arrivée,62.5,41.4,False,184739
CRI-03158,2024-10-08,Môle 3,Import général,1,434,Transporteur D,Ziguinchor,453.2,Mardi,pluies,dédouanement en cours,100.3,59.4,True,410236
CRI-03159,2024-10-08,Môle 8,Équipements industriels,3,472,Transporteur B,Touba,196.2,Mardi,pluies,dédouané avant arrivée,71.5,72.5,True,1211129
CRI-03160,2024-10-08,Môle 8,Import général,2,414,Transporteur G,Kayes (Mali),963.0,Mardi,pluies,dédouanement en cours,78.3,55.3,True,813946
CRI-03161,2024-10-08,Terminal à Conteneurs,Équipements industriels,2,406,Transporteur B,Dakar (local),20.2,Mardi,pluies,bloqué (litige/documents),140.2,42.7,False,1241839
CRI-03162,2024-10-08,Terminal à Conteneurs,Biens de consommation,1,353,Transporteur B,Kayes (Mali),973.9,Mardi,pluies,dédouanement en cours,96.0,47.9,False,501527
CRI-03163,2024-10-09,Terminal à Conteneurs,Biens de consommation,1,403,Transporteur C,Bamako (Mali),1175.0,Mercredi,pluies,dédouanement en cours,49.9,70.5,True,256945
CRI-03164,2024-10-09,Môle 3,Import général,4,361,Transporteur indépendant,Bamako (Mali),1228.9,Mercredi,pluies,dédouanement en cours,72.1,35.4,True,993831
CRI-03165,2024-10-09,Terminal à Conteneurs,Denrées alimentaires,1,442,Transporteur E,Kayes (Mali),912.0,Mercredi,pluies,dédouané avant arrivée,44.8,53.0,True,162857
CRI-03166,2024-10-09,Môle 8,Import général,1,288,Transporteur E,Thiès,72.4,Mercredi,pluies,dédouané avant arrivée,40.8,39.1,False,37318
CRI-03167,2024-10-09,Terminal à Conteneurs,Denrées alimentaires,2,299,Transporteur E,Thiès,70.0,Mercredi,pluies,dédouané avant arrivée,57.9,32.9,False,238261
CRI-03168,2024-10-09,Môle 8,Matériaux de construction,2,406,Transporteur C,Bamako (Mali),1185.4,Mercredi,pluies,dédouané avant arrivée,68.8,44.8,True,384376
CRI-03169,2024-10-09,Môle 3,Import général,1,407,Transporteur B,Tambacounda,473.9,Mercredi,pluies,dédouané avant arrivée,48.1,65.2,True,282015
CRI-03170,2024-10-09,Môle 1,Équipements industriels,1,388,Transporteur A,Dakar (local),20.0,Mercredi,pluies,bloqué (litige/documents),113.5,24.6,False,449663
CRI-03171,2024-10-09,Terminal à Conteneurs,Matériaux de construction,3,394,Transporteur C,Bamako (Mali),1230.2,Mercredi,pluies,dédouanement en cours,101.3,66.8,True,1652454
CRI-03172,2024-10-09,Terminal Roulier,Denrées alimentaires,2,308,Transporteur G,Bamako (Mali),1234.0,Mercredi,pluies,dédouané avant arrivée,66.0,44.3,True,376607
CRI-03173,2024-10-09,Môle 3,Import général,3,388,Transporteur G,Thiès,68.0,Mercredi,pluies,bloqué (litige/documents),119.1,39.2,True,1452914
CRI-03174,2024-10-09,Môle 8,Matériaux de construction,2,387,Transporteur D,Thiès,66.4,Mercredi,pluies,dédouanement en cours,111.3,71.2,False,1028336
CRI-03175,2024-10-10,Môle 1,Hydrocarbures,2,411,Transporteur A,Dakar (local),19.8,Jeudi,pluies,dédouanement en cours,80.3,43.6,False,706405
CRI-03176,2024-10-10,Terminal à Conteneurs,Biens de consommation,2,327,Transporteur C,Thiès,70.4,Jeudi,pluies,dédouané avant arrivée,39.9,26.6,False,0
CRI-03177,2024-10-10,Môle 3,Biens de consommation,2,406,Transporteur D,Dakar (local),20.1,Jeudi,pluies,dédouanement en cours,89.8,56.6,False,937110
CRI-03178,2024-10-10,Môle 3,Import général,1,387,Transporteur D,Bamako (Mali),1261.9,Jeudi,pluies,dédouanement en cours,82.7,40.6,True,291662
CRI-03179,2024-10-10,Terminal Roulier,Import général,1,408,Transporteur A,Tambacounda,469.6,Jeudi,pluies,dédouané avant arrivée,87.9,105.2,True,730978
CRI-03180,2024-10-10,Môle 1,Équipements industriels,1,299,Transporteur A,Dakar (local),20.1,Jeudi,pluies,dédouanement en cours,35.0,53.9,False,95554
CRI-03181,2024-10-10,Terminal à Conteneurs,Import général,4,358,Transporteur C,Touba,194.0,Jeudi,pluies,bloqué (litige/documents),67.9,57.2,True,1185337
CRI-03182,2024-10-10,Terminal à Conteneurs,Denrées alimentaires,2,375,Transporteur indépendant,Kayes (Mali),974.1,Jeudi,pluies,dédouané avant arrivée,65.9,38.4,True,342979
CRI-03183,2024-10-10,Terminal à Conteneurs,Import général,2,319,Transporteur C,Tambacounda,457.9,Jeudi,pluies,dédouané avant arrivée,51.4,50.1,True,409899
CRI-03184,2024-10-10,Môle 3,Denrées alimentaires,1,348,Transporteur F,Thiès,74.6,Jeudi,pluies,dédouané avant arrivée,63.1,48.0,False,233427
CRI-03185,2024-10-10,Môle 1,Hydrocarbures,2,419,Transporteur D,Dakar (local),19.5,Jeudi,pluies,dédouané avant arrivée,91.5,63.4,False,1143837
CRI-03186,2024-10-10,Terminal Roulier,Matériaux de construction,4,369,Transporteur C,Dakar (local),20.3,Jeudi,pluies,dédouanement en cours,113.4,42.8,False,1722671
CRI-03187,2024-10-11,Terminal à Conteneurs,Hydrocarbures,1,391,Transporteur C,Dakar (local),19.6,Vendredi,pluies,dédouanement en cours,56.4,63.1,False,254383
CRI-03188,2024-10-11,Môle 3,Denrées alimentaires,3,400,Transporteur D,Kaédi (Mauritanie),490.1,Vendredi,pluies,dédouané avant arrivée,76.9,40.5,True,744900
CRI-03189,2024-10-11,Terminal à Conteneurs,Biens de consommation,1,401,Transporteur C,Touba,179.7,Vendredi,pluies,dédouané avant arrivée,49.9,93.7,True,369822
CRI-03190,2024-10-11,Môle 1,Biens de consommation,1,399,Transporteur G,Kaolack,186.6,Vendredi,pluies,dédouanement en cours,38.7,22.8,False,0
CRI-03191,2024-10-11,Môle 1,Import général,1,374,Transporteur G,Ziguinchor,460.0,Vendredi,pluies,dédouanement en cours,69.0,31.5,True,146850
CRI-03192,2024-10-11,Terminal à Conteneurs,Import général,1,360,Transporteur G,Thiès,69.6,Vendredi,pluies,dédouané avant arrivée,22.7,36.9,True,0
CRI-03193,2024-10-11,Môle 3,Matériaux de construction,1,393,Transporteur indépendant,Ziguinchor,456.5,Vendredi,pluies,dédouanement en cours,46.0,32.1,True,36534
CRI-03194,2024-10-11,Môle 3,Biens de consommation,1,386,Transporteur C,Dakar (local),20.2,Vendredi,pluies,dédouanement en cours,69.0,38.1,True,194465
CRI-03195,2024-10-11,Terminal Roulier,Hydrocarbures,2,402,Transporteur indépendant,Dakar (local),19.2,Vendredi,pluies,dédouanement en cours,66.3,48.7,True,413507
CRI-03196,2024-10-11,Terminal Roulier,Denrées alimentaires,1,394,Transporteur F,Kaolack,191.4,Vendredi,pluies,dédouané avant arrivée,92.8,49.2,True,327043
CRI-03197,2024-10-11,Terminal à Conteneurs,Import général,1,385,Transporteur G,Dakar (local),20.2,Vendredi,pluies,dédouanement en cours,95.8,51.3,False,416039
CRI-03198,2024-10-11,Môle 3,Matériaux de construction,2,316,Transporteur indépendant,Kayes (Mali),925.0,Vendredi,pluies,bloqué (litige/documents),77.1,34.2,True,466777
CRI-03199,2024-10-11,Terminal à Conteneurs,Hydrocarbures,3,398,Transporteur E,Dakar (local),20.5,Vendredi,pluies,dédouanement en cours,92.2,63.4,True,1237024
CRI-03200,2024-10-11,Môle 8,Import général,2,364,Transporteur B,Kaolack,191.0,Vendredi,pluies,dédouané avant arrivée,39.4,25.9,True,0
CRI-03201,2024-10-11,Terminal à Conteneurs,Matériaux de construction,1,348,Transporteur B,Dakar (local),19.3,Vendredi,pluies,dédouané avant arrivée,60.3,56.0,False,306902
CRI-03202,2024-10-11,Terminal à Conteneurs,Hydrocarbures,1,399,Transporteur indépendant,Thiès,67.9,Vendredi,pluies,dédouanement en cours,84.3,50.1,True,404897
CRI-03203,2024-10-11,Môle 8,Hydrocarbures,1,421,Transporteur D,Kaolack,188.8,Vendredi,pluies,dédouané avant arrivée,42.1,79.2,True,297812
CRI-03204,2024-10-12,Môle 1,Biens de consommation,2,307,Transporteur D,Bamako (Mali),1209.6,Samedi,pluies,dédouané avant arrivée,89.5,20.4,True,483533
CRI-03205,2024-10-12,Môle 1,Hydrocarbures,2,344,Transporteur G,Tambacounda,500.3,Samedi,pluies,dédouané avant arrivée,51.0,39.3,True,212471
CRI-03206,2024-10-12,Môle 1,Denrées alimentaires,1,294,Transporteur indépendant,Dakar (local),19.7,Samedi,pluies,dédouané avant arrivée,34.4,32.2,False,0
CRI-03207,2024-10-12,Môle 1,Biens de consommation,3,372,Transporteur indépendant,Ziguinchor,450.6,Samedi,pluies,dédouanement en cours,98.7,65.2,True,1469477
CRI-03208,2024-10-12,Terminal à Conteneurs,Import général,2,348,Transporteur F,Dakar (local),20.1,Samedi,pluies,dédouané avant arrivée,43.3,42.3,False,161805
CRI-03209,2024-10-12,Terminal à Conteneurs,Biens de consommation,4,274,Transporteur C,Thiès,69.2,Samedi,pluies,dédouanement en cours,76.1,28.2,False,698754
CRI-03210,2024-10-12,Môle 8,Denrées alimentaires,1,419,Transporteur C,Kayes (Mali),906.8,Samedi,pluies,dédouané avant arrivée,56.6,80.3,True,356499
CRI-03211,2024-10-12,Terminal à Conteneurs,Import général,2,438,Transporteur A,Touba,196.3,Samedi,pluies,dédouanement en cours,53.6,42.9,False,333030
CRI-03212,2024-10-12,Terminal Roulier,Matériaux de construction,1,465,Transporteur E,Tambacounda,485.0,Samedi,pluies,bloqué (litige/documents),87.3,41.9,True,319085
CRI-03213,2024-10-12,Môle 1,Import général,1,352,Transporteur F,Bamako (Mali),1253.9,Samedi,pluies,dédouané avant arrivée,57.1,68.1,True,328272
CRI-03214,2024-10-13,Môle 3,Biens de consommation,1,211,Transporteur F,Dakar (local),21.1,Dimanche,pluies,dédouanement en cours,73.8,33.3,False,216266
CRI-03215,2024-10-13,Môle 8,Denrées alimentaires,1,290,Transporteur F,Dakar (local),20.7,Dimanche,pluies,dédouané avant arrivée,47.5,16.7,False,0
CRI-03216,2024-10-13,Môle 1,Import général,1,244,Transporteur D,Bamako (Mali),1219.0,Dimanche,pluies,dédouané avant arrivée,39.2,33.0,True,1229
CRI-03217,2024-10-13,Terminal à Conteneurs,Matériaux de construction,3,250,Transporteur E,Bamako (Mali),1174.5,Dimanche,pluies,dédouané avant arrivée,54.6,36.2,True,309654
CRI-03218,2024-10-13,Môle 1,Équipements industriels,1,291,Transporteur E,Bamako (Mali),1258.5,Dimanche,pluies,dédouané avant arrivée,43.9,46.5,True,122268
CRI-03219,2024-10-13,Terminal Roulier,Biens de consommation,2,298,Transporteur A,Touba,177.2,Dimanche,pluies,dédouanement en cours,51.1,26.2,False,65931
CRI-03220,2024-10-13,Terminal Roulier,Matériaux de construction,1,219,Transporteur D,Tambacounda,461.6,Dimanche,pluies,dédouané avant arrivée,46.4,28.6,False,16436
CRI-03221,2024-10-13,Terminal à Conteneurs,Denrées alimentaires,1,293,Transporteur C,Bamako (Mali),1242.5,Dimanche,pluies,dédouané avant arrivée,65.0,15.9,True,60670
CRI-03222,2024-10-13,Môle 8,Biens de consommation,1,256,Transporteur D,Dakar (local),19.5,Dimanche,pluies,bloqué (litige/documents),118.5,47.9,False,590951
CRI-03223,2024-10-13,Terminal à Conteneurs,Biens de consommation,3,274,Transporteur B,Kaolack,189.5,Dimanche,pluies,dédouané avant arrivée,60.6,21.7,False,204976
CRI-03224,2024-10-13,Môle 3,Biens de consommation,3,245,Transporteur B,Thiès,68.7,Dimanche,pluies,bloqué (litige/documents),122.5,22.5,True,1339290
CRI-03225,2024-10-13,Terminal à Conteneurs,Hydrocarbures,3,331,Transporteur indépendant,Dakar (local),19.6,Dimanche,pluies,dédouané avant arrivée,95.8,35.0,False,875582
CRI-03226,2024-10-13,Môle 1,Import général,1,271,Transporteur B,Tambacounda,461.0,Dimanche,pluies,dédouanement en cours,48.2,44.6,False,137669
CRI-03227,2024-10-13,Terminal à Conteneurs,Import général,2,274,Transporteur F,Bamako (Mali),1158.1,Dimanche,pluies,dédouané avant arrivée,25.8,42.3,True,0
CRI-03228,2024-10-13,Môle 1,Biens de consommation,2,214,Transporteur E,Bamako (Mali),1184.8,Dimanche,pluies,dédouanement en cours,57.0,24.5,True,95210
CRI-03229,2024-10-13,Môle 1,Import général,1,312,Transporteur indépendant,Bamako (Mali),1247.2,Dimanche,pluies,bloqué (litige/documents),121.2,35.9,True,549330
CRI-03230,2024-10-13,Môle 1,Hydrocarbures,1,296,Transporteur E,Kaolack,193.5,Dimanche,pluies,dédouané avant arrivée,48.2,17.8,True,0
CRI-03231,2024-10-14,Terminal Roulier,Biens de consommation,4,390,Transporteur D,Bamako (Mali),1202.0,Lundi,pluies,dédouané avant arrivée,66.1,23.8,True,416684
CRI-03232,2024-10-14,Môle 8,Denrées alimentaires,1,430,Transporteur B,Thiès,70.1,Lundi,pluies,dédouané avant arrivée,78.0,38.1,False,286616
CRI-03233,2024-10-14,Môle 8,Denrées alimentaires,1,453,Transporteur indépendant,Bamako (Mali),1267.9,Lundi,pluies,dédouané avant arrivée,63.2,51.8,True,207962
CRI-03234,2024-10-14,Terminal à Conteneurs,Hydrocarbures,2,414,Transporteur G,Kaolack,182.7,Lundi,pluies,dédouanement en cours,104.9,34.0,True,670240
CRI-03235,2024-10-14,Môle 1,Denrées alimentaires,1,385,Transporteur indépendant,Thiès,69.6,Lundi,pluies,dédouanement en cours,96.4,90.2,True,728150
CRI-03236,2024-10-14,Terminal à Conteneurs,Hydrocarbures,2,432,Transporteur G,Ziguinchor,436.9,Lundi,pluies,bloqué (litige/documents),133.1,59.1,True,1432173
CRI-03237,2024-10-14,Terminal Roulier,Matériaux de construction,1,413,Transporteur D,Ziguinchor,464.1,Lundi,pluies,dédouané avant arrivée,65.8,42.2,True,191646
CRI-03238,2024-10-14,Terminal à Conteneurs,Denrées alimentaires,2,457,Transporteur D,Ziguinchor,441.0,Lundi,pluies,dédouané avant arrivée,74.3,90.3,True,1102081
CRI-03239,2024-10-14,Terminal à Conteneurs,Matériaux de construction,1,574,Transporteur E,Kaolack,192.0,Lundi,pluies,dédouanement en cours,112.9,84.9,True,746957
CRI-03240,2024-10-14,Terminal Roulier,Matériaux de construction,2,450,Transporteur F,Bamako (Mali),1267.7,Lundi,pluies,bloqué (litige/documents),97.4,52.5,True,815923
CRI-03241,2024-10-14,Terminal à Conteneurs,Import général,2,388,Transporteur C,Bamako (Mali),1189.8,Lundi,pluies,dédouanement en cours,64.5,35.9,True,287520
CRI-03242,2024-10-14,Môle 1,Matériaux de construction,4,357,Transporteur G,Bamako (Mali),1208.5,Lundi,pluies,dédouané avant arrivée,47.7,37.9,True,278816
CRI-03243,2024-10-14,Môle 3,Équipements industriels,1,446,Transporteur D,Touba,187.6,Lundi,pluies,dédouané avant arrivée,65.5,46.8,False,195339
CRI-03244,2024-10-14,Môle 3,Matériaux de construction,1,449,Transporteur E,Dakar (local),19.8,Lundi,pluies,dédouanement en cours,157.4,46.7,True,776120
CRI-03245,2024-10-14,Môle 8,Import général,2,450,Transporteur G,Dakar (local),19.6,Lundi,pluies,dédouanement en cours,95.4,74.7,False,1223418
CRI-03246,2024-10-14,Terminal Roulier,Import général,2,389,Transporteur C,Dakar (local),20.5,Lundi,pluies,dédouanement en cours,48.3,52.4,False,282131
CRI-03247,2024-10-14,Môle 3,Import général,2,380,Transporteur D,Bamako (Mali),1204.5,Lundi,pluies,dédouané avant arrivée,44.4,61.0,True,303142
CRI-03248,2024-10-15,Môle 1,Équipements industriels,2,395,Transporteur E,Tambacounda,486.8,Mardi,pluies,dédouané avant arrivée,61.1,62.5,True,532819
CRI-03249,2024-10-15,Môle 8,Import général,2,459,Transporteur indépendant,Kayes (Mali),936.1,Mardi,pluies,dédouanement en cours,123.4,59.1,True,1452504
CRI-03250,2024-10-15,Terminal à Conteneurs,Équipements industriels,1,423,Transporteur B,Dakar (local),20.5,Mardi,pluies,dédouané avant arrivée,39.7,63.0,True,157580
CRI-03251,2024-10-15,Terminal à Conteneurs,Biens de consommation,1,446,Transporteur B,Tambacounda,483.7,Mardi,pluies,dédouané avant arrivée,78.3,58.7,True,389383
CRI-03252,2024-10-15,Môle 8,Matériaux de construction,1,455,Transporteur B,Thiès,70.4,Mardi,pluies,dédouanement en cours,110.0,42.2,False,549157
CRI-03253,2024-10-15,Terminal à Conteneurs,Denrées alimentaires,2,473,Transporteur E,Kaédi (Mauritanie),479.0,Mardi,pluies,bloqué (litige/documents),131.1,53.4,True,1066537
CRI-03254,2024-10-15,Terminal à Conteneurs,Biens de consommation,1,402,Transporteur A,Kaolack,187.2,Mardi,pluies,dédouanement en cours,62.4,38.6,False,194909
CRI-03255,2024-10-15,Môle 8,Import général,1,357,Transporteur E,Tambacounda,505.4,Mardi,pluies,dédouanement en cours,27.8,35.0,True,0
CRI-03256,2024-10-15,Terminal à Conteneurs,Matériaux de construction,1,422,Transporteur indépendant,Dakar (local),19.8,Mardi,pluies,dédouané avant arrivée,64.5,33.2,True,159776
CRI-03257,2024-10-15,Môle 8,Matériaux de construction,1,413,Transporteur G,Bamako (Mali),1213.3,Mardi,pluies,dédouané avant arrivée,56.6,58.1,True,245322
CRI-03258,2024-10-15,Terminal à Conteneurs,Import général,4,397,Transporteur C,Kaolack,190.5,Mardi,pluies,dédouané avant arrivée,65.3,42.6,True,792893
CRI-03259,2024-10-15,Terminal Roulier,Import général,1,433,Transporteur G,Bamako (Mali),1239.1,Mardi,pluies,dédouané avant arrivée,48.0,52.9,True,134170
CRI-03260,2024-10-16,Terminal à Conteneurs,Équipements industriels,2,377,Transporteur E,Dakar (local),20.1,Mercredi,pluies,dédouanement en cours,78.3,83.0,False,1201616
CRI-03261,2024-10-16,Môle 1,Hydrocarbures,1,408,Transporteur D,Thiès,73.7,Mercredi,pluies,dédouané avant arrivée,43.5,61.2,False,159614
CRI-03262,2024-10-16,Terminal à Conteneurs,Denrées alimentaires,1,395,Transporteur B,Bamako (Mali),1279.9,Mercredi,pluies,dédouanement en cours,84.8,63.6,True,431501
CRI-03263,2024-10-16,Terminal à Conteneurs,Biens de consommation,1,276,Transporteur A,Bamako (Mali),1169.0,Mercredi,pluies,dédouanement en cours,40.8,30.0,True,0
CRI-03264,2024-10-16,Terminal à Conteneurs,Denrées alimentaires,1,356,Transporteur D,Kaédi (Mauritanie),453.0,Mercredi,pluies,dédouané avant arrivée,42.9,45.9,True,116698
CRI-03265,2024-10-16,Môle 8,Denrées alimentaires,2,341,Transporteur F,Tambacounda,478.0,Mercredi,pluies,dédouané avant arrivée,46.2,28.9,False,38243
CRI-03266,2024-10-16,Terminal à Conteneurs,Import général,3,356,Transporteur indépendant,Touba,189.0,Mercredi,pluies,dédouané avant arrivée,73.9,42.0,False,704834
CRI-03267,2024-10-16,Terminal Roulier,Denrées alimentaires,1,427,Transporteur C,Dakar (local),19.3,Mercredi,pluies,dédouanement en cours,140.3,70.9,True,885712
CRI-03268,2024-10-17,Terminal à Conteneurs,Matériaux de construction,2,411,Transporteur A,Dakar (local),19.5,Jeudi,pluies,dédouané avant arrivée,43.4,61.5,False,396452
CRI-03269,2024-10-17,Terminal à Conteneurs,Import général,3,363,Transporteur C,Kayes (Mali),917.3,Jeudi,pluies,bloqué (litige/documents),66.4,83.9,True,1527810
CRI-03270,2024-10-17,Môle 8,Équipements industriels,2,358,Transporteur D,Tambacounda,459.8,Jeudi,pluies,bloqué (litige/documents),56.8,48.3,True,364398
CRI-03271,2024-10-17,Môle 1,Import général,2,408,Transporteur A,Dakar (local),20.5,Jeudi,pluies,dédouané avant arrivée,63.2,47.0,False,417710
CRI-03272,2024-10-17,Môle 3,Matériaux de construction,1,369,Transporteur indépendant,Bamako (Mali),1171.2,Jeudi,pluies,dédouané avant arrivée,63.9,26.5,True,127001
CRI-03273,2024-10-17,Môle 1,Hydrocarbures,1,380,Transporteur indépendant,Tambacounda,476.9,Jeudi,pluies,dédouané avant arrivée,63.0,53.2,True,266954
CRI-03274,2024-10-17,Terminal à Conteneurs,Hydrocarbures,1,450,Transporteur D,Dakar (local),19.3,Jeudi,pluies,dédouanement en cours,77.3,68.7,True,463311
CRI-03275,2024-10-17,Môle 3,Import général,2,391,Transporteur A,Ziguinchor,445.3,Jeudi,pluies,dédouané avant arrivée,60.3,89.9,True,783748
CRI-03276,2024-10-17,Terminal à Conteneurs,Biens de consommation,3,343,Transporteur A,Dakar (local),19.9,Jeudi,pluies,dédouané avant arrivée,28.3,39.5,False,0
CRI-03277,2024-10-17,Terminal à Conteneurs,Import général,1,391,Transporteur F,Tambacounda,468.3,Jeudi,pluies,dédouané avant arrivée,49.0,35.8,True,76146
CRI-03278,2024-10-17,Terminal à Conteneurs,Matériaux de construction,3,393,Transporteur F,Bamako (Mali),1218.3,Jeudi,pluies,dédouanement en cours,58.1,45.7,True,468343
CRI-03279,2024-10-17,Môle 1,Matériaux de construction,2,455,Transporteur D,Bamako (Mali),1244.1,Jeudi,pluies,dédouané avant arrivée,56.4,52.6,True,358075
CRI-03280,2024-10-17,Môle 8,Matériaux de construction,1,340,Transporteur F,Tambacounda,451.0,Jeudi,pluies,bloqué (litige/documents),122.7,44.8,False,599823
CRI-03281,2024-10-17,Terminal à Conteneurs,Denrées alimentaires,1,420,Transporteur C,Touba,185.9,Jeudi,pluies,dédouané avant arrivée,92.3,39.0,True,273749
CRI-03282,2024-10-17,Môle 8,Équipements industriels,4,393,Transporteur D,Kaédi (Mauritanie),470.5,Jeudi,pluies,dédouanement en cours,72.6,45.5,True,920599
CRI-03283,2024-10-18,Terminal Roulier,Denrées alimentaires,1,349,Transporteur C,Kaolack,189.9,Vendredi,pluies,dédouané avant arrivée,53.1,31.4,True,58132
CRI-03284,2024-10-18,Môle 1,Denrées alimentaires,1,335,Transporteur indépendant,Dakar (local),20.4,Vendredi,pluies,dédouané avant arrivée,106.7,42.9,False,362344
CRI-03285,2024-10-18,Môle 1,Import général,1,357,Transporteur E,Ziguinchor,454.8,Vendredi,pluies,bloqué (litige/documents),95.3,28.7,True,340277
CRI-03286,2024-10-18,Terminal à Conteneurs,Matériaux de construction,2,333,Transporteur F,Kaolack,187.9,Vendredi,pluies,dédouané avant arrivée,88.1,55.5,True,805003
CRI-03287,2024-10-18,Terminal à Conteneurs,Denrées alimentaires,2,405,Transporteur A,Ziguinchor,437.4,Vendredi,pluies,dédouané avant arrivée,75.3,45.1,False,618885
CRI-03288,2024-10-18,Môle 1,Import général,1,342,Transporteur indépendant,Kaolack,181.6,Vendredi,pluies,dédouanement en cours,60.3,40.6,True,159618
CRI-03289,2024-10-18,Terminal à Conteneurs,Matériaux de construction,1,400,Transporteur F,Bamako (Mali),1266.8,Vendredi,pluies,dédouané avant arrivée,53.2,36.5,True,88013
CRI-03290,2024-10-18,Môle 3,Biens de consommation,1,335,Transporteur B,Dakar (local),19.1,Vendredi,pluies,dédouané avant arrivée,34.1,54.9,False,107752
CRI-03291,2024-10-18,Terminal à Conteneurs,Import général,2,400,Transporteur C,Kaolack,193.5,Vendredi,pluies,dédouané avant arrivée,72.0,28.2,True,340391
CRI-03292,2024-10-18,Terminal à Conteneurs,Import général,2,332,Transporteur D,Bamako (Mali),1194.0,Vendredi,pluies,dédouané avant arrivée,100.6,44.1,True,760373
CRI-03293,2024-10-18,Môle 8,Denrées alimentaires,1,305,Transporteur G,Dakar (local),19.6,Vendredi,pluies,bloqué (litige/documents),85.8,76.8,False,504849
CRI-03294,2024-10-18,Terminal à Conteneurs,Denrées alimentaires,1,481,Transporteur indépendant,Kaolack,197.4,Vendredi,pluies,bloqué (litige/documents),150.6,130.4,True,1415399
CRI-03295,2024-10-18,Môle 8,Import général,3,340,Transporteur C,Bamako (Mali),1191.3,Vendredi,pluies,dédouané avant arrivée,49.8,49.3,True,498797
CRI-03296,2024-10-19,Môle 8,Hydrocarbures,1,329,Transporteur A,Kaolack,188.7,Samedi,pluies,bloqué (litige/documents),157.4,65.0,False,838689
CRI-03297,2024-10-19,Môle 3,Biens de consommation,3,344,Transporteur C,Touba,194.2,Samedi,pluies,dédouané avant arrivée,42.8,34.4,False,96127
CRI-03298,2024-10-19,Môle 3,Import général,1,289,Transporteur D,Kaédi (Mauritanie),458.7,Samedi,pluies,dédouanement en cours,71.2,50.2,False,332774
CRI-03299,2024-10-19,Môle 8,Denrées alimentaires,1,360,Transporteur D,Kayes (Mali),917.0,Samedi,pluies,dédouanement en cours,72.9,64.7,True,355029
CRI-03300,2024-10-19,Terminal Roulier,Import général,1,432,Transporteur C,Kaolack,188.6,Samedi,pluies,dédouané avant arrivée,51.8,33.9,True,94514
CRI-03301,2024-10-19,Terminal Roulier,Denrées alimentaires,1,271,Transporteur C,Dakar (local),19.3,Samedi,pluies,dédouanement en cours,52.8,38.4,False,93227
CRI-03302,2024-10-19,Terminal à Conteneurs,Import général,1,461,Transporteur E,Dakar (local),19.4,Samedi,pluies,dédouané avant arrivée,81.1,28.6,True,213572
CRI-03303,2024-10-19,Terminal à Conteneurs,Import général,2,414,Transporteur E,Bamako (Mali),1202.9,Samedi,pluies,dédouanement en cours,72.9,59.2,True,645360
CRI-03304,2024-10-19,Môle 1,Biens de consommation,2,356,Transporteur C,Kaédi (Mauritanie),453.0,Samedi,pluies,dédouanement en cours,64.1,20.8,True,121445
CRI-03305,2024-10-19,Terminal à Conteneurs,Hydrocarbures,1,384,Transporteur D,Dakar (local),20.2,Samedi,pluies,dédouanement en cours,107.5,35.6,False,435322
CRI-03306,2024-10-20,Môle 1,Biens de consommation,2,295,Transporteur B,Kaolack,192.1,Dimanche,pluies,dédouanement en cours,116.0,39.3,False,892437
CRI-03307,2024-10-20,Terminal à Conteneurs,Matériaux de construction,4,286,Transporteur E,Kayes (Mali),975.6,Dimanche,pluies,dédouanement en cours,58.4,26.4,True,314126
CRI-03308,2024-10-20,Môle 3,Matériaux de construction,1,295,Transporteur C,Dakar (local),20.5,Dimanche,pluies,dédouané avant arrivée,28.4,26.0,False,0
CRI-03309,2024-10-20,Terminal à Conteneurs,Import général,3,233,Transporteur E,Kaédi (Mauritanie),475.6,Dimanche,pluies,dédouané avant arrivée,56.4,25.3,False,188793
CRI-03310,2024-10-20,Môle 8,Import général,1,220,Transporteur indépendant,Bamako (Mali),1202.1,Dimanche,pluies,bloqué (litige/documents),82.4,41.1,True,258991
CRI-03311,2024-10-20,Terminal Roulier,Équipements industriels,1,240,Transporteur F,Bamako (Mali),1263.5,Dimanche,pluies,dédouané avant arrivée,40.0,25.5,True,0
CRI-03312,2024-10-20,Terminal à Conteneurs,Import général,1,296,Transporteur E,Dakar (local),19.7,Dimanche,pluies,dédouanement en cours,62.1,15.1,True,25512
CRI-03313,2024-10-20,Terminal Roulier,Denrées alimentaires,1,264,Transporteur E,Touba,190.9,Dimanche,pluies,dédouané avant arrivée,23.7,43.1,True,0
CRI-03314,2024-10-20,Terminal à Conteneurs,Import général,1,305,Transporteur B,Bamako (Mali),1211.4,Dimanche,pluies,dédouané avant arrivée,39.7,41.6,True,42650
CRI-03315,2024-10-20,Terminal à Conteneurs,Hydrocarbures,2,298,Transporteur indépendant,Dakar (local),20.0,Dimanche,pluies,dédouané avant arrivée,59.4,27.2,True,152132
CRI-03316,2024-10-20,Môle 3,Hydrocarbures,2,280,Transporteur E,Tambacounda,483.6,Dimanche,pluies,dédouanement en cours,48.1,48.1,False,325169
CRI-03317,2024-10-20,Môle 1,Matériaux de construction,1,256,Transporteur indépendant,Kayes (Mali),908.7,Dimanche,pluies,dédouanement en cours,120.2,59.6,True,573216
CRI-03318,2024-10-21,Môle 8,Matériaux de construction,1,377,Transporteur indépendant,Bamako (Mali),1290.6,Lundi,pluies,dédouané avant arrivée,47.3,38.9,True,85037
CRI-03319,2024-10-21,Môle 3,Hydrocarbures,1,427,Transporteur G,Touba,182.5,Lundi,pluies,dédouané avant arrivée,41.3,68.8,True,231415
CRI-03320,2024-10-21,Terminal Roulier,Denrées alimentaires,2,369,Transporteur A,Thiès,70.7,Lundi,pluies,dédouanement en cours,85.8,32.1,False,433390
CRI-03321,2024-10-21,Terminal Roulier,Import général,2,501,Transporteur D,Dakar (local),20.4,Lundi,pluies,bloqué (litige/documents),119.6,89.9,True,1474568
CRI-03322,2024-10-21,Môle 8,Import général,4,429,Transporteur C,Ziguinchor,457.0,Lundi,pluies,dédouanement en cours,114.0,65.2,True,2789398
CRI-03323,2024-10-21,Môle 8,Biens de consommation,2,475,Transporteur E,Tambacounda,472.2,Lundi,pluies,dédouané avant arrivée,90.1,51.5,True,700438
CRI-03324,2024-10-21,Terminal à Conteneurs,Denrées alimentaires,1,426,Transporteur indépendant,Dakar (local),20.4,Lundi,pluies,dédouanement en cours,128.4,54.2,True,707909
CRI-03325,2024-10-21,Môle 3,Hydrocarbures,3,466,Transporteur C,Tambacounda,473.4,Lundi,pluies,dédouanement en cours,98.6,66.9,True,1544494
CRI-03326,2024-10-21,Terminal à Conteneurs,Matériaux de construction,1,430,Transporteur G,Thiès,74.1,Lundi,pluies,dédouanement en cours,115.0,40.5,False,435206
CRI-03327,2024-10-21,Terminal Roulier,Denrées alimentaires,2,386,Transporteur F,Tambacounda,456.2,Lundi,pluies,dédouanement en cours,44.5,48.4,True,282955
CRI-03328,2024-10-21,Terminal à Conteneurs,Import général,3,370,Transporteur indépendant,Tambacounda,448.4,Lundi,pluies,dédouanement en cours,92.2,28.8,True,739808
CRI-03329,2024-10-21,Môle 3,Matériaux de construction,1,514,Transporteur F,Kayes (Mali),912.8,Lundi,pluies,dédouané avant arrivée,109.5,63.2,True,661358
CRI-03330,2024-10-21,Terminal à Conteneurs,Matériaux de construction,3,419,Transporteur indépendant,Kaédi (Mauritanie),473.3,Lundi,pluies,dédouanement en cours,70.2,43.8,True,844813
CRI-03331,2024-10-22,Môle 1,Import général,1,302,Transporteur E,Kaolack,181.3,Mardi,pluies,dédouané avant arrivée,37.4,53.5,True,115315
CRI-03332,2024-10-22,Terminal à Conteneurs,Biens de consommation,1,362,Transporteur D,Kaolack,189.5,Mardi,pluies,dédouané avant arrivée,82.2,42.9,True,268807
CRI-03333,2024-10-22,Môle 3,Biens de consommation,2,485,Transporteur F,Tambacounda,467.5,Mardi,pluies,dédouané avant arrivée,79.3,42.5,True,536227
CRI-03334,2024-10-22,Môle 3,Équipements industriels,4,492,Transporteur indépendant,Tambacounda,461.9,Mardi,pluies,dédouanement en cours,74.6,82.7,True,2102526
CRI-03335,2024-10-22,Môle 3,Import général,1,402,Transporteur A,Bamako (Mali),1235.0,Mardi,pluies,bloqué (litige/documents),107.4,47.6,True,444634
CRI-03336,2024-10-22,Terminal à Conteneurs,Matériaux de construction,3,351,Transporteur indépendant,Bamako (Mali),1206.4,Mardi,pluies,dédouané avant arrivée,39.6,45.8,True,218300
CRI-03337,2024-10-22,Terminal à Conteneurs,Denrées alimentaires,2,500,Transporteur B,Dakar (local),20.1,Mardi,pluies,dédouanement en cours,70.8,35.2,True,448554
CRI-03338,2024-10-22,Môle 8,Denrées alimentaires,4,354,Transporteur E,Dakar (local),20.6,Mardi,pluies,dédouané avant arrivée,53.1,23.2,True,114033
CRI-03339,2024-10-22,Môle 3,Biens de consommation,1,460,Transporteur D,Kaolack,192.0,Mardi,pluies,dédouanement en cours,102.7,39.2,True,377756
CRI-03340,2024-10-23,Terminal à Conteneurs,Denrées alimentaires,2,396,Transporteur E,Kayes (Mali),928.1,Mercredi,pluies,dédouané avant arrivée,48.7,25.9,True,24471
CRI-03341,2024-10-23,Terminal à Conteneurs,Import général,2,380,Transporteur B,Bamako (Mali),1244.6,Mercredi,pluies,dédouané avant arrivée,88.8,78.4,True,1230604
CRI-03342,2024-10-23,Terminal à Conteneurs,Biens de consommation,2,394,Transporteur E,Ziguinchor,467.7,Mercredi,pluies,dédouané avant arrivée,64.6,37.3,True,394889
CRI-03343,2024-10-23,Terminal à Conteneurs,Équipements industriels,1,393,Transporteur E,Bamako (Mali),1247.1,Mercredi,pluies,dédouanement en cours,89.4,54.1,True,476387
CRI-03344,2024-10-23,Môle 3,Import général,1,327,Transporteur G,Dakar (local),20.2,Mercredi,pluies,dédouané avant arrivée,71.1,40.0,True,213388
CRI-03345,2024-10-23,Môle 8,Biens de consommation,2,442,Transporteur B,Bamako (Mali),1261.0,Mercredi,pluies,dédouané avant arrivée,115.0,48.3,True,864535
CRI-03346,2024-10-23,Terminal à Conteneurs,Biens de consommation,2,420,Transporteur D,Kaolack,183.5,Mercredi,pluies,dédouanement en cours,92.7,48.5,True,688632
CRI-03347,2024-10-23,Môle 1,Matériaux de construction,1,345,Transporteur indépendant,Dakar (local),20.4,Mercredi,pluies,dédouanement en cours,89.3,29.2,True,311462
CRI-03348,2024-10-23,Môle 8,Import général,3,457,Transporteur E,Bamako (Mali),1216.4,Mercredi,pluies,dédouanement en cours,82.4,44.7,True,834755
CRI-03349,2024-10-23,Môle 8,Matériaux de construction,3,323,Transporteur A,Kayes (Mali),928.7,Mercredi,pluies,bloqué (litige/documents),151.7,23.0,True,2042856
CRI-03350,2024-10-23,Terminal à Conteneurs,Denrées alimentaires,2,362,Transporteur B,Touba,189.4,Mercredi,pluies,bloqué (litige/documents),118.7,31.9,False,1078160
CRI-03351,2024-10-23,Môle 8,Biens de consommation,1,374,Transporteur F,Thiès,66.9,Mercredi,pluies,dédouanement en cours,88.3,54.5,False,375660
CRI-03352,2024-10-23,Terminal à Conteneurs,Import général,1,361,Transporteur C,Dakar (local),19.3,Mercredi,pluies,dédouané avant arrivée,60.7,52.1,False,229630
CRI-03353,2024-10-24,Môle 1,Import général,2,356,Transporteur B,Dakar (local),19.2,Jeudi,pluies,bloqué (litige/documents),126.2,51.3,False,1199738
CRI-03354,2024-10-24,Terminal à Conteneurs,Import général,3,347,Transporteur F,Dakar (local),20.5,Jeudi,pluies,bloqué (litige/documents),173.2,48.3,False,2088842
CRI-03355,2024-10-24,Môle 3,Denrées alimentaires,1,394,Transporteur B,Dakar (local),19.7,Jeudi,pluies,dédouané avant arrivée,119.0,64.2,False,619509
CRI-03356,2024-10-24,Môle 1,Import général,1,364,Transporteur C,Dakar (local),19.4,Jeudi,pluies,dédouanement en cours,91.9,40.1,True,317192
CRI-03357,2024-10-24,Terminal à Conteneurs,Biens de consommation,1,531,Transporteur D,Kaédi (Mauritanie),486.5,Jeudi,pluies,bloqué (litige/documents),117.8,116.5,True,812963
CRI-03358,2024-10-24,Terminal à Conteneurs,Import général,1,315,Transporteur F,Bamako (Mali),1239.1,Jeudi,pluies,dédouanement en cours,68.5,43.4,True,274090
CRI-03359,2024-10-24,Môle 1,Hydrocarbures,1,371,Transporteur G,Bamako (Mali),1178.9,Jeudi,pluies,dédouanement en cours,73.2,43.1,True,280992
CRI-03360,2024-10-25,Môle 1,Biens de consommation,2,443,Transporteur E,Kayes (Mali),977.9,Vendredi,pluies,bloqué (litige/documents),128.5,29.0,True,802710
CRI-03361,2024-10-25,Terminal Roulier,Équipements industriels,1,384,Transporteur E,Bamako (Mali),1191.9,Vendredi,pluies,dédouanement en cours,85.7,26.9,True,229881
CRI-03362,2024-10-25,Môle 3,Import général,2,321,Transporteur A,Dakar (local),19.1,Vendredi,pluies,dédouané avant arrivée,45.9,44.3,False,186181
CRI-03363,2024-10-25,Môle 8,Matériaux de construction,1,347,Transporteur G,Bamako (Mali),1198.4,Vendredi,pluies,dédouanement en cours,71.8,32.6,True,154474
CRI-03364,2024-10-25,Terminal à Conteneurs,Hydrocarbures,1,323,Transporteur G,Kayes (Mali),966.5,Vendredi,pluies,dédouané avant arrivée,59.2,41.8,True,180176
CRI-03365,2024-10-25,Terminal à Conteneurs,Denrées alimentaires,1,362,Transporteur E,Bamako (Mali),1202.4,Vendredi,pluies,dédouanement en cours,74.8,32.2,True,184260
CRI-03366,2024-10-25,Môle 8,Hydrocarbures,4,279,Transporteur D,Dakar (local),20.5,Vendredi,pluies,dédouané avant arrivée,41.5,30.3,False,0
CRI-03367,2024-10-25,Môle 1,Denrées alimentaires,2,322,Transporteur F,Kaédi (Mauritanie),475.6,Vendredi,pluies,dédouané avant arrivée,87.3,44.4,False,826576
CRI-03368,2024-10-25,Terminal à Conteneurs,Denrées alimentaires,3,330,Transporteur G,Kaolack,187.6,Vendredi,pluies,bloqué (litige/documents),82.8,35.8,False,949230
CRI-03369,2024-10-25,Terminal à Conteneurs,Biens de consommation,1,337,Transporteur C,Dakar (local),20.3,Vendredi,pluies,dédouané avant arrivée,66.1,35.3,False,144205
CRI-03370,2024-10-25,Terminal à Conteneurs,Import général,1,382,Transporteur E,Thiès,69.7,Vendredi,pluies,dédouané avant arrivée,100.5,39.8,False,436803
CRI-03371,2024-10-25,Terminal à Conteneurs,Matériaux de construction,2,479,Transporteur A,Tambacounda,476.8,Vendredi,pluies,dédouanement en cours,60.0,82.4,False,800739
CRI-03372,2024-10-25,Terminal à Conteneurs,Matériaux de construction,2,368,Transporteur B,Kayes (Mali),942.5,Vendredi,pluies,dédouanement en cours,84.5,27.8,True,420537
CRI-03373,2024-10-25,Môle 1,Matériaux de construction,2,332,Transporteur F,Dakar (local),20.2,Vendredi,pluies,dédouané avant arrivée,60.5,27.4,False,195857
CRI-03374,2024-10-26,Terminal Roulier,Import général,1,428,Transporteur C,Thiès,68.8,Samedi,pluies,bloqué (litige/documents),180.4,64.0,True,995872
CRI-03375,2024-10-26,Môle 8,Matériaux de construction,1,337,Transporteur C,Tambacounda,505.3,Samedi,pluies,dédouané avant arrivée,42.6,31.8,False,14710
CRI-03376,2024-10-26,Môle 3,Denrées alimentaires,2,367,Transporteur indépendant,Dakar (local),20.0,Samedi,pluies,dédouanement en cours,81.3,15.4,True,323776
CRI-03377,2024-10-26,Terminal à Conteneurs,Équipements industriels,1,365,Transporteur C,Bamako (Mali),1228.6,Samedi,pluies,dédouanement en cours,40.9,47.4,True,107234
CRI-03378,2024-10-26,Môle 1,Équipements industriels,1,343,Transporteur D,Kaolack,183.7,Samedi,pluies,dédouanement en cours,78.4,33.8,True,184822
CRI-03379,2024-10-26,Môle 1,Import général,1,342,Transporteur A,Thiès,70.6,Samedi,pluies,dédouané avant arrivée,28.9,67.7,False,165731
CRI-03380,2024-10-26,Môle 3,Matériaux de construction,1,375,Transporteur E,Bamako (Mali),1260.2,Samedi,pluies,dédouanement en cours,76.8,46.0,True,283575
CRI-03381,2024-10-26,Môle 1,Denrées alimentaires,1,458,Transporteur E,Tambacounda,475.7,Samedi,pluies,dédouanement en cours,78.3,47.7,True,327288
CRI-03382,2024-10-26,Môle 3,Biens de consommation,3,327,Transporteur B,Tambacounda,453.9,Samedi,pluies,dédouanement en cours,68.1,67.7,False,1313808
CRI-03383,2024-10-26,Môle 3,Biens de consommation,1,349,Transporteur B,Tambacounda,457.6,Samedi,pluies,dédouané avant arrivée,50.0,75.4,False,364224
CRI-03384,2024-10-26,Terminal à Conteneurs,Matériaux de construction,4,396,Transporteur C,Kaolack,191.8,Samedi,pluies,dédouanement en cours,58.8,53.5,True,941502
CRI-03385,2024-10-26,Terminal à Conteneurs,Hydrocarbures,1,413,Transporteur G,Bamako (Mali),1185.8,Samedi,pluies,dédouanement en cours,136.9,85.6,True,955063
CRI-03386,2024-10-26,Môle 8,Matériaux de construction,2,352,Transporteur G,Kayes (Mali),930.4,Samedi,pluies,dédouané avant arrivée,45.2,44.5,True,229173
CRI-03387,2024-10-26,Terminal Roulier,Hydrocarbures,2,477,Transporteur C,Kaolack,190.6,Samedi,pluies,dédouané avant arrivée,44.3,34.5,True,87095
CRI-03388,2024-10-26,Terminal à Conteneurs,Import général,1,338,Transporteur C,Bamako (Mali),1228.6,Samedi,pluies,dédouanement en cours,29.4,54.3,True,61146
CRI-03389,2024-10-26,Terminal à Conteneurs,Import général,1,309,Transporteur E,Bamako (Mali),1241.1,Samedi,pluies,dédouané avant arrivée,36.0,11.0,True,0
CRI-03390,2024-10-27,Terminal à Conteneurs,Import général,2,326,Transporteur D,Ziguinchor,432.0,Dimanche,pluies,dédouané avant arrivée,50.6,61.2,False,467007
CRI-03391,2024-10-27,Terminal à Conteneurs,Import général,1,225,Transporteur F,Thiès,70.9,Dimanche,pluies,dédouanement en cours,70.3,42.0,False,200736
CRI-03392,2024-10-27,Terminal à Conteneurs,Import général,1,321,Transporteur E,Kayes (Mali),914.1,Dimanche,pluies,dédouané avant arrivée,43.3,27.8,True,0
CRI-03393,2024-10-27,Terminal à Conteneurs,Denrées alimentaires,2,261,Transporteur F,Thiès,67.1,Dimanche,pluies,dédouanement en cours,68.3,31.5,False,277275
CRI-03394,2024-10-27,Terminal à Conteneurs,Import général,1,276,Transporteur B,Ziguinchor,425.2,Dimanche,pluies,dédouanement en cours,59.2,52.4,False,238170
CRI-03395,2024-10-27,Môle 8,Import général,1,253,Transporteur F,Dakar (local),20.9,Dimanche,pluies,dédouané avant arrivée,52.0,12.3,False,0
CRI-03396,2024-10-27,Terminal à Conteneurs,Denrées alimentaires,2,264,Transporteur B,Bamako (Mali),1197.6,Dimanche,pluies,dédouané avant arrivée,24.3,42.5,True,0
CRI-03397,2024-10-27,Môle 1,Équipements industriels,3,282,Transporteur A,Touba,189.6,Dimanche,pluies,dédouané avant arrivée,60.0,50.4,False,604654
CRI-03398,2024-10-27,Môle 3,Import général,1,279,Transporteur E,Thiès,69.2,Dimanche,pluies,dédouané avant arrivée,29.7,16.0,True,0
CRI-03399,2024-10-27,Terminal à Conteneurs,Biens de consommation,1,325,Transporteur D,Kaolack,182.0,Dimanche,pluies,dédouané avant arrivée,55.4,29.8,True,80281
CRI-03400,2024-10-27,Môle 3,Import général,1,302,Transporteur D,Bamako (Mali),1184.7,Dimanche,pluies,dédouanement en cours,92.0,45.9,True,391588
CRI-03401,2024-10-27,Môle 3,Biens de consommation,2,274,Transporteur A,Thiès,65.5,Dimanche,pluies,dédouanement en cours,75.4,41.6,False,601162
CRI-03402,2024-10-27,Terminal à Conteneurs,Équipements industriels,1,284,Transporteur indépendant,Bamako (Mali),1221.5,Dimanche,pluies,dédouané avant arrivée,33.1,55.3,True,109066
CRI-03403,2024-10-28,Terminal Roulier,Biens de consommation,2,395,Transporteur E,Bamako (Mali),1217.3,Lundi,pluies,dédouanement en cours,47.2,37.8,True,148386
CRI-03404,2024-10-28,Môle 1,Hydrocarbures,1,407,Transporteur C,Tambacounda,471.7,Lundi,pluies,bloqué (litige/documents),149.2,38.9,True,710426
CRI-03405,2024-10-28,Môle 3,Import général,1,461,Transporteur B,Dakar (local),19.8,Lundi,pluies,dédouané avant arrivée,72.1,54.2,True,264278
CRI-03406,2024-10-28,Terminal Roulier,Denrées alimentaires,1,491,Transporteur B,Bamako (Mali),1209.3,Lundi,pluies,dédouané avant arrivée,100.9,55.1,True,493156
CRI-03407,2024-10-28,Môle 3,Import général,4,456,Transporteur indépendant,Kayes (Mali),933.6,Lundi,pluies,bloqué (litige/documents),79.3,65.4,True,1996868
CRI-03408,2024-10-28,Terminal Roulier,Hydrocarbures,3,435,Transporteur F,Touba,198.2,Lundi,pluies,dédouanement en cours,90.3,46.8,True,1318798
CRI-03409,2024-10-28,Môle 1,Denrées alimentaires,2,475,Transporteur E,Kaolack,182.7,Lundi,pluies,dédouané avant arrivée,91.5,44.0,True,824978
CRI-03410,2024-10-28,Môle 8,Matériaux de construction,1,342,Transporteur A,Tambacounda,463.0,Lundi,pluies,dédouané avant arrivée,59.0,51.0,False,206063
CRI-03411,2024-10-29,Môle 1,Denrées alimentaires,1,437,Transporteur B,Kaédi (Mauritanie),457.2,Mardi,pluies,dédouanement en cours,116.4,43.3,True,592570
CRI-03412,2024-10-29,Môle 1,Denrées alimentaires,3,408,Transporteur D,Tambacounda,478.1,Mardi,pluies,dédouanement en cours,61.3,103.0,True,1645368
CRI-03413,2024-10-29,Môle 3,Import général,1,441,Transporteur F,Touba,188.3,Mardi,pluies,dédouanement en cours,138.6,59.1,False,803445
CRI-03414,2024-10-29,Môle 1,Denrées alimentaires,1,388,Transporteur F,Bamako (Mali),1244.5,Mardi,pluies,dédouané avant arrivée,41.2,44.8,True,74950
CRI-03415,2024-10-29,Terminal Roulier,Denrées alimentaires,3,333,Transporteur A,Bamako (Mali),1173.9,Mardi,pluies,dédouanement en cours,115.7,62.9,True,1840976
CRI-03416,2024-10-29,Terminal à Conteneurs,Import général,4,390,Transporteur A,Bamako (Mali),1234.4,Mardi,pluies,dédouanement en cours,99.3,54.8,True,2187790
CRI-03417,2024-10-29,Môle 1,Matériaux de construction,2,350,Transporteur E,Bamako (Mali),1174.3,Mardi,pluies,dédouanement en cours,80.4,34.2,True,507669
CRI-03418,2024-10-30,Terminal Roulier,Import général,1,350,Transporteur F,Kaolack,192.6,Mercredi,pluies,bloqué (litige/documents),115.1,44.0,False,479538
CRI-03419,2024-10-30,Terminal à Conteneurs,Import général,2,331,Transporteur D,Bamako (Mali),1197.2,Mercredi,pluies,dédouané avant arrivée,36.3,21.7,True,0
CRI-03420,2024-10-30,Môle 1,Biens de consommation,2,422,Transporteur C,Thiès,68.6,Mercredi,pluies,dédouané avant arrivée,63.7,24.8,False,158779
CRI-03421,2024-10-30,Terminal à Conteneurs,Matériaux de construction,3,379,Transporteur A,Dakar (local),20.2,Mercredi,pluies,dédouanement en cours,101.3,45.2,False,1459868
CRI-03422,2024-10-30,Môle 8,Denrées alimentaires,1,326,Transporteur F,Kayes (Mali),919.4,Mercredi,pluies,dédouanement en cours,94.8,44.5,False,398123
CRI-03423,2024-10-30,Môle 8,Biens de consommation,1,338,Transporteur B,Dakar (local),20.3,Mercredi,pluies,dédouané avant arrivée,44.3,65.6,False,237893
CRI-03424,2024-10-30,Môle 1,Import général,2,369,Transporteur F,Kayes (Mali),912.8,Mercredi,pluies,dédouané avant arrivée,43.8,52.3,True,282038
CRI-03425,2024-10-30,Terminal à Conteneurs,Import général,2,367,Transporteur F,Bamako (Mali),1220.7,Mercredi,pluies,dédouanement en cours,106.9,46.6,True,760165
CRI-03426,2024-10-30,Môle 8,Import général,1,334,Transporteur indépendant,Bamako (Mali),1182.5,Mercredi,pluies,dédouanement en cours,96.9,45.9,True,454612
CRI-03427,2024-10-30,Terminal Roulier,Équipements industriels,2,384,Transporteur A,Bamako (Mali),1172.9,Mercredi,pluies,bloqué (litige/documents),219.6,64.6,True,2606838
CRI-03428,2024-10-31,Môle 1,Biens de consommation,1,373,Transporteur G,Ziguinchor,458.9,Jeudi,pluies,bloqué (litige/documents),170.9,25.8,False,748458
CRI-03429,2024-10-31,Terminal Roulier,Denrées alimentaires,1,375,Transporteur E,Bamako (Mali),1173.7,Jeudi,pluies,dédouanement en cours,90.8,49.7,True,311055
CRI-03430,2024-10-31,Terminal Roulier,Import général,2,427,Transporteur E,Touba,190.2,Jeudi,pluies,dédouané avant arrivée,59.5,46.0,True,443192
CRI-03431,2024-10-31,Môle 3,Import général,1,288,Transporteur indépendant,Kaolack,195.1,Jeudi,pluies,dédouané avant arrivée,39.5,35.7,True,18610
CRI-03432,2024-10-31,Môle 8,Hydrocarbures,1,344,Transporteur F,Kayes (Mali),953.1,Jeudi,pluies,bloqué (litige/documents),64.7,40.3,True,209530
CRI-03433,2024-10-31,Terminal à Conteneurs,Denrées alimentaires,4,358,Transporteur G,Thiès,68.5,Jeudi,pluies,dédouanement en cours,72.0,56.9,False,1122241
CRI-03434,2024-10-31,Môle 1,Denrées alimentaires,1,342,Transporteur D,Kayes (Mali),962.9,Jeudi,pluies,dédouané avant arrivée,74.4,47.0,True,278034
CRI-03435,2024-10-31,Môle 3,Matériaux de construction,1,374,Transporteur B,Kaolack,176.4,Jeudi,pluies,dédouané avant arrivée,97.5,29.6,True,363840
CRI-03436,2024-10-31,Môle 1,Biens de consommation,2,352,Transporteur D,Tambacounda,454.7,Jeudi,pluies,dédouané avant arrivée,59.7,40.6,True,387163
CRI-03437,2024-10-31,Môle 1,Import général,2,411,Transporteur F,Dakar (local),19.4,Jeudi,pluies,dédouanement en cours,111.1,70.3,False,1292963
CRI-03438,2024-10-31,Môle 8,Import général,3,384,Transporteur indépendant,Bamako (Mali),1202.8,Jeudi,pluies,dédouané avant arrivée,73.9,48.9,True,894124
CRI-03439,2024-10-31,Terminal à Conteneurs,Import général,1,413,Transporteur D,Kayes (Mali),935.3,Jeudi,pluies,dédouanement en cours,66.8,66.2,True,367218
CRI-03440,2024-10-31,Terminal à Conteneurs,Import général,3,352,Transporteur C,Ziguinchor,446.0,Jeudi,pluies,bloqué (litige/documents),98.3,30.1,True,983619
CRI-03441,2024-10-31,Terminal à Conteneurs,Denrées alimentaires,2,389,Transporteur F,Dakar (local),21.0,Jeudi,pluies,dédouanement en cours,127.8,63.2,True,1096697
CRI-03442,2024-11-01,Môle 1,Denrées alimentaires,1,276,Transporteur C,Thiès,71.9,Vendredi,sèche,bloqué (litige/documents),71.2,33.5,False,201420
CRI-03443,2024-11-01,Môle 8,Import général,2,396,Transporteur D,Dakar (local),20.5,Vendredi,sèche,dédouané avant arrivée,68.4,31.6,False,288696
CRI-03444,2024-11-01,Terminal à Conteneurs,Matériaux de construction,1,394,Transporteur F,Bamako (Mali),1227.2,Vendredi,sèche,dédouané avant arrivée,67.4,56.8,True,345393
CRI-03445,2024-11-01,Terminal à Conteneurs,Hydrocarbures,2,431,Transporteur C,Dakar (local),20.6,Vendredi,sèche,bloqué (litige/documents),86.7,48.1,False,824470
CRI-03446,2024-11-01,Môle 8,Matériaux de construction,1,358,Transporteur A,Dakar (local),19.8,Vendredi,sèche,dédouané avant arrivée,76.4,49.6,False,305497
CRI-03447,2024-11-01,Môle 3,Équipements industriels,3,393,Transporteur indépendant,Kaolack,192.6,Vendredi,sèche,dédouanement en cours,93.0,40.5,False,1189648
CRI-03448,2024-11-01,Terminal à Conteneurs,Denrées alimentaires,2,330,Transporteur B,Ziguinchor,442.1,Vendredi,sèche,dédouané avant arrivée,44.6,22.4,False,0
CRI-03449,2024-11-01,Terminal à Conteneurs,Import général,4,284,Transporteur indépendant,Bamako (Mali),1264.6,Vendredi,sèche,dédouané avant arrivée,94.0,21.5,False,1104972
CRI-03450,2024-11-01,Terminal à Conteneurs,Denrées alimentaires,3,460,Transporteur F,Thiès,69.4,Vendredi,sèche,dédouanement en cours,70.3,43.4,False,693378
CRI-03451,2024-11-01,Terminal à Conteneurs,Biens de consommation,2,339,Transporteur G,Kaolack,200.0,Vendredi,sèche,dédouanement en cours,101.2,52.9,False,942716
CRI-03452,2024-11-01,Môle 3,Denrées alimentaires,1,408,Transporteur C,Dakar (local),20.1,Vendredi,sèche,dédouanement en cours,45.1,38.9,False,66663
CRI-03453,2024-11-02,Terminal à Conteneurs,Hydrocarbures,2,365,Transporteur B,Dakar (local),19.9,Samedi,sèche,dédouané avant arrivée,43.7,47.6,False,205058
CRI-03454,2024-11-02,Môle 1,Matériaux de construction,1,339,Transporteur E,Touba,194.7,Samedi,sèche,dédouané avant arrivée,38.3,35.1,False,6978
CRI-03455,2024-11-02,Terminal Roulier,Import général,3,366,Transporteur A,Kayes (Mali),910.8,Samedi,sèche,dédouanement en cours,108.1,37.7,False,1485714
CRI-03456,2024-11-02,Môle 8,Import général,1,343,Transporteur A,Ziguinchor,464.2,Samedi,sèche,dédouanement en cours,55.6,55.3,False,233644
CRI-03457,2024-11-02,Môle 3,Hydrocarbures,1,336,Transporteur D,Bamako (Mali),1208.5,Samedi,sèche,dédouané avant arrivée,23.9,47.5,True,0
CRI-03458,2024-11-02,Terminal Roulier,Import général,2,349,Transporteur F,Dakar (local),19.2,Samedi,sèche,dédouanement en cours,103.3,58.8,False,873775
CRI-03459,2024-11-02,Môle 1,Matériaux de construction,1,338,Transporteur E,Dakar (local),20.4,Samedi,sèche,dédouanement en cours,91.5,49.4,False,317478
CRI-03460,2024-11-02,Terminal à Conteneurs,Équipements industriels,3,343,Transporteur A,Dakar (local),20.2,Samedi,sèche,dédouané avant arrivée,48.4,32.0,False,130414
CRI-03461,2024-11-02,Terminal Roulier,Denrées alimentaires,1,401,Transporteur A,Kayes (Mali),911.1,Samedi,sèche,dédouanement en cours,72.6,48.7,False,264160
CRI-03462,2024-11-02,Môle 1,Denrées alimentaires,2,323,Transporteur A,Bamako (Mali),1196.5,Samedi,sèche,bloqué (litige/documents),123.8,50.6,False,1221591
CRI-03463,2024-11-02,Môle 3,Matériaux de construction,3,348,Transporteur C,Dakar (local),20.2,Samedi,sèche,dédouané avant arrivée,89.4,45.4,False,927990
CRI-03464,2024-11-02,Terminal à Conteneurs,Équipements industriels,2,417,Transporteur F,Dakar (local),20.1,Samedi,sèche,dédouanement en cours,64.1,60.4,False,701506
CRI-03465,2024-11-02,Môle 3,Biens de consommation,1,358,Transporteur G,Kayes (Mali),929.3,Samedi,sèche,bloqué (litige/documents),88.8,52.5,False,348083
CRI-03466,2024-11-02,Môle 8,Biens de consommation,1,393,Transporteur C,Ziguinchor,448.6,Samedi,sèche,dédouanement en cours,88.9,87.7,False,678781
CRI-03467,2024-11-03,Môle 1,Biens de consommation,2,316,Transporteur B,Bamako (Mali),1217.6,Dimanche,sèche,dédouané avant arrivée,32.0,51.2,False,116664
CRI-03468,2024-11-03,Môle 8,Import général,1,285,Transporteur E,Thiès,68.0,Dimanche,sèche,dédouané avant arrivée,37.2,53.9,False,110377
CRI-03469,2024-11-03,Terminal à Conteneurs,Import général,1,221,Transporteur C,Touba,190.8,Dimanche,sèche,dédouané avant arrivée,32.8,26.5,False,0
CRI-03470,2024-11-03,Môle 1,Import général,2,252,Transporteur D,Kaolack,189.9,Dimanche,sèche,bloqué (litige/documents),69.6,28.8,False,250291
CRI-03471,2024-11-03,Môle 3,Denrées alimentaires,2,290,Transporteur A,Thiès,68.0,Dimanche,sèche,dédouanement en cours,75.0,63.7,False,885585
CRI-03472,2024-11-03,Terminal à Conteneurs,Équipements industriels,1,309,Transporteur A,Bamako (Mali),1229.1,Dimanche,sèche,dédouanement en cours,58.3,34.2,False,122654
CRI-03473,2024-11-03,Terminal à Conteneurs,Import général,4,254,Transporteur F,Touba,191.7,Dimanche,sèche,dédouanement en cours,61.1,37.3,False,637612
CRI-03474,2024-11-03,Môle 1,Denrées alimentaires,1,328,Transporteur A,Touba,183.7,Dimanche,sèche,dédouané avant arrivée,50.5,46.1,False,156094
CRI-03475,2024-11-04,Môle 8,Import général,1,458,Transporteur G,Bamako (Mali),1283.1,Lundi,sèche,dédouané avant arrivée,83.1,78.3,True,440374
CRI-03476,2024-11-04,Môle 1,Import général,2,423,Transporteur C,Bamako (Mali),1205.8,Lundi,sèche,dédouanement en cours,98.0,82.7,True,1460281
CRI-03477,2024-11-04,Terminal Roulier,Import général,1,448,Transporteur B,Thiès,72.3,Lundi,sèche,dédouanement en cours,92.7,24.4,False,267159
CRI-03478,2024-11-04,Terminal à Conteneurs,Matériaux de construction,1,453,Transporteur A,Bamako (Mali),1154.6,Lundi,sèche,dédouané avant arrivée,72.3,35.4,False,202667
CRI-03479,2024-11-04,Môle 3,Import général,1,469,Transporteur C,Kaolack,195.5,Lundi,sèche,dédouané avant arrivée,55.2,54.6,False,203477
CRI-03480,2024-11-04,Môle 1,Denrées alimentaires,1,413,Transporteur B,Kaolack,189.3,Lundi,sèche,dédouanement en cours,87.5,48.3,False,426992
CRI-03481,2024-11-04,Terminal Roulier,Import général,2,421,Transporteur B,Dakar (local),19.7,Lundi,sèche,dédouanement en cours,91.7,45.8,False,901568
CRI-03482,2024-11-04,Môle 1,Matériaux de construction,2,441,Transporteur F,Dakar (local),19.1,Lundi,sèche,dédouané avant arrivée,27.6,73.0,False,372486
CRI-03483,2024-11-04,Terminal à Conteneurs,Import général,2,433,Transporteur indépendant,Thiès,70.0,Lundi,sèche,dédouanement en cours,162.7,64.8,False,1474011
CRI-03484,2024-11-04,Môle 3,Denrées alimentaires,2,437,Transporteur indépendant,Tambacounda,459.2,Lundi,sèche,bloqué (litige/documents),73.3,88.7,True,1039923
CRI-03485,2024-11-04,Môle 8,Import général,1,426,Transporteur G,Dakar (local),19.6,Lundi,sèche,dédouanement en cours,92.5,59.9,False,454753
CRI-03486,2024-11-04,Terminal à Conteneurs,Biens de consommation,1,383,Transporteur A,Kaolack,189.4,Lundi,sèche,dédouanement en cours,68.7,62.0,False,347669
CRI-03487,2024-11-04,Terminal à Conteneurs,Denrées alimentaires,1,456,Transporteur D,Bamako (Mali),1219.1,Lundi,sèche,dédouané avant arrivée,69.9,78.2,True,427181
CRI-03488,2024-11-04,Môle 3,Matériaux de construction,2,465,Transporteur D,Dakar (local),21.3,Lundi,sèche,dédouané avant arrivée,72.3,56.2,False,679725
CRI-03489,2024-11-05,Môle 8,Denrées alimentaires,1,348,Transporteur A,Tambacounda,475.6,Mardi,sèche,dédouané avant arrivée,60.5,58.9,False,303331
CRI-03490,2024-11-05,Môle 8,Matériaux de construction,1,456,Transporteur F,Dakar (local),20.4,Mardi,sèche,dédouané avant arrivée,35.6,54.6,False,92225
CRI-03491,2024-11-05,Terminal à Conteneurs,Biens de consommation,2,453,Transporteur A,Dakar (local),18.8,Mardi,sèche,dédouané avant arrivée,70.0,17.0,False,155045
CRI-03492,2024-11-05,Terminal à Conteneurs,Denrées alimentaires,1,403,Transporteur C,Dakar (local),20.9,Mardi,sèche,bloqué (litige/documents),120.6,41.3,False,458103
CRI-03493,2024-11-05,Môle 1,Import général,2,451,Transporteur E,Bamako (Mali),1203.4,Mardi,sèche,dédouané avant arrivée,60.1,120.2,True,1138808
CRI-03494,2024-11-05,Môle 8,Équipements industriels,1,462,Transporteur G,Dakar (local),20.5,Mardi,sèche,dédouanement en cours,138.3,85.9,False,724787
CRI-03495,2024-11-05,Terminal à Conteneurs,Matériaux de construction,1,481,Transporteur G,Tambacounda,464.0,Mardi,sèche,dédouanement en cours,72.4,87.6,True,435103
CRI-03496,2024-11-06,Môle 8,Équipements industriels,1,401,Transporteur D,Ziguinchor,422.0,Mercredi,sèche,dédouanement en cours,74.8,31.6,False,202125
CRI-03497,2024-11-06,Môle 3,Denrées alimentaires,1,418,Transporteur B,Thiès,67.2,Mercredi,sèche,bloqué (litige/documents),104.6,55.2,False,503181
CRI-03498,2024-11-06,Terminal Roulier,Équipements industriels,1,265,Transporteur D,Touba,188.4,Mercredi,sèche,dédouané avant arrivée,48.8,34.5,False,77055
CRI-03499,2024-11-06,Môle 1,Équipements industriels,2,305,Transporteur G,Tambacounda,447.2,Mercredi,sèche,dédouanement en cours,87.4,41.0,False,524956
CRI-03500,2024-11-06,Môle 8,Matériaux de construction,1,460,Transporteur G,Dakar (local),20.2,Mercredi,sèche,dédouané avant arrivée,56.4,61.9,False,310750
CRI-03501,2024-11-06,Môle 3,Import général,3,455,Transporteur G,Kayes (Mali),970.4,Mercredi,sèche,dédouané avant arrivée,77.5,46.5,True,897312
CRI-03502,2024-11-06,Môle 3,Import général,1,394,Transporteur E,Bamako (Mali),1193.9,Mercredi,sèche,dédouané avant arrivée,65.7,38.2,True,163036
CRI-03503,2024-11-06,Môle 1,Hydrocarbures,1,314,Transporteur B,Bamako (Mali),1144.0,Mercredi,sèche,dédouanement en cours,72.3,39.5,True,233372
CRI-03504,2024-11-06,Môle 1,Matériaux de construction,1,411,Transporteur C,Kaolack,203.5,Mercredi,sèche,dédouanement en cours,78.0,25.6,False,215380
CRI-03505,2024-11-06,Terminal à Conteneurs,Import général,1,398,Transporteur indépendant,Bamako (Mali),1209.3,Mercredi,sèche,dédouané avant arrivée,81.2,45.5,True,329740
CRI-03506,2024-11-06,Terminal à Conteneurs,Import général,1,325,Transporteur G,Ziguinchor,445.7,Mercredi,sèche,dédouané avant arrivée,43.2,50.1,False,129519
CRI-03507,2024-11-06,Môle 1,Biens de consommation,1,372,Transporteur B,Bamako (Mali),1248.6,Mercredi,sèche,dédouané avant arrivée,103.3,37.0,False,324776
CRI-03508,2024-11-07,Terminal à Conteneurs,Denrées alimentaires,1,350,Transporteur indépendant,Touba,189.9,Jeudi,sèche,dédouané avant arrivée,20.6,49.9,False,0
CRI-03509,2024-11-07,Môle 1,Denrées alimentaires,1,329,Transporteur C,Dakar (local),19.7,Jeudi,sèche,dédouané avant arrivée,46.1,31.9,False,40307
CRI-03510,2024-11-07,Môle 8,Matériaux de construction,1,405,Transporteur A,Kayes (Mali),925.1,Jeudi,sèche,dédouanement en cours,78.7,16.2,True,150122
CRI-03511,2024-11-07,Môle 8,Biens de consommation,2,328,Transporteur A,Bamako (Mali),1215.1,Jeudi,sèche,bloqué (litige/documents),110.6,17.6,True,548612
CRI-03512,2024-11-08,Môle 8,Hydrocarbures,1,344,Transporteur B,Bamako (Mali),1249.7,Vendredi,sèche,dédouané avant arrivée,49.3,57.1,True,214316
CRI-03513,2024-11-08,Terminal à Conteneurs,Matériaux de construction,1,392,Transporteur G,Bamako (Mali),1176.3,Vendredi,sèche,dédouané avant arrivée,51.4,31.7,True,60399
CRI-03514,2024-11-08,Môle 1,Import général,2,298,Transporteur B,Dakar (local),20.0,Vendredi,sèche,bloqué (litige/documents),121.6,34.6,False,993212
CRI-03515,2024-11-08,Terminal à Conteneurs,Import général,1,348,Transporteur B,Tambacounda,464.2,Vendredi,sèche,dédouané avant arrivée,66.4,74.6,False,465786
CRI-03516,2024-11-08,Môle 1,Matériaux de construction,1,305,Transporteur C,Dakar (local),19.7,Vendredi,sèche,dédouané avant arrivée,59.5,44.8,False,164969
CRI-03517,2024-11-08,Terminal à Conteneurs,Import général,1,307,Transporteur E,Tambacounda,475.0,Vendredi,sèche,dédouané avant arrivée,66.2,26.4,False,101965
CRI-03518,2024-11-08,Terminal Roulier,Import général,1,339,Transporteur G,Thiès,70.1,Vendredi,sèche,dédouané avant arrivée,62.7,56.1,False,264824
CRI-03519,2024-11-08,Môle 3,Import général,1,298,Transporteur B,Tambacounda,459.6,Vendredi,sèche,dédouanement en cours,52.0,33.9,False,69670
CRI-03520,2024-11-08,Terminal Roulier,Matériaux de construction,3,353,Transporteur A,Kaolack,191.6,Vendredi,sèche,dédouané avant arrivée,41.0,63.4,False,438381
CRI-03521,2024-11-08,Môle 3,Denrées alimentaires,1,418,Transporteur A,Dakar (local),20.9,Vendredi,sèche,dédouané avant arrivée,62.0,49.0,False,271370
CRI-03522,2024-11-09,Môle 1,Biens de consommation,1,360,Transporteur G,Tambacounda,469.4,Samedi,sèche,dédouané avant arrivée,26.9,53.3,False,53768
CRI-03523,2024-11-09,Terminal Roulier,Hydrocarbures,1,328,Transporteur A,Dakar (local),20.9,Samedi,sèche,dédouanement en cours,80.9,25.0,False,187054
CRI-03524,2024-11-09,Terminal Roulier,Import général,1,391,Transporteur D,Bamako (Mali),1296.4,Samedi,sèche,dédouanement en cours,72.9,21.8,False,132344
CRI-03525,2024-11-09,Terminal à Conteneurs,Hydrocarbures,1,348,Transporteur A,Thiès,66.8,Samedi,sèche,dédouané avant arrivée,63.1,38.8,False,190958
CRI-03526,2024-11-09,Terminal à Conteneurs,Biens de consommation,2,351,Transporteur B,Bamako (Mali),1209.7,Samedi,sèche,bloqué (litige/documents),70.1,43.5,True,501837
CRI-03527,2024-11-09,Terminal à Conteneurs,Hydrocarbures,1,390,Transporteur D,Bamako (Mali),1205.5,Samedi,sèche,dédouanement en cours,49.0,67.6,True,232892
CRI-03528,2024-11-09,Môle 8,Import général,1,361,Transporteur F,Touba,194.8,Samedi,sèche,dédouanement en cours,53.5,20.5,False,13223
CRI-03529,2024-11-09,Terminal à Conteneurs,Import général,1,401,Transporteur indépendant,Kaolack,191.6,Samedi,sèche,dédouané avant arrivée,91.8,64.1,False,556957
CRI-03530,2024-11-09,Môle 1,Hydrocarbures,4,499,Transporteur C,Kaédi (Mauritanie),471.7,Samedi,sèche,bloqué (litige/documents),97.5,61.4,True,2410771
CRI-03531,2024-11-09,Terminal à Conteneurs,Hydrocarbures,1,374,Transporteur G,Thiès,72.1,Samedi,sèche,dédouanement en cours,96.2,26.9,False,287708
CRI-03532,2024-11-10,Môle 1,Import général,2,255,Transporteur indépendant,Kayes (Mali),954.0,Dimanche,sèche,bloqué (litige/documents),87.5,35.0,True,492023
CRI-03533,2024-11-10,Môle 3,Hydrocarbures,1,239,Transporteur D,Dakar (local),19.7,Dimanche,sèche,dédouané avant arrivée,38.3,41.6,False,47206
CRI-03534,2024-11-10,Môle 8,Hydrocarbures,1,253,Transporteur B,Bamako (Mali),1228.2,Dimanche,sèche,dédouané avant arrivée,56.8,13.8,False,0
CRI-03535,2024-11-10,Môle 8,Import général,1,274,Transporteur F,Tambacounda,452.1,Dimanche,sèche,dédouané avant arrivée,33.8,41.7,False,19690
CRI-03536,2024-11-10,Terminal à Conteneurs,Biens de consommation,2,273,Transporteur indépendant,Tambacounda,464.9,Dimanche,sèche,dédouané avant arrivée,42.6,46.6,False,205128
CRI-03537,2024-11-10,Terminal à Conteneurs,Denrées alimentaires,2,247,Transporteur G,Kayes (Mali),961.0,Dimanche,sèche,dédouané avant arrivée,55.5,40.4,False,305177
CRI-03538,2024-11-10,Môle 1,Biens de consommation,2,285,Transporteur C,Bamako (Mali),1177.2,Dimanche,sèche,dédouanement en cours,74.6,42.4,False,627132
CRI-03539,2024-11-10,Môle 3,Biens de consommation,1,262,Transporteur D,Dakar (local),19.5,Dimanche,sèche,dédouanement en cours,48.0,52.4,False,137974
CRI-03540,2024-11-10,Terminal Roulier,Équipements industriels,1,256,Transporteur indépendant,Kaolack,189.8,Dimanche,sèche,dédouanement en cours,70.5,36.7,False,204725
CRI-03541,2024-11-10,Môle 1,Matériaux de construction,2,244,Transporteur D,Dakar (local),19.4,Dimanche,sèche,dédouané avant arrivée,37.8,17.5,False,0
CRI-03542,2024-11-10,Môle 3,Biens de consommation,1,294,Transporteur indépendant,Kayes (Mali),940.0,Dimanche,sèche,dédouané avant arrivée,51.0,94.5,True,490591
CRI-03543,2024-11-10,Môle 8,Denrées alimentaires,1,288,Transporteur D,Tambacounda,493.6,Dimanche,sèche,dédouané avant arrivée,81.0,27.1,False,183721
CRI-03544,2024-11-11,Terminal Roulier,Denrées alimentaires,2,358,Transporteur A,Dakar (local),20.0,Lundi,sèche,bloqué (litige/documents),98.3,29.9,False,686745
CRI-03545,2024-11-11,Môle 1,Import général,1,434,Transporteur C,Dakar (local),19.8,Lundi,sèche,dédouané avant arrivée,57.3,69.1,False,253119
CRI-03546,2024-11-11,Terminal à Conteneurs,Import général,3,393,Transporteur indépendant,Kaolack,202.3,Lundi,sèche,dédouané avant arrivée,48.8,41.7,False,359435
CRI-03547,2024-11-11,Môle 3,Import général,1,427,Transporteur B,Kaolack,187.4,Lundi,sèche,dédouanement en cours,150.4,62.5,False,726831
CRI-03548,2024-11-11,Môle 8,Matériaux de construction,1,433,Transporteur A,Dakar (local),19.8,Lundi,sèche,dédouané avant arrivée,68.5,41.4,False,240853
CRI-03549,2024-11-11,Terminal à Conteneurs,Équipements industriels,1,451,Transporteur A,Bamako (Mali),1258.0,Lundi,sèche,dédouanement en cours,73.2,52.2,True,349183
CRI-03550,2024-11-11,Môle 3,Denrées alimentaires,2,456,Transporteur C,Tambacounda,428.4,Lundi,sèche,dédouanement en cours,89.5,53.5,False,946224
CRI-03551,2024-11-11,Terminal à Conteneurs,Import général,1,450,Transporteur A,Bamako (Mali),1213.1,Lundi,sèche,dédouané avant arrivée,78.5,85.1,True,538341
CRI-03552,2024-11-11,Môle 1,Import général,1,412,Transporteur indépendant,Ziguinchor,423.4,Lundi,sèche,bloqué (litige/documents),69.8,57.4,True,305413
CRI-03553,2024-11-11,Môle 1,Import général,1,317,Transporteur E,Kayes (Mali),890.6,Lundi,sèche,bloqué (litige/documents),90.2,42.2,True,281278
CRI-03554,2024-11-12,Terminal à Conteneurs,Hydrocarbures,1,531,Transporteur A,Kayes (Mali),982.3,Mardi,sèche,bloqué (litige/documents),159.0,75.3,True,985039
CRI-03555,2024-11-12,Terminal à Conteneurs,Denrées alimentaires,1,455,Transporteur E,Touba,191.1,Mardi,sèche,dédouané avant arrivée,69.4,40.3,False,223194
CRI-03556,2024-11-12,Terminal à Conteneurs,Matériaux de construction,1,367,Transporteur F,Dakar (local),20.2,Mardi,sèche,dédouané avant arrivée,33.4,56.7,False,90265
CRI-03557,2024-11-12,Môle 1,Matériaux de construction,2,374,Transporteur A,Thiès,70.9,Mardi,sèche,dédouanement en cours,85.5,58.8,False,701587
CRI-03558,2024-11-12,Môle 8,Matériaux de construction,2,440,Transporteur G,Thiès,70.8,Mardi,sèche,dédouané avant arrivée,63.0,43.2,False,353061
CRI-03559,2024-11-12,Terminal Roulier,Denrées alimentaires,1,510,Transporteur indépendant,Ziguinchor,457.0,Mardi,sèche,dédouané avant arrivée,92.3,58.8,True,357185
CRI-03560,2024-11-12,Terminal à Conteneurs,Import général,1,383,Transporteur C,Kayes (Mali),936.1,Mardi,sèche,dédouané avant arrivée,52.9,64.6,False,256209
CRI-03561,2024-11-13,Terminal à Conteneurs,Denrées alimentaires,1,322,Transporteur D,Thiès,74.0,Mercredi,sèche,dédouanement en cours,59.5,36.7,False,153965
CRI-03562,2024-11-13,Terminal à Conteneurs,Denrées alimentaires,3,326,Transporteur F,Dakar (local),19.4,Mercredi,sèche,dédouané avant arrivée,73.3,71.0,False,1293321
CRI-03563,2024-11-13,Terminal à Conteneurs,Denrées alimentaires,1,343,Transporteur G,Dakar (local),19.6,Mercredi,sèche,dédouanement en cours,115.9,58.0,False,531408
CRI-03564,2024-11-13,Môle 3,Hydrocarbures,1,441,Transporteur C,Bamako (Mali),1218.9,Mercredi,sèche,dédouané avant arrivée,28.5,106.3,True,423367
CRI-03565,2024-11-13,Terminal Roulier,Biens de consommation,1,382,Transporteur A,Kayes (Mali),926.1,Mercredi,sèche,dédouané avant arrivée,86.3,28.4,True,239047
CRI-03566,2024-11-13,Môle 3,Biens de consommation,1,402,Transporteur B,Tambacounda,472.5,Mercredi,sèche,dédouanement en cours,76.6,34.8,False,237286
CRI-03567,2024-11-13,Terminal à Conteneurs,Import général,1,318,Transporteur C,Tambacounda,472.3,Mercredi,sèche,dédouanement en cours,114.1,50.9,False,643354
CRI-03568,2024-11-13,Môle 3,Biens de consommation,1,287,Transporteur C,Thiès,68.4,Mercredi,sèche,dédouané avant arrivée,39.4,26.1,False,0
CRI-03569,2024-11-13,Terminal à Conteneurs,Équipements industriels,2,311,Transporteur F,Dakar (local),19.4,Mercredi,sèche,dédouané avant arrivée,64.8,48.2,False,384333
CRI-03570,2024-11-13,Terminal Roulier,Matériaux de construction,1,394,Transporteur G,Kayes (Mali),964.7,Mercredi,sèche,bloqué (litige/documents),98.7,33.5,True,397321
CRI-03571,2024-11-13,Terminal à Conteneurs,Biens de consommation,1,325,Transporteur indépendant,Bamako (Mali),1220.1,Mercredi,sèche,dédouanement en cours,77.3,27.0,True,197632
CRI-03572,2024-11-13,Môle 1,Import général,1,434,Transporteur A,Thiès,70.0,Mercredi,sèche,bloqué (litige/documents),118.1,43.0,False,457356
CRI-03573,2024-11-13,Terminal à Conteneurs,Import général,2,416,Transporteur B,Bamako (Mali),1216.6,Mercredi,sèche,dédouanement en cours,86.9,34.9,True,475265
CRI-03574,2024-11-13,Terminal Roulier,Import général,1,399,Transporteur F,Kayes (Mali),954.1,Mercredi,sèche,bloqué (litige/documents),82.3,31.8,True,226686
CRI-03575,2024-11-13,Môle 1,Import général,2,305,Transporteur F,Kaolack,185.3,Mercredi,sèche,dédouanement en cours,58.8,44.8,False,308728
CRI-03576,2024-11-13,Terminal à Conteneurs,Denrées alimentaires,2,310,Transporteur A,Dakar (local),19.8,Mercredi,sèche,dédouané avant arrivée,53.2,64.7,False,629774
CRI-03577,2024-11-13,Môle 8,Équipements industriels,1,356,Transporteur G,Tambacounda,472.7,Mercredi,sèche,dédouanement en cours,45.1,28.9,False,11044
CRI-03578,2024-11-13,Terminal Roulier,Matériaux de construction,2,345,Transporteur F,Ziguinchor,446.7,Mercredi,sèche,dédouanement en cours,131.7,34.5,False,1239937
CRI-03579,2024-11-13,Môle 3,Biens de consommation,2,414,Transporteur B,Bamako (Mali),1198.6,Mercredi,sèche,dédouanement en cours,76.7,22.7,False,362215
CRI-03580,2024-11-14,Môle 8,Équipements industriels,2,388,Transporteur C,Kaédi (Mauritanie),474.7,Jeudi,sèche,dédouanement en cours,57.1,36.3,False,207947
CRI-03581,2024-11-14,Terminal à Conteneurs,Biens de consommation,1,398,Transporteur D,Dakar (local),21.6,Jeudi,sèche,dédouanement en cours,104.7,62.1,False,548211
CRI-03582,2024-11-14,Terminal à Conteneurs,Denrées alimentaires,2,321,Transporteur C,Bamako (Mali),1181.3,Jeudi,sèche,dédouanement en cours,70.3,95.8,False,1111044
CRI-03583,2024-11-14,Môle 3,Biens de consommation,1,401,Transporteur indépendant,Dakar (local),19.6,Jeudi,sèche,dédouanement en cours,116.6,64.9,False,602063
CRI-03584,2024-11-14,Terminal à Conteneurs,Biens de consommation,3,410,Transporteur A,Kaédi (Mauritanie),476.6,Jeudi,sèche,dédouanement en cours,95.8,68.6,False,1462334
CRI-03585,2024-11-14,Môle 3,Import général,1,371,Transporteur E,Dakar (local),19.9,Jeudi,sèche,dédouané avant arrivée,51.2,41.2,False,141042
CRI-03586,2024-11-14,Terminal Roulier,Import général,1,370,Transporteur A,Kayes (Mali),952.8,Jeudi,sèche,dédouanement en cours,100.7,34.3,False,330754
CRI-03587,2024-11-14,Môle 1,Import général,1,363,Transporteur D,Tambacounda,461.9,Jeudi,sèche,bloqué (litige/documents),104.1,55.9,False,443233
CRI-03588,2024-11-14,Môle 8,Hydrocarbures,3,373,Transporteur D,Dakar (local),19.2,Jeudi,sèche,bloqué (litige/documents),113.8,36.0,False,1592910
CRI-03589,2024-11-14,Môle 8,Denrées alimentaires,1,427,Transporteur indépendant,Tambacounda,467.1,Jeudi,sèche,dédouanement en cours,78.4,47.4,False,266753
CRI-03590,2024-11-15,Môle 1,Hydrocarbures,2,380,Transporteur B,Thiès,69.4,Vendredi,sèche,dédouanement en cours,57.5,42.5,False,322071
CRI-03591,2024-11-15,Môle 1,Matériaux de construction,2,450,Transporteur F,Dakar (local),19.9,Vendredi,sèche,dédouanement en cours,58.6,66.2,False,606212
CRI-03592,2024-11-15,Môle 3,Matériaux de construction,2,293,Transporteur D,Touba,188.5,Vendredi,sèche,bloqué (litige/documents),79.1,29.6,False,411157
CRI-03593,2024-11-15,Môle 3,Denrées alimentaires,2,326,Transporteur C,Touba,190.1,Vendredi,sèche,dédouanement en cours,112.4,51.9,False,948019
CRI-03594,2024-11-15,Môle 1,Import général,2,396,Transporteur D,Thiès,71.2,Vendredi,sèche,dédouanement en cours,99.1,49.8,False,1043694
CRI-03595,2024-11-15,Môle 1,Biens de consommation,2,358,Transporteur E,Bamako (Mali),1217.2,Vendredi,sèche,dédouané avant arrivée,41.0,54.4,True,287811
CRI-03596,2024-11-15,Terminal Roulier,Biens de consommation,1,414,Transporteur C,Bamako (Mali),1181.9,Vendredi,sèche,dédouanement en cours,56.3,51.5,True,170325
CRI-03597,2024-11-15,Terminal Roulier,Import général,2,397,Transporteur B,Bamako (Mali),1170.9,Vendredi,sèche,dédouanement en cours,87.6,41.9,True,595175
CRI-03598,2024-11-15,Terminal à Conteneurs,Matériaux de construction,1,410,Transporteur B,Dakar (local),19.3,Vendredi,sèche,dédouanement en cours,31.3,68.3,False,149238
CRI-03599,2024-11-15,Terminal à Conteneurs,Équipements industriels,1,321,Transporteur G,Kayes (Mali),922.2,Vendredi,sèche,dédouané avant arrivée,60.5,54.3,False,240811
CRI-03600,2024-11-15,Môle 1,Biens de consommation,1,359,Transporteur E,Kayes (Mali),944.8,Vendredi,sèche,dédouanement en cours,76.6,57.3,True,324170
CRI-03601,2024-11-16,Terminal Roulier,Biens de consommation,1,287,Transporteur A,Thiès,70.9,Samedi,sèche,dédouanement en cours,85.1,43.0,False,368884
CRI-03602,2024-11-16,Terminal à Conteneurs,Biens de consommation,2,391,Transporteur indépendant,Dakar (local),19.8,Samedi,sèche,dédouané avant arrivée,59.4,37.7,False,228684
CRI-03603,2024-11-16,Terminal à Conteneurs,Hydrocarbures,4,370,Transporteur A,Thiès,67.7,Samedi,sèche,dédouané avant arrivée,56.0,42.2,False,563553
CRI-03604,2024-11-16,Terminal à Conteneurs,Import général,1,366,Transporteur A,Dakar (local),20.5,Samedi,sèche,dédouané avant arrivée,67.6,34.4,False,200264
CRI-03605,2024-11-16,Môle 8,Hydrocarbures,3,470,Transporteur A,Thiès,68.5,Samedi,sèche,dédouané avant arrivée,133.6,59.0,False,1803359
CRI-03606,2024-11-16,Terminal à Conteneurs,Matériaux de construction,1,338,Transporteur E,Bamako (Mali),1195.1,Samedi,sèche,dédouané avant arrivée,36.0,37.7,True,8045
CRI-03607,2024-11-16,Terminal à Conteneurs,Denrées alimentaires,2,362,Transporteur indépendant,Dakar (local),19.9,Samedi,sèche,dédouanement en cours,58.4,38.8,False,255007
CRI-03608,2024-11-16,Terminal à Conteneurs,Équipements industriels,2,423,Transporteur G,Bamako (Mali),1241.4,Samedi,sèche,dédouané avant arrivée,46.0,41.7,False,162357
CRI-03609,2024-11-16,Terminal Roulier,Matériaux de construction,3,292,Transporteur D,Kayes (Mali),938.1,Samedi,sèche,dédouanement en cours,32.5,29.5,True,0
CRI-03610,2024-11-16,Môle 3,Matériaux de construction,1,319,Transporteur F,Tambacounda,470.0,Samedi,sèche,bloqué (litige/documents),88.9,41.1,False,378891
CRI-03611,2024-11-16,Môle 1,Matériaux de construction,1,349,Transporteur D,Bamako (Mali),1179.8,Samedi,sèche,dédouanement en cours,61.9,35.3,False,160738
CRI-03612,2024-11-16,Môle 8,Matériaux de construction,2,376,Transporteur E,Thiès,70.6,Samedi,sèche,dédouanement en cours,75.6,33.6,False,385195
CRI-03613,2024-11-17,Môle 3,Biens de consommation,1,314,Transporteur E,Bamako (Mali),1150.7,Dimanche,sèche,dédouané avant arrivée,48.9,58.5,True,203644
CRI-03614,2024-11-17,Terminal à Conteneurs,Biens de consommation,1,283,Transporteur C,Kayes (Mali),925.8,Dimanche,sèche,dédouané avant arrivée,39.8,58.9,False,158170
CRI-03615,2024-11-17,Terminal à Conteneurs,Denrées alimentaires,2,270,Transporteur B,Tambacounda,487.2,Dimanche,sèche,dédouané avant arrivée,42.3,39.0,False,85598
CRI-03616,2024-11-17,Terminal à Conteneurs,Denrées alimentaires,1,259,Transporteur indépendant,Kaolack,196.7,Dimanche,sèche,dédouané avant arrivée,44.4,47.0,False,100606
CRI-03617,2024-11-17,Terminal à Conteneurs,Denrées alimentaires,1,338,Transporteur C,Dakar (local),19.8,Dimanche,sèche,dédouanement en cours,58.4,26.1,False,80475
CRI-03618,2024-11-17,Terminal à Conteneurs,Import général,1,290,Transporteur F,Bamako (Mali),1247.8,Dimanche,sèche,dédouané avant arrivée,46.3,38.4,True,80773
CRI-03619,2024-11-18,Môle 3,Matériaux de construction,3,428,Transporteur E,Bamako (Mali),1196.7,Lundi,sèche,bloqué (litige/documents),89.3,92.7,True,1827022
CRI-03620,2024-11-18,Terminal Roulier,Import général,2,527,Transporteur indépendant,Bamako (Mali),1259.6,Lundi,sèche,dédouanement en cours,79.3,62.0,True,850019
CRI-03621,2024-11-18,Terminal à Conteneurs,Matériaux de construction,1,508,Transporteur A,Kaolack,192.3,Lundi,sèche,dédouanement en cours,113.8,75.6,False,802957
CRI-03622,2024-11-18,Môle 1,Denrées alimentaires,2,467,Transporteur C,Bamako (Mali),1221.1,Lundi,sèche,dédouané avant arrivée,85.8,41.2,True,610593
CRI-03623,2024-11-18,Môle 1,Import général,2,477,Transporteur F,Dakar (local),20.1,Lundi,sèche,dédouanement en cours,105.1,54.0,False,1048906
CRI-03624,2024-11-18,Môle 1,Import général,1,392,Transporteur E,Thiès,72.1,Lundi,sèche,dédouanement en cours,89.5,40.4,False,328047
CRI-03625,2024-11-18,Terminal à Conteneurs,Équipements industriels,1,415,Transporteur A,Dakar (local),19.8,Lundi,sèche,dédouanement en cours,106.7,39.5,False,408195
CRI-03626,2024-11-18,Môle 8,Import général,1,509,Transporteur F,Bamako (Mali),1224.0,Lundi,sèche,dédouané avant arrivée,63.1,83.6,True,468892
CRI-03627,2024-11-18,Môle 8,Biens de consommation,1,418,Transporteur A,Bamako (Mali),1290.1,Lundi,sèche,dédouanement en cours,72.0,82.0,True,555718
CRI-03628,2024-11-18,Terminal Roulier,Import général,1,409,Transporteur B,Bamako (Mali),1226.2,Lundi,sèche,dédouanement en cours,109.9,67.3,False,655315
CRI-03629,2024-11-18,Môle 1,Hydrocarbures,3,441,Transporteur A,Thiès,76.2,Lundi,sèche,dédouanement en cours,79.3,74.6,False,1679807
CRI-03630,2024-11-19,Terminal à Conteneurs,Import général,3,410,Transporteur B,Touba,194.3,Mardi,sèche,dédouané avant arrivée,61.9,65.6,False,1159213
CRI-03631,2024-11-19,Môle 1,Biens de consommation,1,512,Transporteur G,Bamako (Mali),1251.5,Mardi,sèche,dédouané avant arrivée,69.8,82.2,True,401699
CRI-03632,2024-11-19,Môle 1,Denrées alimentaires,2,420,Transporteur B,Dakar (local),20.0,Mardi,sèche,dédouanement en cours,63.8,27.9,False,186178
CRI-03633,2024-11-19,Terminal à Conteneurs,Denrées alimentaires,1,397,Transporteur F,Ziguinchor,477.9,Mardi,sèche,dédouanement en cours,89.5,68.2,False,578802
CRI-03634,2024-11-19,Terminal à Conteneurs,Denrées alimentaires,1,458,Transporteur G,Dakar (local),21.0,Mardi,sèche,dédouané avant arrivée,23.6,155.4,False,679377
CRI-03635,2024-11-19,Terminal à Conteneurs,Matériaux de construction,1,360,Transporteur F,Kaolack,186.7,Mardi,sèche,bloqué (litige/documents),133.5,47.8,False,672140
CRI-03636,2024-11-19,Terminal Roulier,Denrées alimentaires,1,459,Transporteur indépendant,Thiès,66.7,Mardi,sèche,dédouanement en cours,87.2,73.2,False,445333
CRI-03637,2024-11-19,Môle 8,Hydrocarbures,1,444,Transporteur G,Touba,182.1,Mardi,sèche,dédouané avant arrivée,77.5,49.4,False,318129
CRI-03638,2024-11-19,Môle 3,Denrées alimentaires,1,410,Transporteur A,Dakar (local),19.2,Mardi,sèche,dédouané avant arrivée,93.8,19.6,False,281192
CRI-03639,2024-11-19,Terminal à Conteneurs,Biens de consommation,1,578,Transporteur C,Bamako (Mali),1225.6,Mardi,sèche,dédouané avant arrivée,106.3,99.5,True,831273
CRI-03640,2024-11-19,Terminal à Conteneurs,Denrées alimentaires,2,620,Transporteur D,Dakar (local),19.7,Mardi,sèche,dédouanement en cours,104.4,76.2,True,1459163
CRI-03641,2024-11-20,Môle 8,Denrées alimentaires,2,452,Transporteur indépendant,Bamako (Mali),1169.3,Mercredi,sèche,dédouanement en cours,93.6,43.0,True,734988
CRI-03642,2024-11-20,Terminal à Conteneurs,Matériaux de construction,2,343,Transporteur B,Kayes (Mali),998.4,Mercredi,sèche,dédouanement en cours,97.1,58.9,True,832547
CRI-03643,2024-11-20,Terminal à Conteneurs,Import général,1,422,Transporteur F,Bamako (Mali),1207.5,Mercredi,sèche,dédouané avant arrivée,41.5,58.1,True,150661
CRI-03644,2024-11-20,Môle 8,Matériaux de construction,1,367,Transporteur C,Dakar (local),20.2,Mercredi,sèche,dédouanement en cours,91.7,52.3,False,353026
CRI-03645,2024-11-20,Terminal Roulier,Hydrocarbures,2,410,Transporteur indépendant,Bamako (Mali),1221.2,Mercredi,sèche,dédouanement en cours,62.9,40.5,True,364610
CRI-03646,2024-11-20,Terminal à Conteneurs,Import général,1,427,Transporteur F,Touba,193.7,Mercredi,sèche,dédouanement en cours,33.6,42.6,False,27541
CRI-03647,2024-11-20,Môle 3,Import général,1,398,Transporteur A,Kaolack,202.0,Mercredi,sèche,dédouanement en cours,71.1,40.2,False,197568
CRI-03648,2024-11-20,Terminal Roulier,Import général,2,433,Transporteur E,Dakar (local),20.5,Mercredi,sèche,dédouané avant arrivée,62.9,72.7,False,706394
CRI-03649,2024-11-21,Môle 1,Équipements industriels,2,397,Transporteur E,Touba,199.0,Jeudi,sèche,bloqué (litige/documents),141.3,35.8,False,1279089
CRI-03650,2024-11-21,Môle 8,Équipements industriels,1,354,Transporteur E,Dakar (local),20.0,Jeudi,sèche,dédouanement en cours,71.6,25.3,False,155990
CRI-03651,2024-11-21,Môle 8,Import général,1,299,Transporteur A,Kaolack,191.1,Jeudi,sèche,dédouanement en cours,95.5,43.1,False,315961
CRI-03652,2024-11-21,Môle 8,Équipements industriels,3,381,Transporteur G,Dakar (local),19.3,Jeudi,sèche,bloqué (litige/documents),94.6,53.5,False,1336989
CRI-03653,2024-11-21,Terminal à Conteneurs,Import général,2,306,Transporteur C,Kaolack,187.6,Jeudi,sèche,dédouané avant arrivée,79.5,54.3,False,595450
CRI-03654,2024-11-21,Môle 8,Hydrocarbures,1,387,Transporteur indépendant,Bamako (Mali),1184.5,Jeudi,sèche,bloqué (litige/documents),127.4,41.9,True,505729
CRI-03655,2024-11-21,Môle 3,Import général,2,376,Transporteur D,Touba,192.6,Jeudi,sèche,dédouanement en cours,94.0,54.5,False,975728
CRI-03656,2024-11-21,Môle 8,Import général,1,297,Transporteur E,Dakar (local),19.7,Jeudi,sèche,dédouané avant arrivée,45.3,40.0,False,85263
CRI-03657,2024-11-21,Terminal à Conteneurs,Matériaux de construction,1,394,Transporteur indépendant,Dakar (local),20.2,Jeudi,sèche,dédouanement en cours,83.6,23.0,False,223927
CRI-03658,2024-11-21,Môle 3,Matériaux de construction,1,440,Transporteur B,Dakar (local),19.8,Jeudi,sèche,dédouanement en cours,38.9,51.2,False,114145
CRI-03659,2024-11-21,Môle 1,Matériaux de construction,2,376,Transporteur F,Kaolack,180.3,Jeudi,sèche,dédouané avant arrivée,72.2,53.7,False,692950
CRI-03660,2024-11-21,Terminal à Conteneurs,Denrées alimentaires,2,372,Transporteur A,Thiès,67.6,Jeudi,sèche,dédouanement en cours,79.6,41.2,False,502285
CRI-03661,2024-11-22,Terminal à Conteneurs,Biens de consommation,2,308,Transporteur F,Dakar (local),20.5,Vendredi,sèche,dédouanement en cours,75.6,55.5,False,805850
CRI-03662,2024-11-22,Môle 3,Denrées alimentaires,2,392,Transporteur G,Thiès,69.0,Vendredi,sèche,dédouané avant arrivée,73.6,35.1,False,346453
CRI-03663,2024-11-22,Môle 8,Denrées alimentaires,1,301,Transporteur E,Dakar (local),21.4,Vendredi,sèche,dédouané avant arrivée,38.1,38.8,False,24100
CRI-03664,2024-11-22,Terminal Roulier,Hydrocarbures,1,296,Transporteur A,Dakar (local),21.2,Vendredi,sèche,dédouané avant arrivée,53.7,29.8,False,58976
CRI-03665,2024-11-22,Môle 1,Denrées alimentaires,1,337,Transporteur A,Kaolack,190.0,Vendredi,sèche,dédouané avant arrivée,43.5,41.1,False,66506
CRI-03666,2024-11-22,Terminal à Conteneurs,Denrées alimentaires,1,285,Transporteur G,Kayes (Mali),945.9,Vendredi,sèche,dédouané avant arrivée,54.2,13.3,False,0
CRI-03667,2024-11-22,Terminal à Conteneurs,Hydrocarbures,1,368,Transporteur indépendant,Kaolack,199.1,Vendredi,sèche,bloqué (litige/documents),49.5,37.8,False,102168
CRI-03668,2024-11-22,Môle 1,Matériaux de construction,2,406,Transporteur F,Thiès,69.3,Vendredi,sèche,dédouanement en cours,67.2,58.2,False,539764
CRI-03669,2024-11-23,Môle 1,Biens de consommation,1,376,Transporteur indépendant,Kaédi (Mauritanie),470.7,Samedi,sèche,dédouanement en cours,65.2,38.6,False,198656
CRI-03670,2024-11-23,Môle 1,Biens de consommation,2,457,Transporteur C,Dakar (local),20.4,Samedi,sèche,dédouanement en cours,76.0,63.3,False,616683
CRI-03671,2024-11-23,Môle 8,Biens de consommation,1,361,Transporteur G,Thiès,66.5,Samedi,sèche,dédouané avant arrivée,66.4,39.6,False,161980
CRI-03672,2024-11-23,Môle 3,Biens de consommation,2,356,Transporteur indépendant,Ziguinchor,468.0,Samedi,sèche,dédouanement en cours,40.8,56.1,False,256690
CRI-03673,2024-11-23,Môle 3,Denrées alimentaires,3,384,Transporteur C,Kaolack,188.8,Samedi,sèche,dédouanement en cours,138.2,45.7,False,1839408
CRI-03674,2024-11-23,Terminal à Conteneurs,Matériaux de construction,1,374,Transporteur G,Thiès,69.0,Samedi,sèche,dédouané avant arrivée,58.3,35.3,False,129820
CRI-03675,2024-11-23,Môle 3,Import général,2,404,Transporteur A,Tambacounda,438.9,Samedi,sèche,dédouané avant arrivée,81.7,38.1,False,561983
CRI-03676,2024-11-23,Môle 8,Matériaux de construction,2,394,Transporteur D,Tambacounda,474.8,Samedi,sèche,dédouanement en cours,85.8,84.5,True,1358265
CRI-03677,2024-11-23,Terminal Roulier,Matériaux de construction,1,356,Transporteur D,Bamako (Mali),1239.6,Samedi,sèche,dédouanement en cours,112.1,49.7,True,574958
CRI-03678,2024-11-23,Môle 1,Denrées alimentaires,1,379,Transporteur F,Kaédi (Mauritanie),466.5,Samedi,sèche,dédouanement en cours,80.1,56.1,False,414217
CRI-03679,2024-11-23,Terminal Roulier,Hydrocarbures,2,404,Transporteur E,Bamako (Mali),1306.7,Samedi,sèche,dédouané avant arrivée,64.1,65.6,True,681684
CRI-03680,2024-11-23,Môle 3,Import général,2,323,Transporteur G,Thiès,73.3,Samedi,sèche,dédouanement en cours,64.0,37.3,False,408482
CRI-03681,2024-11-23,Terminal à Conteneurs,Denrées alimentaires,2,372,Transporteur D,Dakar (local),19.7,Samedi,sèche,dédouané avant arrivée,68.3,55.7,False,469326
CRI-03682,2024-11-24,Terminal à Conteneurs,Équipements industriels,1,303,Transporteur E,Bamako (Mali),1209.9,Dimanche,sèche,dédouanement en cours,74.8,78.2,False,558786
CRI-03683,2024-11-24,Môle 8,Import général,1,280,Transporteur G,Dakar (local),20.5,Dimanche,sèche,dédouané avant arrivée,38.3,28.0,False,0
CRI-03684,2024-11-24,Terminal Roulier,Hydrocarbures,4,251,Transporteur A,Bamako (Mali),1246.5,Dimanche,sèche,dédouané avant arrivée,37.9,13.3,False,0
CRI-03685,2024-11-24,Môle 3,Matériaux de construction,1,293,Transporteur G,Bamako (Mali),1228.8,Dimanche,sèche,dédouané avant arrivée,52.5,49.9,False,160060
CRI-03686,2024-11-24,Môle 1,Import général,2,271,Transporteur B,Ziguinchor,418.1,Dimanche,sèche,dédouanement en cours,82.5,18.0,False,377324
CRI-03687,2024-11-24,Terminal à Conteneurs,Hydrocarbures,2,270,Transporteur D,Dakar (local),20.2,Dimanche,sèche,dédouané avant arrivée,44.3,50.5,False,315047
CRI-03688,2024-11-24,Terminal à Conteneurs,Import général,1,298,Transporteur D,Thiès,68.7,Dimanche,sèche,dédouané avant arrivée,48.9,36.7,False,63717
CRI-03689,2024-11-24,Terminal à Conteneurs,Import général,1,278,Transporteur indépendant,Kaédi (Mauritanie),475.6,Dimanche,sèche,bloqué (litige/documents),70.2,47.7,False,240968
CRI-03690,2024-11-24,Terminal à Conteneurs,Import général,1,269,Transporteur indépendant,Bamako (Mali),1199.7,Dimanche,sèche,dédouanement en cours,70.7,32.5,True,151878
CRI-03691,2024-11-25,Môle 8,Équipements industriels,2,349,Transporteur A,Touba,194.0,Lundi,sèche,dédouané avant arrivée,72.0,57.6,False,757533
CRI-03692,2024-11-25,Môle 8,Biens de consommation,1,480,Transporteur A,Bamako (Mali),1252.3,Lundi,sèche,dédouanement en cours,80.4,61.8,True,333735
CRI-03693,2024-11-25,Terminal à Conteneurs,Denrées alimentaires,2,419,Transporteur G,Thiès,69.3,Lundi,sèche,dédouané avant arrivée,82.4,44.4,False,638066
CRI-03694,2024-11-25,Môle 1,Denrées alimentaires,1,399,Transporteur C,Dakar (local),19.8,Lundi,sèche,dédouanement en cours,77.9,62.2,False,395528
CRI-03695,2024-11-25,Môle 8,Biens de consommation,1,408,Transporteur F,Dakar (local),20.2,Lundi,sèche,dédouané avant arrivée,70.5,53.2,False,337622
CRI-03696,2024-11-25,Terminal à Conteneurs,Denrées alimentaires,1,413,Transporteur A,Dakar (local),19.7,Lundi,sèche,dédouanement en cours,66.9,45.7,False,187413
CRI-03697,2024-11-25,Môle 8,Import général,1,493,Transporteur G,Kaédi (Mauritanie),465.5,Lundi,sèche,bloqué (litige/documents),81.3,52.4,True,401567
CRI-03698,2024-11-25,Môle 1,Biens de consommation,2,409,Transporteur E,Dakar (local),19.5,Lundi,sèche,dédouanement en cours,84.2,32.7,False,528010
CRI-03699,2024-11-25,Môle 3,Équipements industriels,1,415,Transporteur B,Dakar (local),20.7,Lundi,sèche,dédouanement en cours,70.1,78.2,False,427653
CRI-03700,2024-11-25,Terminal à Conteneurs,Biens de consommation,2,347,Transporteur A,Bamako (Mali),1219.9,Lundi,sèche,dédouanement en cours,66.6,50.2,False,477763
CRI-03701,2024-11-25,Terminal à Conteneurs,Biens de consommation,1,448,Transporteur G,Kaolack,181.0,Lundi,sèche,dédouanement en cours,86.3,104.5,False,608818
CRI-03702,2024-11-25,Terminal à Conteneurs,Hydrocarbures,1,407,Transporteur E,Thiès,66.0,Lundi,sèche,dédouané avant arrivée,89.3,47.8,False,454575
CRI-03703,2024-11-25,Terminal Roulier,Import général,1,390,Transporteur F,Thiès,72.7,Lundi,sèche,dédouanement en cours,69.8,37.1,False,216928
CRI-03704,2024-11-25,Môle 8,Import général,3,525,Transporteur indépendant,Thiès,67.9,Lundi,sèche,dédouané avant arrivée,80.5,38.2,False,697183
CRI-03705,2024-11-26,Môle 1,Denrées alimentaires,1,490,Transporteur F,Thiès,74.3,Mardi,sèche,dédouanement en cours,117.4,103.1,False,768575
CRI-03706,2024-11-26,Môle 8,Denrées alimentaires,2,444,Transporteur A,Kaolack,182.7,Mardi,sèche,dédouané avant arrivée,27.3,29.6,False,0
CRI-03707,2024-11-26,Môle 3,Import général,1,445,Transporteur A,Kaédi (Mauritanie),482.0,Mardi,sèche,dédouanement en cours,53.3,38.8,False,137559
CRI-03708,2024-11-26,Terminal Roulier,Biens de consommation,1,448,Transporteur B,Kaédi (Mauritanie),464.3,Mardi,sèche,dédouané avant arrivée,44.4,45.2,False,84868
CRI-03709,2024-11-26,Terminal Roulier,Import général,2,460,Transporteur G,Dakar (local),19.2,Mardi,sèche,bloqué (litige/documents),81.3,38.5,False,602326
CRI-03710,2024-11-26,Môle 3,Matériaux de construction,3,430,Transporteur F,Kaolack,177.0,Mardi,sèche,dédouanement en cours,117.9,78.6,False,2043435
CRI-03711,2024-11-26,Terminal à Conteneurs,Matériaux de construction,1,393,Transporteur indépendant,Tambacounda,452.7,Mardi,sèche,dédouané avant arrivée,59.4,66.0,True,365113
CRI-03712,2024-11-26,Terminal Roulier,Denrées alimentaires,1,471,Transporteur E,Bamako (Mali),1225.7,Mardi,sèche,dédouanement en cours,135.6,43.5,True,594220
CRI-03713,2024-11-26,Terminal à Conteneurs,Import général,2,448,Transporteur B,Bamako (Mali),1167.4,Mardi,sèche,dédouanement en cours,95.7,28.8,True,635508
CRI-03714,2024-11-26,Môle 8,Import général,2,388,Transporteur E,Bamako (Mali),1208.5,Mardi,sèche,dédouané avant arrivée,64.7,46.0,True,477451
CRI-03715,2024-11-26,Môle 3,Équipements industriels,2,521,Transporteur F,Touba,196.1,Mardi,sèche,dédouanement en cours,79.4,37.3,False,407081
CRI-03716,2024-11-27,Môle 8,Équipements industriels,2,435,Transporteur D,Bamako (Mali),1231.9,Mercredi,sèche,dédouanement en cours,75.5,45.3,True,440691
CRI-03717,2024-11-27,Môle 3,Hydrocarbures,1,341,Transporteur C,Thiès,72.5,Mercredi,sèche,dédouanement en cours,82.0,45.6,False,339640
CRI-03718,2024-11-27,Terminal Roulier,Import général,4,368,Transporteur E,Tambacounda,495.1,Mercredi,sèche,dédouané avant arrivée,50.8,64.5,False,1011589
CRI-03719,2024-11-27,Terminal à Conteneurs,Hydrocarbures,1,303,Transporteur A,Bamako (Mali),1218.8,Mercredi,sèche,dédouané avant arrivée,50.6,12.4,False,0
CRI-03720,2024-11-27,Môle 1,Import général,1,468,Transporteur F,Dakar (local),20.2,Mercredi,sèche,dédouané avant arrivée,88.6,47.3,False,327062
CRI-03721,2024-11-27,Terminal à Conteneurs,Import général,1,416,Transporteur E,Touba,186.3,Mercredi,sèche,bloqué (litige/documents),170.4,55.9,False,876012
CRI-03722,2024-11-27,Môle 8,Matériaux de construction,1,448,Transporteur D,Dakar (local),20.7,Mercredi,sèche,dédouané avant arrivée,50.6,55.5,False,203980
CRI-03723,2024-11-27,Terminal à Conteneurs,Denrées alimentaires,2,381,Transporteur indépendant,Dakar (local),19.9,Mercredi,sèche,dédouanement en cours,72.3,66.2,False,760080
CRI-03724,2024-11-27,Terminal à Conteneurs,Hydrocarbures,1,420,Transporteur G,Thiès,73.2,Mercredi,sèche,dédouanement en cours,91.0,29.4,False,237229
CRI-03725,2024-11-27,Môle 1,Import général,2,450,Transporteur F,Dakar (local),20.9,Mercredi,sèche,dédouané avant arrivée,71.2,21.6,False,235499
CRI-03726,2024-11-27,Terminal à Conteneurs,Import général,1,373,Transporteur A,Dakar (local),20.2,Mercredi,sèche,dédouané avant arrivée,110.6,48.3,False,602866
CRI-03727,2024-11-27,Terminal à Conteneurs,Denrées alimentaires,2,404,Transporteur indépendant,Dakar (local),20.2,Mercredi,sèche,dédouané avant arrivée,43.9,34.8,False,69907
CRI-03728,2024-11-27,Terminal à Conteneurs,Équipements industriels,1,394,Transporteur G,Kaolack,186.7,Mercredi,sèche,dédouanement en cours,93.1,35.6,False,278200
CRI-03729,2024-11-27,Terminal à Conteneurs,Équipements industriels,2,329,Transporteur D,Kayes (Mali),962.5,Mercredi,sèche,bloqué (litige/documents),110.0,42.1,False,799975
CRI-03730,2024-11-27,Môle 8,Import général,1,380,Transporteur indépendant,Dakar (local),20.5,Mercredi,sèche,dédouanement en cours,68.7,35.2,False,219066
CRI-03731,2024-11-27,Terminal à Conteneurs,Matériaux de construction,4,313,Transporteur E,Dakar (local),19.9,Mercredi,sèche,dédouané avant arrivée,50.2,33.1,False,270884
CRI-03732,2024-11-27,Terminal Roulier,Biens de consommation,2,328,Transporteur G,Dakar (local),19.7,Mercredi,sèche,dédouanement en cours,83.1,56.5,False,871987
CRI-03733,2024-11-28,Môle 3,Import général,4,439,Transporteur F,Bamako (Mali),1228.8,Jeudi,sèche,dédouané avant arrivée,91.9,59.3,True,2181736
CRI-03734,2024-11-28,Môle 1,Équipements industriels,1,436,Transporteur indépendant,Tambacounda,475.8,Jeudi,sèche,dédouané avant arrivée,66.0,85.6,True,434920
CRI-03735,2024-11-28,Terminal à Conteneurs,Import général,2,282,Transporteur indépendant,Dakar (local),19.6,Jeudi,sèche,dédouané avant arrivée,41.2,43.2,False,125510
CRI-03736,2024-11-28,Môle 3,Denrées alimentaires,3,412,Transporteur A,Kayes (Mali),974.5,Jeudi,sèche,dédouané avant arrivée,55.8,58.1,False,708439
CRI-03737,2024-11-28,Môle 1,Import général,1,385,Transporteur indépendant,Tambacounda,474.2,Jeudi,sèche,dédouanement en cours,47.3,58.7,True,164875
CRI-03738,2024-11-28,Môle 8,Denrées alimentaires,1,380,Transporteur B,Touba,187.2,Jeudi,sèche,dédouané avant arrivée,74.5,24.0,False,169749
CRI-03739,2024-11-28,Terminal à Conteneurs,Hydrocarbures,2,386,Transporteur C,Kayes (Mali),950.9,Jeudi,sèche,dédouané avant arrivée,77.2,25.4,True,372360
CRI-03740,2024-11-28,Terminal Roulier,Matériaux de construction,1,430,Transporteur F,Kayes (Mali),963.0,Jeudi,sèche,dédouanement en cours,151.1,43.2,True,699232
CRI-03741,2024-11-28,Terminal à Conteneurs,Matériaux de construction,1,391,Transporteur G,Dakar (local),19.6,Jeudi,sèche,dédouanement en cours,107.4,60.8,False,567335
CRI-03742,2024-11-28,Terminal Roulier,Matériaux de construction,1,362,Transporteur F,Bamako (Mali),1227.8,Jeudi,sèche,dédouané avant arrivée,40.2,57.3,True,140534
CRI-03743,2024-11-28,Môle 1,Hydrocarbures,1,380,Transporteur A,Kaolack,188.9,Jeudi,sèche,bloqué (litige/documents),121.9,46.5,False,520893
CRI-03744,2024-11-28,Terminal à Conteneurs,Import général,2,390,Transporteur D,Tambacounda,467.0,Jeudi,sèche,bloqué (litige/documents),138.3,55.2,False,1594028
CRI-03745,2024-11-29,Terminal Roulier,Import général,1,378,Transporteur indépendant,Dakar (local),19.1,Vendredi,sèche,dédouané avant arrivée,70.3,46.5,False,304188
CRI-03746,2024-11-29,Terminal à Conteneurs,Import général,1,282,Transporteur A,Bamako (Mali),1313.7,Vendredi,sèche,dédouanement en cours,64.3,33.8,False,162106
CRI-03747,2024-11-29,Môle 3,Denrées alimentaires,2,408,Transporteur F,Dakar (local),21.2,Vendredi,sèche,dédouané avant arrivée,87.9,60.2,False,709572
CRI-03748,2024-11-29,Môle 1,Import général,1,372,Transporteur G,Kayes (Mali),928.8,Vendredi,sèche,dédouanement en cours,88.4,64.5,False,459319
CRI-03749,2024-11-29,Terminal Roulier,Import général,1,368,Transporteur indépendant,Bamako (Mali),1203.7,Vendredi,sèche,dédouané avant arrivée,38.6,32.9,True,0
CRI-03750,2024-11-29,Terminal à Conteneurs,Import général,1,392,Transporteur F,Kaolack,201.2,Vendredi,sèche,dédouanement en cours,126.7,43.7,False,590673
CRI-03751,2024-11-29,Terminal à Conteneurs,Import général,1,373,Transporteur indépendant,Dakar (local),19.7,Vendredi,sèche,bloqué (litige/documents),122.3,54.4,False,510573
CRI-03752,2024-11-29,Terminal Roulier,Import général,1,453,Transporteur C,Thiès,70.3,Vendredi,sèche,dédouané avant arrivée,36.8,87.5,False,361593
CRI-03753,2024-11-29,Terminal à Conteneurs,Import général,2,412,Transporteur G,Dakar (local),20.4,Vendredi,sèche,dédouanement en cours,90.1,50.5,False,717266
CRI-03754,2024-11-30,Terminal à Conteneurs,Import général,1,368,Transporteur G,Dakar (local),19.8,Samedi,sèche,dédouané avant arrivée,79.1,25.7,False,160064
CRI-03755,2024-11-30,Terminal à Conteneurs,Denrées alimentaires,1,400,Transporteur F,Thiès,69.8,Samedi,sèche,dédouané avant arrivée,56.5,38.1,False,142553
CRI-03756,2024-11-30,Môle 1,Biens de consommation,1,458,Transporteur A,Tambacounda,458.2,Samedi,sèche,dédouanement en cours,101.7,35.7,False,336246
CRI-03757,2024-11-30,Môle 1,Matériaux de construction,1,329,Transporteur B,Bamako (Mali),1220.8,Samedi,sèche,dédouanement en cours,97.3,91.8,False,630891
CRI-03758,2024-11-30,Môle 1,Import général,1,358,Transporteur A,Bamako (Mali),1221.5,Samedi,sèche,dédouané avant arrivée,77.2,57.5,True,383227
CRI-03759,2024-11-30,Môle 8,Import général,1,392,Transporteur B,Kaédi (Mauritanie),491.2,Samedi,sèche,dédouané avant arrivée,60.7,48.9,False,246418
CRI-03760,2024-11-30,Môle 3,Biens de consommation,1,453,Transporteur F,Bamako (Mali),1221.8,Samedi,sèche,dédouané avant arrivée,65.5,60.5,True,368161
CRI-03761,2024-11-30,Terminal à Conteneurs,Hydrocarbures,1,422,Transporteur C,Dakar (local),19.9,Samedi,sèche,dédouané avant arrivée,39.8,53.4,False,105749
CRI-03762,2024-11-30,Môle 3,Import général,1,398,Transporteur D,Kaolack,193.1,Samedi,sèche,dédouanement en cours,91.8,25.8,False,259646
CRI-03763,2024-11-30,Terminal à Conteneurs,Matériaux de construction,4,361,Transporteur indépendant,Bamako (Mali),1208.9,Samedi,sèche,dédouané avant arrivée,72.1,50.0,True,992672
CRI-03764,2024-11-30,Môle 3,Matériaux de construction,3,334,Transporteur indépendant,Kayes (Mali),927.4,Samedi,sèche,dédouané avant arrivée,38.5,45.4,True,231733
CRI-03765,2024-11-30,Môle 1,Import général,2,363,Transporteur E,Kaolack,188.8,Samedi,sèche,dédouanement en cours,84.2,38.8,False,531166
CRI-03766,2024-11-30,Môle 8,Matériaux de construction,1,337,Transporteur C,Tambacounda,506.6,Samedi,sèche,dédouané avant arrivée,64.6,27.5,False,94992
CRI-03767,2024-11-30,Terminal à Conteneurs,Matériaux de construction,1,454,Transporteur indépendant,Dakar (local),19.4,Samedi,sèche,dédouanement en cours,87.7,53.3,True,474326
CRI-03768,2024-11-30,Terminal à Conteneurs,Denrées alimentaires,1,333,Transporteur E,Dakar (local),20.1,Samedi,sèche,dédouanement en cours,65.0,52.0,False,262154
CRI-03769,2024-12-01,Môle 8,Hydrocarbures,4,276,Transporteur D,Thiès,68.0,Dimanche,sèche,dédouané avant arrivée,53.2,45.7,False,602419
CRI-03770,2024-12-01,Môle 8,Matériaux de construction,1,252,Transporteur A,Kayes (Mali),934.4,Dimanche,sèche,bloqué (litige/documents),107.6,32.8,False,419109
CRI-03771,2024-12-01,Terminal Roulier,Import général,2,310,Transporteur D,Dakar (local),21.8,Dimanche,sèche,bloqué (litige/documents),71.4,50.9,False,490689
CRI-03772,2024-12-01,Terminal Roulier,Import général,2,249,Transporteur G,Kayes (Mali),961.4,Dimanche,sèche,dédouané avant arrivée,46.4,35.0,False,95574
CRI-03773,2024-12-01,Terminal Roulier,Import général,1,252,Transporteur F,Bamako (Mali),1226.8,Dimanche,sèche,dédouané avant arrivée,53.6,50.6,True,204782
CRI-03774,2024-12-01,Terminal à Conteneurs,Équipements industriels,2,273,Transporteur D,Tambacounda,470.0,Dimanche,sèche,dédouanement en cours,44.5,22.4,False,0
CRI-03775,2024-12-01,Terminal à Conteneurs,Import général,2,237,Transporteur F,Tambacounda,456.9,Dimanche,sèche,dédouané avant arrivée,57.0,33.1,False,164117
CRI-03776,2024-12-01,Terminal à Conteneurs,Biens de consommation,3,272,Transporteur E,Bamako (Mali),1287.0,Dimanche,sèche,dédouané avant arrivée,56.2,30.5,True,278229
CRI-03777,2024-12-01,Terminal Roulier,Équipements industriels,1,348,Transporteur indépendant,Kayes (Mali),920.2,Dimanche,sèche,bloqué (litige/documents),160.7,51.7,True,814523
CRI-03778,2024-12-01,Môle 8,Denrées alimentaires,1,345,Transporteur G,Bamako (Mali),1194.7,Dimanche,sèche,dédouanement en cours,81.4,39.4,True,275860
CRI-03779,2024-12-02,Terminal Roulier,Denrées alimentaires,2,422,Transporteur G,Touba,195.4,Lundi,sèche,dédouanement en cours,104.9,26.4,False,681416
CRI-03780,2024-12-02,Môle 8,Hydrocarbures,3,518,Transporteur F,Dakar (local),19.2,Lundi,sèche,dédouané avant arrivée,75.4,78.6,False,1531735
CRI-03781,2024-12-02,Môle 8,Import général,2,431,Transporteur C,Kaolack,185.4,Lundi,sèche,bloqué (litige/documents),76.7,59.3,False,830107
CRI-03782,2024-12-02,Terminal à Conteneurs,Import général,2,448,Transporteur G,Tambacounda,479.3,Lundi,sèche,dédouané avant arrivée,55.1,65.4,False,537504
CRI-03783,2024-12-02,Môle 8,Denrées alimentaires,3,362,Transporteur C,Touba,192.7,Lundi,sèche,bloqué (litige/documents),134.6,34.7,True,1570117
CRI-03784,2024-12-02,Terminal à Conteneurs,Équipements industriels,2,339,Transporteur F,Ziguinchor,454.9,Lundi,sèche,dédouané avant arrivée,64.3,41.3,False,421321
CRI-03785,2024-12-02,Terminal à Conteneurs,Hydrocarbures,1,496,Transporteur D,Ziguinchor,449.2,Lundi,sèche,dédouané avant arrivée,40.4,95.6,True,312648
CRI-03786,2024-12-03,Terminal Roulier,Équipements industriels,1,387,Transporteur B,Thiès,68.2,Mardi,sèche,dédouané avant arrivée,61.7,53.6,False,269757
CRI-03787,2024-12-03,Môle 3,Biens de consommation,1,417,Transporteur A,Dakar (local),19.7,Mardi,sèche,dédouané avant arrivée,63.9,45.0,False,195164
CRI-03788,2024-12-03,Terminal Roulier,Biens de consommation,1,491,Transporteur F,Ziguinchor,454.7,Mardi,sèche,dédouanement en cours,82.7,50.4,True,377313
CRI-03789,2024-12-03,Môle 3,Import général,1,373,Transporteur F,Bamako (Mali),1220.4,Mardi,sèche,dédouané avant arrivée,94.3,32.0,False,351531
CRI-03790,2024-12-04,Môle 8,Matériaux de construction,1,325,Transporteur B,Bamako (Mali),1261.0,Mercredi,sèche,dédouané avant arrivée,44.0,50.5,False,113372
CRI-03791,2024-12-04,Terminal Roulier,Biens de consommation,1,395,Transporteur G,Kayes (Mali),983.5,Mercredi,sèche,dédouanement en cours,114.2,35.4,False,418364
CRI-03792,2024-12-04,Terminal à Conteneurs,Denrées alimentaires,1,374,Transporteur E,Kaédi (Mauritanie),455.3,Mercredi,sèche,bloqué (litige/documents),92.1,42.6,False,330058
CRI-03793,2024-12-04,Môle 8,Denrées alimentaires,4,329,Transporteur indépendant,Ziguinchor,449.5,Mercredi,sèche,bloqué (litige/documents),111.4,50.4,True,2099303
CRI-03794,2024-12-04,Terminal à Conteneurs,Import général,3,312,Transporteur E,Bamako (Mali),1219.8,Mercredi,sèche,dédouanement en cours,94.1,47.3,True,1095927
CRI-03795,2024-12-04,Terminal à Conteneurs,Import général,2,311,Transporteur C,Bamako (Mali),1260.0,Mercredi,sèche,dédouané avant arrivée,38.7,38.3,True,54956
CRI-03796,2024-12-04,Môle 1,Import général,1,360,Transporteur B,Kaédi (Mauritanie),466.5,Mercredi,sèche,dédouané avant arrivée,72.7,49.4,False,335303
CRI-03797,2024-12-04,Terminal à Conteneurs,Import général,1,246,Transporteur B,Kayes (Mali),888.7,Mercredi,sèche,bloqué (litige/documents),109.7,30.4,False,429061
CRI-03798,2024-12-04,Terminal à Conteneurs,Denrées alimentaires,1,486,Transporteur E,Dakar (local),20.5,Mercredi,sèche,dédouanement en cours,83.2,88.0,False,482541
CRI-03799,2024-12-04,Môle 1,Matériaux de construction,2,355,Transporteur C,Touba,186.6,Mercredi,sèche,dédouané avant arrivée,54.1,71.0,False,722370
CRI-03800,2024-12-04,Terminal à Conteneurs,Denrées alimentaires,2,316,Transporteur G,Kaolack,187.0,Mercredi,sèche,dédouané avant arrivée,54.8,42.2,False,270210
CRI-03801,2024-12-04,Môle 1,Import général,1,390,Transporteur C,Kaédi (Mauritanie),468.7,Mercredi,sèche,bloqué (litige/documents),130.8,77.5,False,813863
CRI-03802,2024-12-04,Môle 1,Import général,2,344,Transporteur C,Kaolack,193.5,Mercredi,sèche,dédouané avant arrivée,39.6,33.4,False,10605
CRI-03803,2024-12-04,Môle 1,Import général,1,341,Transporteur D,Bamako (Mali),1223.4,Mercredi,sèche,dédouanement en cours,69.5,22.5,True,116142
CRI-03804,2024-12-05,Terminal Roulier,Denrées alimentaires,1,437,Transporteur D,Kaolack,203.1,Jeudi,sèche,dédouané avant arrivée,79.1,81.5,False,549526
CRI-03805,2024-12-05,Môle 1,Import général,1,351,Transporteur B,Bamako (Mali),1173.5,Jeudi,sèche,dédouané avant arrivée,36.6,42.4,False,39843
CRI-03806,2024-12-05,Terminal à Conteneurs,Hydrocarbures,1,418,Transporteur E,Kayes (Mali),981.8,Jeudi,sèche,dédouané avant arrivée,53.0,39.6,False,113029
CRI-03807,2024-12-05,Terminal à Conteneurs,Import général,1,311,Transporteur D,Bamako (Mali),1196.2,Jeudi,sèche,bloqué (litige/documents),108.6,31.1,True,405522
CRI-03808,2024-12-05,Môle 1,Biens de consommation,2,378,Transporteur A,Kaolack,185.7,Jeudi,sèche,dédouané avant arrivée,74.2,31.6,False,316135
CRI-03809,2024-12-05,Terminal Roulier,Hydrocarbures,2,361,Transporteur D,Kaolack,189.9,Jeudi,sèche,dédouanement en cours,72.9,39.6,False,460226
CRI-03810,2024-12-05,Terminal Roulier,Denrées alimentaires,2,481,Transporteur E,Touba,197.7,Jeudi,sèche,bloqué (litige/documents),185.6,46.4,True,1784900
CRI-03811,2024-12-05,Terminal à Conteneurs,Équipements industriels,1,351,Transporteur C,Dakar (local),19.3,Jeudi,sèche,dédouanement en cours,70.4,57.5,False,270663
CRI-03812,2024-12-05,Terminal à Conteneurs,Denrées alimentaires,1,300,Transporteur F,Tambacounda,484.3,Jeudi,sèche,dédouané avant arrivée,48.4,34.1,False,55472
CRI-03813,2024-12-06,Môle 3,Matériaux de construction,2,286,Transporteur F,Kayes (Mali),964.2,Vendredi,sèche,dédouané avant arrivée,70.2,36.8,True,485937
CRI-03814,2024-12-06,Terminal à Conteneurs,Équipements industriels,3,432,Transporteur A,Dakar (local),19.9,Vendredi,sèche,dédouanement en cours,69.5,47.9,False,700301
CRI-03815,2024-12-06,Môle 8,Biens de consommation,2,389,Transporteur C,Dakar (local),19.0,Vendredi,sèche,dédouané avant arrivée,80.8,42.8,False,686782
CRI-03816,2024-12-06,Môle 8,Biens de consommation,1,337,Transporteur indépendant,Bamako (Mali),1171.6,Vendredi,sèche,dédouané avant arrivée,60.6,30.9,True,120417
CRI-03817,2024-12-06,Terminal Roulier,Biens de consommation,1,370,Transporteur G,Ziguinchor,453.3,Vendredi,sèche,dédouanement en cours,64.6,36.9,False,194464
CRI-03818,2024-12-06,Terminal à Conteneurs,Import général,1,410,Transporteur A,Bamako (Mali),1264.1,Vendredi,sèche,dédouanement en cours,131.8,47.9,True,549841
CRI-03819,2024-12-06,Môle 1,Matériaux de construction,1,406,Transporteur E,Kayes (Mali),930.3,Vendredi,sèche,dédouané avant arrivée,39.9,65.5,True,181642
CRI-03820,2024-12-06,Môle 1,Denrées alimentaires,1,396,Transporteur F,Dakar (local),19.9,Vendredi,sèche,bloqué (litige/documents),97.5,27.1,False,322047
CRI-03821,2024-12-07,Môle 1,Hydrocarbures,3,409,Transporteur indépendant,Dakar (local),19.9,Samedi,sèche,dédouané avant arrivée,38.3,42.8,False,128110
CRI-03822,2024-12-07,Môle 1,Hydrocarbures,2,341,Transporteur G,Dakar (local),19.5,Samedi,sèche,dédouanement en cours,89.9,63.4,False,765898
CRI-03823,2024-12-07,Môle 3,Import général,4,375,Transporteur indépendant,Bamako (Mali),1237.4,Samedi,sèche,dédouané avant arrivée,48.1,46.8,True,549819
CRI-03824,2024-12-07,Môle 3,Biens de consommation,1,361,Transporteur E,Ziguinchor,465.9,Samedi,sèche,dédouané avant arrivée,40.0,34.5,False,14690
CRI-03825,2024-12-07,Terminal à Conteneurs,Matériaux de construction,1,312,Transporteur A,Dakar (local),20.2,Samedi,sèche,dédouanement en cours,55.0,42.0,False,148072
CRI-03826,2024-12-07,Môle 8,Denrées alimentaires,1,382,Transporteur A,Bamako (Mali),1264.4,Samedi,sèche,dédouanement en cours,47.5,30.2,False,30067
CRI-03827,2024-12-07,Terminal à Conteneurs,Biens de consommation,2,343,Transporteur G,Thiès,71.1,Samedi,sèche,dédouané avant arrivée,72.6,38.0,False,407970
CRI-03828,2024-12-07,Môle 3,Import général,1,451,Transporteur B,Dakar (local),20.1,Samedi,sèche,dédouanement en cours,148.6,84.8,False,734964
CRI-03829,2024-12-07,Terminal à Conteneurs,Hydrocarbures,2,385,Transporteur B,Dakar (local),19.4,Samedi,sèche,dédouanement en cours,101.3,36.1,False,702944
CRI-03830,2024-12-07,Môle 1,Import général,2,382,Transporteur C,Dakar (local),19.6,Samedi,sèche,dédouané avant arrivée,72.0,64.7,False,896702
CRI-03831,2024-12-07,Terminal à Conteneurs,Matériaux de construction,1,432,Transporteur C,Dakar (local),20.9,Samedi,sèche,dédouanement en cours,97.2,60.4,False,483856
CRI-03832,2024-12-07,Terminal Roulier,Denrées alimentaires,3,328,Transporteur B,Dakar (local),20.7,Samedi,sèche,dédouanement en cours,114.1,38.3,False,1528896
CRI-03833,2024-12-07,Môle 1,Denrées alimentaires,2,314,Transporteur A,Kaolack,194.4,Samedi,sèche,dédouanement en cours,90.7,59.1,False,1042577
CRI-03834,2024-12-08,Terminal à Conteneurs,Denrées alimentaires,1,216,Transporteur F,Ziguinchor,430.9,Dimanche,sèche,dédouanement en cours,38.7,40.0,False,37968
CRI-03835,2024-12-08,Terminal Roulier,Matériaux de construction,1,254,Transporteur E,Dakar (local),19.3,Dimanche,sèche,dédouané avant arrivée,83.2,22.8,False,201898
CRI-03836,2024-12-08,Môle 1,Biens de consommation,1,338,Transporteur B,Bamako (Mali),1278.9,Dimanche,sèche,dédouanement en cours,48.7,25.2,False,11731
CRI-03837,2024-12-08,Terminal à Conteneurs,Denrées alimentaires,1,319,Transporteur C,Ziguinchor,456.1,Dimanche,sèche,dédouané avant arrivée,57.7,43.8,False,139389
CRI-03838,2024-12-08,Môle 1,Hydrocarbures,2,296,Transporteur C,Kayes (Mali),941.1,Dimanche,sèche,dédouanement en cours,98.9,31.0,False,729305
CRI-03839,2024-12-08,Terminal à Conteneurs,Équipements industriels,1,288,Transporteur indépendant,Kaolack,190.9,Dimanche,sèche,dédouané avant arrivée,37.5,56.3,False,113122
CRI-03840,2024-12-08,Terminal Roulier,Import général,1,290,Transporteur B,Bamako (Mali),1214.7,Dimanche,sèche,dédouanement en cours,40.0,30.5,False,0
CRI-03841,2024-12-08,Môle 1,Matériaux de construction,2,294,Transporteur B,Dakar (local),20.6,Dimanche,sèche,dédouanement en cours,40.0,47.1,False,136776
CRI-03842,2024-12-08,Terminal Roulier,Matériaux de construction,1,320,Transporteur G,Kaédi (Mauritanie),476.6,Dimanche,sèche,bloqué (litige/documents),105.5,22.7,False,348828
CRI-03843,2024-12-08,Terminal à Conteneurs,Biens de consommation,2,270,Transporteur A,Kaédi (Mauritanie),491.0,Dimanche,sèche,dédouanement en cours,57.1,24.1,False,128220
CRI-03844,2024-12-08,Môle 1,Équipements industriels,1,240,Transporteur B,Kayes (Mali),1003.4,Dimanche,sèche,dédouanement en cours,87.6,32.6,False,225563
CRI-03845,2024-12-09,Môle 3,Matériaux de construction,1,460,Transporteur E,Bamako (Mali),1189.0,Lundi,sèche,dédouané avant arrivée,61.9,42.0,True,196862
CRI-03846,2024-12-09,Terminal Roulier,Import général,1,440,Transporteur B,Thiès,69.8,Lundi,sèche,dédouané avant arrivée,120.5,46.3,False,543318
CRI-03847,2024-12-09,Môle 1,Matériaux de construction,3,460,Transporteur G,Dakar (local),20.1,Lundi,sèche,bloqué (litige/documents),119.7,38.9,False,1529056
CRI-03848,2024-12-09,Terminal Roulier,Hydrocarbures,2,459,Transporteur G,Kayes (Mali),950.3,Lundi,sèche,dédouané avant arrivée,81.2,46.3,True,596513
CRI-03849,2024-12-09,Terminal à Conteneurs,Équipements industriels,1,454,Transporteur indépendant,Bamako (Mali),1203.6,Lundi,sèche,dédouané avant arrivée,62.5,51.2,True,289857
CRI-03850,2024-12-09,Môle 8,Biens de consommation,4,400,Transporteur C,Bamako (Mali),1231.7,Lundi,sèche,dédouanement en cours,82.8,58.5,True,1325459
CRI-03851,2024-12-09,Terminal à Conteneurs,Denrées alimentaires,2,509,Transporteur C,Kaolack,199.9,Lundi,sèche,dédouané avant arrivée,80.0,94.7,False,1122254
CRI-03852,2024-12-09,Terminal à Conteneurs,Denrées alimentaires,3,395,Transporteur G,Bamako (Mali),1257.2,Lundi,sèche,dédouanement en cours,49.7,48.9,True,485772
CRI-03853,2024-12-09,Terminal à Conteneurs,Biens de consommation,1,419,Transporteur F,Dakar (local),20.0,Lundi,sèche,dédouané avant arrivée,37.6,76.0,False,267209
CRI-03854,2024-12-09,Môle 8,Matériaux de construction,3,438,Transporteur D,Dakar (local),20.0,Lundi,sèche,bloqué (litige/documents),184.0,62.5,False,2793868
CRI-03855,2024-12-10,Terminal à Conteneurs,Équipements industriels,2,488,Transporteur E,Kayes (Mali),945.5,Mardi,sèche,dédouané avant arrivée,88.0,28.7,True,496050
CRI-03856,2024-12-10,Môle 8,Matériaux de construction,1,346,Transporteur G,Kaédi (Mauritanie),469.8,Mardi,sèche,dédouanement en cours,73.0,40.6,False,228927
CRI-03857,2024-12-10,Terminal à Conteneurs,Denrées alimentaires,1,465,Transporteur indépendant,Ziguinchor,442.8,Mardi,sèche,dédouané avant arrivée,91.8,72.6,True,549755
CRI-03858,2024-12-10,Môle 3,Biens de consommation,2,257,Transporteur A,Bamako (Mali),1210.8,Mardi,sèche,bloqué (litige/documents),133.1,43.7,True,1017036
CRI-03859,2024-12-10,Terminal à Conteneurs,Denrées alimentaires,1,442,Transporteur A,Tambacounda,471.6,Mardi,sèche,dédouanement en cours,184.6,72.6,False,1027250
CRI-03860,2024-12-10,Terminal Roulier,Import général,1,517,Transporteur B,Dakar (local),20.2,Mardi,sèche,dédouanement en cours,57.0,35.7,False,98393
CRI-03861,2024-12-10,Môle 8,Denrées alimentaires,1,443,Transporteur indépendant,Ziguinchor,443.4,Mardi,sèche,dédouanement en cours,107.0,86.5,True,683089
CRI-03862,2024-12-10,Terminal à Conteneurs,Import général,1,373,Transporteur A,Kaolack,192.6,Mardi,sèche,dédouanement en cours,47.9,39.4,False,72793
CRI-03863,2024-12-10,Terminal à Conteneurs,Denrées alimentaires,4,380,Transporteur A,Kayes (Mali),963.2,Mardi,sèche,dédouanement en cours,69.9,56.9,False,1176342
CRI-03864,2024-12-10,Terminal Roulier,Denrées alimentaires,4,438,Transporteur E,Dakar (local),20.2,Mardi,sèche,dédouané avant arrivée,61.1,54.9,False,1201497
CRI-03865,2024-12-10,Môle 8,Hydrocarbures,1,444,Transporteur A,Kaolack,184.1,Mardi,sèche,dédouané avant arrivée,53.6,67.9,False,253211
CRI-03866,2024-12-10,Môle 8,Denrées alimentaires,1,532,Transporteur D,Bamako (Mali),1121.0,Mardi,sèche,dédouanement en cours,86.9,79.1,True,462047
CRI-03867,2024-12-10,Terminal Roulier,Denrées alimentaires,1,421,Transporteur indépendant,Bamako (Mali),1178.2,Mardi,sèche,dédouanement en cours,65.7,52.7,True,252063
CRI-03868,2024-12-11,Terminal Roulier,Denrées alimentaires,1,367,Transporteur B,Bamako (Mali),1242.2,Mercredi,sèche,dédouané avant arrivée,52.8,58.2,False,266087
CRI-03869,2024-12-11,Terminal à Conteneurs,Matériaux de construction,2,366,Transporteur E,Kayes (Mali),979.0,Mercredi,sèche,dédouanement en cours,59.1,55.6,True,471110
CRI-03870,2024-12-11,Môle 1,Biens de consommation,1,335,Transporteur F,Dakar (local),21.0,Mercredi,sèche,dédouané avant arrivée,96.5,39.1,False,409553
CRI-03871,2024-12-11,Môle 8,Denrées alimentaires,1,430,Transporteur F,Kaédi (Mauritanie),455.5,Mercredi,sèche,dédouané avant arrivée,74.9,42.3,False,280336
CRI-03872,2024-12-11,Terminal Roulier,Import général,2,394,Transporteur indépendant,Dakar (local),19.7,Mercredi,sèche,dédouané avant arrivée,57.9,44.2,False,362285
CRI-03873,2024-12-11,Môle 8,Denrées alimentaires,1,352,Transporteur F,Dakar (local),20.0,Mercredi,sèche,dédouanement en cours,51.1,50.7,False,139706
CRI-03874,2024-12-11,Môle 1,Matériaux de construction,2,377,Transporteur E,Tambacounda,478.3,Mercredi,sèche,bloqué (litige/documents),74.0,64.8,False,651173
CRI-03875,2024-12-11,Terminal à Conteneurs,Biens de consommation,2,389,Transporteur E,Dakar (local),19.8,Mercredi,sèche,dédouané avant arrivée,70.1,54.8,False,579756
CRI-03876,2024-12-11,Terminal Roulier,Import général,1,330,Transporteur indépendant,Dakar (local),19.3,Mercredi,sèche,dédouanement en cours,53.5,52.8,False,230493
CRI-03877,2024-12-12,Terminal à Conteneurs,Import général,2,341,Transporteur C,Bamako (Mali),1228.7,Jeudi,sèche,bloqué (litige/documents),144.7,66.7,True,1941400
CRI-03878,2024-12-12,Môle 8,Denrées alimentaires,1,298,Transporteur E,Kaolack,197.8,Jeudi,sèche,dédouanement en cours,79.6,41.5,False,242852
CRI-03879,2024-12-12,Môle 3,Import général,4,283,Transporteur F,Thiès,67.4,Jeudi,sèche,bloqué (litige/documents),160.2,44.9,False,3722282
CRI-03880,2024-12-12,Môle 3,Import général,1,415,Transporteur F,Dakar (local),19.5,Jeudi,sèche,dédouanement en cours,51.3,51.1,False,187381
CRI-03881,2024-12-12,Terminal Roulier,Denrées alimentaires,2,361,Transporteur D,Bamako (Mali),1204.0,Jeudi,sèche,dédouané avant arrivée,44.2,51.9,True,219621
CRI-03882,2024-12-12,Terminal à Conteneurs,Matériaux de construction,1,363,Transporteur D,Thiès,72.3,Jeudi,sèche,dédouanement en cours,64.3,105.4,False,480207
CRI-03883,2024-12-12,Môle 3,Matériaux de construction,1,301,Transporteur F,Bamako (Mali),1160.0,Jeudi,sèche,dédouané avant arrivée,37.0,34.3,False,0
CRI-03884,2024-12-12,Terminal à Conteneurs,Matériaux de construction,2,382,Transporteur B,Dakar (local),20.3,Jeudi,sèche,dédouanement en cours,92.6,52.0,False,989465
CRI-03885,2024-12-12,Terminal à Conteneurs,Import général,1,381,Transporteur G,Thiès,72.0,Jeudi,sèche,bloqué (litige/documents),182.3,44.4,False,742599
CRI-03886,2024-12-12,Môle 1,Import général,2,331,Transporteur B,Dakar (local),20.5,Jeudi,sèche,dédouanement en cours,67.6,75.7,False,870799
CRI-03887,2024-12-13,Môle 8,Matériaux de construction,1,393,Transporteur C,Thiès,71.9,Vendredi,sèche,dédouanement en cours,90.6,29.2,False,304074
CRI-03888,2024-12-13,Môle 3,Hydrocarbures,1,346,Transporteur C,Bamako (Mali),1227.7,Vendredi,sèche,dédouanement en cours,66.5,41.8,True,206248
CRI-03889,2024-12-13,Terminal à Conteneurs,Import général,1,408,Transporteur A,Kaédi (Mauritanie),451.0,Vendredi,sèche,dédouanement en cours,106.4,74.1,False,709514
CRI-03890,2024-12-13,Terminal à Conteneurs,Import général,2,481,Transporteur G,Touba,182.7,Vendredi,sèche,dédouanement en cours,166.2,47.2,False,1418333
CRI-03891,2024-12-13,Terminal à Conteneurs,Matériaux de construction,4,364,Transporteur E,Touba,182.1,Vendredi,sèche,dédouané avant arrivée,38.8,63.2,False,675472
CRI-03892,2024-12-13,Môle 8,Matériaux de construction,3,344,Transporteur indépendant,Kayes (Mali),938.1,Vendredi,sèche,dédouané avant arrivée,27.4,49.0,True,75376
CRI-03893,2024-12-13,Môle 3,Denrées alimentaires,1,459,Transporteur G,Tambacounda,453.1,Vendredi,sèche,dédouanement en cours,83.3,50.5,False,327746
CRI-03894,2024-12-13,Môle 8,Matériaux de construction,2,426,Transporteur G,Kaédi (Mauritanie),482.7,Vendredi,sèche,dédouané avant arrivée,89.5,73.1,False,873568
CRI-03895,2024-12-14,Môle 8,Import général,2,392,Transporteur C,Bamako (Mali),1252.0,Samedi,sèche,bloqué (litige/documents),149.5,52.5,True,1717198
CRI-03896,2024-12-14,Terminal Roulier,Denrées alimentaires,2,382,Transporteur E,Kayes (Mali),998.0,Samedi,sèche,dédouanement en cours,83.3,39.2,True,483548
CRI-03897,2024-12-14,Terminal à Conteneurs,Biens de consommation,3,383,Transporteur B,Tambacounda,477.7,Samedi,sèche,dédouané avant arrivée,60.2,39.1,False,558153
CRI-03898,2024-12-14,Môle 3,Import général,1,321,Transporteur D,Bamako (Mali),1174.8,Samedi,sèche,dédouané avant arrivée,79.9,34.3,True,252637
CRI-03899,2024-12-14,Terminal à Conteneurs,Denrées alimentaires,1,362,Transporteur indépendant,Dakar (local),19.3,Samedi,sèche,dédouanement en cours,62.4,24.2,False,74122
CRI-03900,2024-12-14,Môle 1,Matériaux de construction,2,424,Transporteur indépendant,Tambacounda,466.7,Samedi,sèche,dédouané avant arrivée,76.3,54.0,False,539280
CRI-03901,2024-12-15,Môle 3,Import général,1,255,Transporteur indépendant,Tambacounda,456.1,Dimanche,sèche,dédouané avant arrivée,51.9,35.7,False,70877
CRI-03902,2024-12-15,Môle 8,Biens de consommation,1,239,Transporteur E,Tambacounda,467.7,Dimanche,sèche,dédouané avant arrivée,40.2,23.4,False,0
CRI-03903,2024-12-15,Terminal à Conteneurs,Équipements industriels,1,300,Transporteur F,Thiès,70.3,Dimanche,sèche,bloqué (litige/documents),144.5,31.5,False,671199
CRI-03904,2024-12-16,Môle 8,Biens de consommation,3,432,Transporteur B,Bamako (Mali),1188.0,Lundi,sèche,dédouané avant arrivée,60.4,68.2,True,958338
CRI-03905,2024-12-16,Terminal Roulier,Import général,4,440,Transporteur D,Thiès,69.0,Lundi,sèche,bloqué (litige/documents),113.3,52.5,False,1838657
CRI-03906,2024-12-16,Môle 3,Denrées alimentaires,2,369,Transporteur C,Ziguinchor,465.4,Lundi,sèche,dédouanement en cours,84.6,57.6,False,813608
CRI-03907,2024-12-16,Môle 3,Import général,1,415,Transporteur F,Kaolack,191.9,Lundi,sèche,dédouanement en cours,73.9,31.6,False,179339
CRI-03908,2024-12-16,Terminal Roulier,Denrées alimentaires,1,400,Transporteur C,Bamako (Mali),1214.7,Lundi,sèche,dédouané avant arrivée,49.6,39.4,False,103148
CRI-03909,2024-12-16,Môle 8,Import général,1,548,Transporteur C,Bamako (Mali),1214.1,Lundi,sèche,dédouané avant arrivée,148.2,81.0,True,819827
CRI-03910,2024-12-16,Terminal à Conteneurs,Équipements industriels,2,505,Transporteur indépendant,Bamako (Mali),1233.9,Lundi,sèche,dédouané avant arrivée,66.6,112.8,True,1185827
CRI-03911,2024-12-16,Terminal Roulier,Import général,1,384,Transporteur A,Thiès,72.5,Lundi,sèche,dédouané avant arrivée,40.1,75.9,False,219910
CRI-03912,2024-12-16,Terminal à Conteneurs,Import général,2,450,Transporteur G,Touba,190.0,Lundi,sèche,dédouané avant arrivée,79.0,80.9,False,828754
CRI-03913,2024-12-16,Terminal à Conteneurs,Denrées alimentaires,2,348,Transporteur indépendant,Bamako (Mali),1294.9,Lundi,sèche,dédouanement en cours,48.8,36.9,True,151359
CRI-03914,2024-12-16,Môle 8,Denrées alimentaires,2,450,Transporteur G,Bamako (Mali),1180.6,Lundi,sèche,dédouané avant arrivée,60.3,69.2,True,748170
CRI-03915,2024-12-16,Terminal Roulier,Hydrocarbures,1,547,Transporteur C,Tambacounda,468.3,Lundi,sèche,dédouané avant arrivée,67.2,92.9,True,444347
CRI-03916,2024-12-16,Môle 1,Biens de consommation,1,323,Transporteur F,Dakar (local),20.0,Lundi,sèche,dédouané avant arrivée,55.7,44.5,False,133488
CRI-03917,2024-12-17,Môle 3,Import général,1,497,Transporteur C,Kaolack,201.3,Mardi,sèche,dédouané avant arrivée,96.2,93.5,False,607100
CRI-03918,2024-12-17,Môle 8,Import général,1,496,Transporteur C,Bamako (Mali),1189.8,Mardi,sèche,dédouanement en cours,90.7,86.1,True,702475
CRI-03919,2024-12-17,Terminal à Conteneurs,Import général,1,410,Transporteur indépendant,Tambacounda,451.5,Mardi,sèche,dédouané avant arrivée,89.9,56.1,True,416076
CRI-03920,2024-12-17,Terminal à Conteneurs,Import général,1,468,Transporteur G,Dakar (local),19.2,Mardi,sèche,bloqué (litige/documents),143.0,46.6,False,729929
CRI-03921,2024-12-17,Terminal Roulier,Denrées alimentaires,2,400,Transporteur A,Dakar (local),19.7,Mardi,sèche,dédouanement en cours,102.2,65.7,False,1095642
CRI-03922,2024-12-17,Terminal à Conteneurs,Denrées alimentaires,1,428,Transporteur indépendant,Bamako (Mali),1154.8,Mardi,sèche,dédouané avant arrivée,84.5,52.6,True,362840
CRI-03923,2024-12-17,Terminal à Conteneurs,Import général,1,489,Transporteur F,Thiès,73.0,Mardi,sèche,dédouané avant arrivée,57.4,55.4,False,227286
CRI-03924,2024-12-17,Môle 1,Import général,2,432,Transporteur D,Ziguinchor,440.7,Mardi,sèche,dédouané avant arrivée,47.5,42.9,False,242464
CRI-03925,2024-12-17,Terminal à Conteneurs,Équipements industriels,2,447,Transporteur F,Kaolack,189.1,Mardi,sèche,dédouanement en cours,65.1,58.6,False,580461
CRI-03926,2024-12-17,Terminal à Conteneurs,Import général,3,473,Transporteur A,Dakar (local),21.1,Mardi,sèche,bloqué (litige/documents),91.1,30.8,False,755040
CRI-03927,2024-12-17,Môle 1,Denrées alimentaires,1,437,Transporteur indépendant,Kayes (Mali),991.0,Mardi,sèche,dédouané avant arrivée,84.5,32.4,True,222565
CRI-03928,2024-12-18,Terminal à Conteneurs,Import général,3,327,Transporteur C,Dakar (local),20.1,Mercredi,sèche,dédouané avant arrivée,36.3,32.5,False,0
CRI-03929,2024-12-18,Terminal à Conteneurs,Import général,1,347,Transporteur B,Bamako (Mali),1168.6,Mercredi,sèche,dédouanement en cours,41.9,36.3,True,42201
CRI-03930,2024-12-18,Môle 1,Denrées alimentaires,1,357,Transporteur D,Kayes (Mali),1002.5,Mercredi,sèche,dédouanement en cours,78.3,32.5,False,242054
CRI-03931,2024-12-18,Terminal à Conteneurs,Import général,2,395,Transporteur indépendant,Kaolack,182.0,Mercredi,sèche,dédouanement en cours,100.7,66.2,True,1213908
CRI-03932,2024-12-18,Terminal à Conteneurs,Biens de consommation,1,340,Transporteur E,Thiès,71.0,Mercredi,sèche,dédouanement en cours,53.5,40.4,False,102233
CRI-03933,2024-12-18,Terminal à Conteneurs,Matériaux de construction,1,387,Transporteur E,Dakar (local),19.7,Mercredi,sèche,dédouanement en cours,97.8,44.3,False,457668
CRI-03934,2024-12-18,Terminal Roulier,Import général,2,396,Transporteur A,Bamako (Mali),1279.5,Mercredi,sèche,dédouané avant arrivée,60.9,63.4,True,666406
CRI-03935,2024-12-18,Terminal à Conteneurs,Matériaux de construction,1,305,Transporteur D,Dakar (local),19.3,Mercredi,sèche,dédouané avant arrivée,63.0,24.6,False,92567
CRI-03936,2024-12-18,Terminal à Conteneurs,Matériaux de construction,1,403,Transporteur C,Thiès,69.1,Mercredi,sèche,dédouané avant arrivée,58.7,56.7,False,225495
CRI-03937,2024-12-18,Môle 1,Matériaux de construction,1,329,Transporteur indépendant,Bamako (Mali),1251.6,Mercredi,sèche,dédouanement en cours,50.6,28.3,True,36522
CRI-03938,2024-12-18,Terminal à Conteneurs,Biens de consommation,1,423,Transporteur indépendant,Bamako (Mali),1217.2,Mercredi,sèche,dédouané avant arrivée,94.4,94.0,True,794951
CRI-03939,2024-12-18,Terminal Roulier,Biens de consommation,2,376,Transporteur D,Ziguinchor,430.7,Mercredi,sèche,dédouanement en cours,81.8,53.8,False,734728
CRI-03940,2024-12-18,Terminal à Conteneurs,Biens de consommation,1,447,Transporteur D,Kayes (Mali),972.0,Mercredi,sèche,bloqué (litige/documents),157.6,64.1,True,724215
CRI-03941,2024-12-18,Môle 1,Import général,1,350,Transporteur G,Kayes (Mali),932.5,Mercredi,sèche,dédouané avant arrivée,57.5,42.3,False,145000
CRI-03942,2024-12-18,Terminal à Conteneurs,Matériaux de construction,1,315,Transporteur G,Thiès,68.3,Mercredi,sèche,dédouané avant arrivée,57.3,29.1,False,94964
CRI-03943,2024-12-18,Terminal à Conteneurs,Import général,2,398,Transporteur E,Bamako (Mali),1216.2,Mercredi,sèche,dédouané avant arrivée,72.4,64.1,True,637666
CRI-03944,2024-12-18,Môle 3,Équipements industriels,1,437,Transporteur D,Kayes (Mali),949.7,Mercredi,sèche,bloqué (litige/documents),136.9,63.0,True,594369
CRI-03945,2024-12-18,Terminal à Conteneurs,Biens de consommation,1,424,Transporteur A,Dakar (local),20.9,Mercredi,sèche,dédouanement en cours,78.8,84.5,False,557060
CRI-03946,2024-12-19,Terminal Roulier,Import général,1,408,Transporteur F,Kaédi (Mauritanie),459.2,Jeudi,sèche,dédouané avant arrivée,47.3,43.1,False,124194
CRI-03947,2024-12-19,Terminal à Conteneurs,Équipements industriels,1,417,Transporteur G,Dakar (local),21.1,Jeudi,sèche,bloqué (litige/documents),87.0,71.4,False,427372
CRI-03948,2024-12-19,Terminal à Conteneurs,Biens de consommation,4,413,Transporteur indépendant,Dakar (local),20.0,Jeudi,sèche,dédouané avant arrivée,52.9,33.6,False,338287
CRI-03949,2024-12-19,Môle 1,Matériaux de construction,1,395,Transporteur B,Dakar (local),20.6,Jeudi,sèche,dédouanement en cours,94.0,55.5,False,374089
CRI-03950,2024-12-19,Terminal à Conteneurs,Denrées alimentaires,2,398,Transporteur C,Bamako (Mali),1292.5,Jeudi,sèche,dédouané avant arrivée,78.9,49.9,True,775208
CRI-03951,2024-12-19,Môle 3,Matériaux de construction,2,360,Transporteur E,Ziguinchor,437.0,Jeudi,sèche,dédouanement en cours,48.9,39.1,False,223076
CRI-03952,2024-12-19,Terminal à Conteneurs,Import général,1,287,Transporteur A,Thiès,69.9,Jeudi,sèche,bloqué (litige/documents),106.8,35.2,False,367336
CRI-03953,2024-12-19,Môle 8,Import général,1,447,Transporteur F,Bamako (Mali),1272.3,Jeudi,sèche,dédouané avant arrivée,38.5,84.8,True,280839
CRI-03954,2024-12-19,Môle 3,Matériaux de construction,2,366,Transporteur A,Thiès,70.5,Jeudi,sèche,dédouané avant arrivée,52.0,40.1,False,263059
CRI-03955,2024-12-19,Môle 3,Matériaux de construction,1,294,Transporteur indépendant,Bamako (Mali),1211.0,Jeudi,sèche,dédouanement en cours,120.8,23.0,True,375143
CRI-03956,2024-12-19,Terminal à Conteneurs,Biens de consommation,1,389,Transporteur E,Kayes (Mali),970.3,Jeudi,sèche,dédouanement en cours,116.3,33.3,True,483267
CRI-03957,2024-12-19,Môle 1,Denrées alimentaires,1,345,Transporteur indépendant,Bamako (Mali),1195.7,Jeudi,sèche,dédouané avant arrivée,67.5,58.9,True,351493
CRI-03958,2024-12-20,Terminal Roulier,Denrées alimentaires,2,403,Transporteur indépendant,Ziguinchor,468.7,Vendredi,sèche,dédouanement en cours,120.3,52.5,False,1341969
CRI-03959,2024-12-20,Terminal à Conteneurs,Import général,2,394,Transporteur C,Touba,189.0,Vendredi,sèche,dédouanement en cours,122.8,63.4,False,1342713
CRI-03960,2024-12-20,Terminal Roulier,Matériaux de construction,2,404,Transporteur B,Kayes (Mali),942.9,Vendredi,sèche,dédouané avant arrivée,54.4,36.1,False,169063
CRI-03961,2024-12-20,Môle 1,Matériaux de construction,1,365,Transporteur E,Kayes (Mali),976.6,Vendredi,sèche,dédouané avant arrivée,67.3,35.1,False,185161
CRI-03962,2024-12-20,Terminal à Conteneurs,Import général,1,383,Transporteur C,Kaolack,202.7,Vendredi,sèche,dédouané avant arrivée,59.9,56.1,False,237576
CRI-03963,2024-12-20,Môle 8,Denrées alimentaires,3,399,Transporteur D,Touba,191.5,Vendredi,sèche,dédouanement en cours,98.1,28.8,False,1033865
CRI-03964,2024-12-20,Terminal à Conteneurs,Denrées alimentaires,3,452,Transporteur indépendant,Bamako (Mali),1219.5,Vendredi,sèche,dédouanement en cours,54.5,65.8,True,945234
CRI-03965,2024-12-20,Môle 1,Matériaux de construction,1,409,Transporteur B,Dakar (local),20.2,Vendredi,sèche,dédouanement en cours,123.4,33.3,False,428956
CRI-03966,2024-12-20,Môle 3,Import général,1,335,Transporteur F,Dakar (local),19.0,Vendredi,sèche,dédouané avant arrivée,54.5,41.4,False,155241
CRI-03967,2024-12-20,Terminal Roulier,Import général,2,296,Transporteur indépendant,Tambacounda,474.5,Vendredi,sèche,dédouanement en cours,87.5,34.4,False,617989
CRI-03968,2024-12-20,Môle 1,Import général,2,393,Transporteur E,Tambacounda,489.5,Vendredi,sèche,dédouané avant arrivée,76.4,44.7,False,670073
CRI-03969,2024-12-21,Terminal à Conteneurs,Denrées alimentaires,2,320,Transporteur C,Kaédi (Mauritanie),465.8,Samedi,sèche,bloqué (litige/documents),134.8,54.1,False,1278030
CRI-03970,2024-12-21,Terminal à Conteneurs,Import général,1,390,Transporteur indépendant,Thiès,67.1,Samedi,sèche,dédouanement en cours,104.2,51.6,False,444362
CRI-03971,2024-12-21,Terminal Roulier,Denrées alimentaires,1,426,Transporteur B,Bamako (Mali),1213.9,Samedi,sèche,bloqué (litige/documents),88.5,50.5,True,346199
CRI-03972,2024-12-21,Môle 8,Import général,1,472,Transporteur D,Kaolack,191.5,Samedi,sèche,dédouanement en cours,75.6,50.4,False,301600
CRI-03973,2024-12-21,Môle 1,Import général,2,394,Transporteur D,Kayes (Mali),947.1,Samedi,sèche,dédouané avant arrivée,83.9,48.7,True,786571
CRI-03974,2024-12-21,Terminal à Conteneurs,Denrées alimentaires,2,410,Transporteur F,Thiès,64.8,Samedi,sèche,dédouané avant arrivée,76.6,36.2,False,464121
CRI-03975,2024-12-21,Môle 8,Denrées alimentaires,1,360,Transporteur F,Touba,184.3,Samedi,sèche,dédouané avant arrivée,65.2,22.6,False,93889
CRI-03976,2024-12-21,Môle 1,Denrées alimentaires,1,426,Transporteur E,Tambacounda,461.6,Samedi,sèche,dédouanement en cours,72.4,42.4,False,237190
CRI-03977,2024-12-21,Terminal à Conteneurs,Import général,1,424,Transporteur D,Thiès,68.3,Samedi,sèche,dédouané avant arrivée,68.8,47.5,False,209602
CRI-03978,2024-12-21,Môle 8,Denrées alimentaires,2,423,Transporteur G,Dakar (local),20.0,Samedi,sèche,dédouané avant arrivée,51.2,36.1,False,150946
CRI-03979,2024-12-21,Môle 8,Import général,1,389,Transporteur indépendant,Dakar (local),20.8,Samedi,sèche,dédouané avant arrivée,59.9,54.2,False,224061
CRI-03980,2024-12-22,Môle 1,Denrées alimentaires,1,273,Transporteur B,Touba,182.8,Dimanche,sèche,dédouanement en cours,98.2,41.1,False,326128
CRI-03981,2024-12-22,Môle 1,Biens de consommation,3,267,Transporteur C,Bamako (Mali),1225.9,Dimanche,sèche,dédouané avant arrivée,54.3,51.3,True,648863
CRI-03982,2024-12-22,Terminal à Conteneurs,Matériaux de construction,1,230,Transporteur C,Kaédi (Mauritanie),464.0,Dimanche,sèche,dédouanement en cours,58.1,65.4,False,264580
CRI-03983,2024-12-22,Môle 1,Hydrocarbures,2,253,Transporteur C,Touba,186.7,Dimanche,sèche,dédouanement en cours,35.4,30.3,False,0
CRI-03984,2024-12-22,Môle 8,Denrées alimentaires,2,306,Transporteur C,Dakar (local),20.4,Dimanche,sèche,dédouanement en cours,56.4,31.6,False,190823
CRI-03985,2024-12-22,Terminal à Conteneurs,Matériaux de construction,2,291,Transporteur B,Dakar (local),20.4,Dimanche,sèche,bloqué (litige/documents),117.4,25.2,False,815391
CRI-03986,2024-12-22,Môle 8,Équipements industriels,1,242,Transporteur A,Kaolack,192.7,Dimanche,sèche,dédouané avant arrivée,57.8,25.3,False,76707
CRI-03987,2024-12-22,Terminal à Conteneurs,Biens de consommation,3,272,Transporteur B,Kayes (Mali),949.4,Dimanche,sèche,dédouané avant arrivée,57.0,11.6,False,0
CRI-03988,2024-12-22,Terminal Roulier,Denrées alimentaires,1,318,Transporteur G,Bamako (Mali),1253.4,Dimanche,sèche,dédouané avant arrivée,37.4,72.4,False,239792
CRI-03989,2024-12-22,Môle 3,Import général,1,166,Transporteur E,Dakar (local),20.1,Dimanche,sèche,bloqué (litige/documents),80.0,26.8,False,233837
CRI-03990,2024-12-23,Môle 3,Denrées alimentaires,2,415,Transporteur A,Bamako (Mali),1152.8,Lundi,sèche,dédouané avant arrivée,48.9,49.0,True,254027
CRI-03991,2024-12-23,Terminal à Conteneurs,Matériaux de construction,1,532,Transporteur F,Kayes (Mali),963.1,Lundi,sèche,dédouané avant arrivée,71.0,74.3,True,488390
CRI-03992,2024-12-23,Môle 1,Équipements industriels,3,381,Transporteur G,Touba,192.8,Lundi,sèche,dédouané avant arrivée,85.5,42.8,False,771128
CRI-03993,2024-12-23,Môle 8,Import général,4,442,Transporteur F,Dakar (local),19.5,Lundi,sèche,dédouanement en cours,83.4,49.5,False,1413456
CRI-03994,2024-12-23,Môle 8,Denrées alimentaires,2,447,Transporteur A,Ziguinchor,432.1,Lundi,sèche,dédouané avant arrivée,62.3,60.7,False,699431
CRI-03995,2024-12-23,Terminal à Conteneurs,Denrées alimentaires,2,450,Transporteur D,Dakar (local),20.3,Lundi,sèche,dédouanement en cours,91.7,70.5,False,927573
CRI-03996,2024-12-23,Môle 3,Import général,2,471,Transporteur indépendant,Tambacounda,446.0,Lundi,sèche,dédouané avant arrivée,62.6,69.3,True,789059
CRI-03997,2024-12-24,Terminal Roulier,Denrées alimentaires,1,310,Transporteur D,Ziguinchor,427.1,Mardi,sèche,dédouané avant arrivée,55.7,33.5,False,80358
CRI-03998,2024-12-24,Terminal Roulier,Équipements industriels,1,374,Transporteur C,Touba,197.1,Mardi,sèche,dédouanement en cours,125.3,31.0,False,417783
CRI-03999,2024-12-24,Terminal à Conteneurs,Import général,2,482,Transporteur B,Dakar (local),19.6,Mardi,sèche,dédouané avant arrivée,61.3,76.0,False,890949
CRI-04000,2024-12-24,Môle 3,Denrées alimentaires,1,399,Transporteur E,Ziguinchor,453.9,Mardi,sèche,bloqué (litige/documents),82.8,41.5,False,248285
CRI-04001,2024-12-24,Terminal à Conteneurs,Denrées alimentaires,1,484,Transporteur G,Kaédi (Mauritanie),472.9,Mardi,sèche,dédouanement en cours,81.9,87.3,False,646915
CRI-04002,2024-12-24,Terminal Roulier,Import général,1,359,Transporteur B,Bamako (Mali),1268.3,Mardi,sèche,dédouané avant arrivée,71.8,51.5,False,297768
CRI-04003,2024-12-24,Terminal à Conteneurs,Équipements industriels,3,402,Transporteur B,Kayes (Mali),950.8,Mardi,sèche,dédouané avant arrivée,67.7,93.9,True,1421129
CRI-04004,2024-12-24,Môle 8,Hydrocarbures,1,446,Transporteur G,Touba,186.3,Mardi,sèche,dédouané avant arrivée,84.1,56.4,False,446764
CRI-04005,2024-12-24,Môle 8,Import général,1,440,Transporteur indépendant,Thiès,72.9,Mardi,sèche,dédouanement en cours,68.5,68.1,False,323694
CRI-04006,2024-12-24,Terminal à Conteneurs,Import général,4,377,Transporteur G,Dakar (local),19.6,Mardi,sèche,dédouanement en cours,57.6,36.4,False,452879
CRI-04007,2024-12-25,Terminal à Conteneurs,Import général,1,381,Transporteur C,Bamako (Mali),1163.4,Mercredi,sèche,dédouané avant arrivée,32.3,78.8,True,183485
CRI-04008,2024-12-25,Terminal à Conteneurs,Denrées alimentaires,2,404,Transporteur C,Bamako (Mali),1198.2,Mercredi,sèche,dédouané avant arrivée,61.5,73.0,True,808463
CRI-04009,2024-12-25,Môle 8,Matériaux de construction,1,395,Transporteur D,Bamako (Mali),1168.4,Mercredi,sèche,dédouané avant arrivée,41.6,27.1,True,0
CRI-04010,2024-12-25,Môle 1,Biens de consommation,1,373,Transporteur G,Dakar (local),20.2,Mercredi,sèche,dédouané avant arrivée,46.5,54.0,False,144225
CRI-04011,2024-12-25,Terminal à Conteneurs,Biens de consommation,1,373,Transporteur A,Bamako (Mali),1207.5,Mercredi,sèche,bloqué (litige/documents),93.9,53.8,False,396487
CRI-04012,2024-12-25,Terminal Roulier,Import général,2,366,Transporteur E,Kayes (Mali),945.2,Mercredi,sèche,dédouanement en cours,88.1,27.0,True,545876
CRI-04013,2024-12-25,Terminal à Conteneurs,Import général,1,396,Transporteur F,Dakar (local),20.1,Mercredi,sèche,dédouanement en cours,81.1,33.2,False,251375
CRI-04014,2024-12-26,Terminal Roulier,Import général,1,432,Transporteur B,Dakar (local),19.1,Jeudi,sèche,dédouané avant arrivée,67.0,54.6,False,342400
CRI-04015,2024-12-26,Terminal à Conteneurs,Équipements industriels,1,408,Transporteur B,Touba,189.7,Jeudi,sèche,bloqué (litige/documents),174.1,55.3,False,925357
CRI-04016,2024-12-26,Terminal à Conteneurs,Matériaux de construction,2,357,Transporteur F,Ziguinchor,456.1,Jeudi,sèche,dédouanement en cours,67.4,69.5,False,751087
CRI-04017,2024-12-26,Môle 3,Import général,1,362,Transporteur A,Bamako (Mali),1239.4,Jeudi,sèche,dédouanement en cours,64.2,27.6,False,133289
CRI-04018,2024-12-26,Môle 1,Import général,1,411,Transporteur E,Kaolack,194.3,Jeudi,sèche,dédouanement en cours,87.0,59.1,False,398309
CRI-04019,2024-12-26,Terminal à Conteneurs,Import général,4,296,Transporteur E,Kaolack,184.8,Jeudi,sèche,dédouanement en cours,63.2,28.9,False,470443
CRI-04020,2024-12-26,Terminal à Conteneurs,Import général,2,383,Transporteur D,Bamako (Mali),1157.1,Jeudi,sèche,dédouané avant arrivée,40.0,40.3,True,101786
CRI-04021,2024-12-26,Môle 8,Import général,1,352,Transporteur C,Bamako (Mali),1186.2,Jeudi,sèche,dédouanement en cours,118.5,49.3,True,451364
CRI-04022,2024-12-26,Terminal Roulier,Hydrocarbures,2,403,Transporteur A,Bamako (Mali),1210.9,Jeudi,sèche,dédouanement en cours,193.8,48.6,True,1837066
CRI-04023,2024-12-26,Môle 8,Import général,1,387,Transporteur G,Kayes (Mali),947.9,Jeudi,sèche,dédouané avant arrivée,64.5,48.9,False,209054
CRI-04024,2024-12-26,Môle 3,Biens de consommation,2,385,Transporteur F,Tambacounda,475.2,Jeudi,sèche,dédouané avant arrivée,63.4,24.6,False,182460
CRI-04025,2024-12-26,Terminal Roulier,Import général,1,298,Transporteur E,Dakar (local),20.7,Jeudi,sèche,bloqué (litige/documents),84.8,55.7,False,344013
CRI-04026,2024-12-27,Terminal à Conteneurs,Équipements industriels,1,398,Transporteur C,Thiès,72.5,Vendredi,sèche,dédouanement en cours,79.9,71.3,False,462554
CRI-04027,2024-12-27,Môle 1,Denrées alimentaires,2,482,Transporteur C,Bamako (Mali),1202.9,Vendredi,sèche,dédouanement en cours,43.5,74.4,True,573258
CRI-04028,2024-12-27,Terminal à Conteneurs,Équipements industriels,2,330,Transporteur C,Ziguinchor,458.4,Vendredi,sèche,dédouané avant arrivée,57.7,35.2,True,264658
CRI-04029,2024-12-27,Terminal à Conteneurs,Import général,2,389,Transporteur D,Dakar (local),21.1,Vendredi,sèche,dédouané avant arrivée,76.3,64.1,False,885477
CRI-04030,2024-12-27,Terminal Roulier,Hydrocarbures,2,332,Transporteur F,Kaédi (Mauritanie),447.9,Vendredi,sèche,dédouané avant arrivée,49.1,30.7,False,75765
CRI-04031,2024-12-27,Terminal Roulier,Import général,2,347,Transporteur F,Touba,189.2,Vendredi,sèche,dédouanement en cours,48.0,64.5,False,429006
CRI-04032,2024-12-27,Môle 1,Matériaux de construction,4,409,Transporteur D,Touba,190.7,Vendredi,sèche,dédouanement en cours,61.4,50.7,False,1011326
CRI-04033,2024-12-27,Terminal à Conteneurs,Import général,1,407,Transporteur G,Thiès,66.1,Vendredi,sèche,dédouanement en cours,53.3,33.6,False,89278
CRI-04034,2024-12-27,Terminal à Conteneurs,Denrées alimentaires,1,392,Transporteur indépendant,Ziguinchor,459.7,Vendredi,sèche,dédouané avant arrivée,68.6,57.6,False,271029
CRI-04035,2024-12-28,Terminal à Conteneurs,Import général,1,376,Transporteur D,Bamako (Mali),1179.3,Samedi,sèche,dédouané avant arrivée,66.5,62.6,True,308939
CRI-04036,2024-12-28,Terminal à Conteneurs,Denrées alimentaires,1,387,Transporteur E,Tambacounda,489.0,Samedi,sèche,dédouané avant arrivée,82.1,25.5,False,238275
CRI-04037,2024-12-28,Môle 1,Biens de consommation,1,406,Transporteur F,Touba,196.5,Samedi,sèche,bloqué (litige/documents),107.7,38.3,False,339372
CRI-04038,2024-12-28,Môle 3,Denrées alimentaires,2,340,Transporteur G,Bamako (Mali),1241.4,Samedi,sèche,dédouané avant arrivée,38.0,28.3,False,0
CRI-04039,2024-12-28,Môle 3,Import général,3,397,Transporteur G,Ziguinchor,474.7,Samedi,sèche,dédouané avant arrivée,42.5,76.5,False,837106
CRI-04040,2024-12-28,Môle 8,Biens de consommation,1,357,Transporteur B,Dakar (local),19.7,Samedi,sèche,dédouanement en cours,95.9,52.0,False,469560
CRI-04041,2024-12-28,Môle 8,Hydrocarbures,1,425,Transporteur E,Kaolack,190.4,Samedi,sèche,bloqué (litige/documents),90.3,56.0,False,440486
CRI-04042,2024-12-28,Terminal Roulier,Matériaux de construction,1,395,Transporteur G,Kaédi (Mauritanie),469.4,Samedi,sèche,dédouané avant arrivée,64.4,41.3,False,177457
CRI-04043,2024-12-28,Terminal à Conteneurs,Denrées alimentaires,1,379,Transporteur G,Tambacounda,459.2,Samedi,sèche,dédouanement en cours,113.1,36.7,False,434422
CRI-04044,2024-12-28,Terminal Roulier,Import général,1,359,Transporteur D,Ziguinchor,470.1,Samedi,sèche,bloqué (litige/documents),131.6,45.3,False,505612
CRI-04045,2024-12-28,Môle 1,Hydrocarbures,1,455,Transporteur B,Dakar (local),20.2,Samedi,sèche,dédouané avant arrivée,73.4,57.4,False,308987
CRI-04046,2024-12-29,Môle 1,Import général,2,245,Transporteur D,Ziguinchor,449.0,Dimanche,sèche,dédouané avant arrivée,44.8,27.6,False,5499
CRI-04047,2024-12-29,Môle 3,Biens de consommation,1,322,Transporteur G,Dakar (local),21.2,Dimanche,sèche,dédouanement en cours,44.7,34.5,False,42483
CRI-04048,2024-12-29,Môle 8,Hydrocarbures,2,213,Transporteur B,Bamako (Mali),1173.7,Dimanche,sèche,dédouané avant arrivée,31.5,42.9,False,27037
CRI-04049,2024-12-29,Terminal à Conteneurs,Matériaux de construction,3,293,Transporteur E,Thiès,73.1,Dimanche,sèche,dédouanement en cours,53.5,27.1,False,172329
CRI-04050,2024-12-29,Terminal Roulier,Denrées alimentaires,2,263,Transporteur E,Kaédi (Mauritanie),455.6,Dimanche,sèche,dédouanement en cours,61.1,29.9,False,184380
CRI-04051,2024-12-29,Terminal Roulier,Import général,2,285,Transporteur C,Tambacounda,467.5,Dimanche,sèche,dédouanement en cours,59.1,44.8,False,292770
CRI-04052,2024-12-29,Môle 3,Hydrocarbures,3,306,Transporteur F,Bamako (Mali),1225.5,Dimanche,sèche,dédouanement en cours,47.3,37.7,True,202643
CRI-04053,2024-12-29,Môle 3,Équipements industriels,2,284,Transporteur indépendant,Bamako (Mali),1223.6,Dimanche,sèche,dédouanement en cours,55.5,57.4,True,462803
CRI-04054,2024-12-30,Terminal à Conteneurs,Import général,2,561,Transporteur indépendant,Bamako (Mali),1292.9,Lundi,sèche,bloqué (litige/documents),160.2,49.4,True,1897006
CRI-04055,2024-12-30,Môle 3,Import général,2,435,Transporteur F,Kayes (Mali),980.6,Lundi,sèche,dédouané avant arrivée,89.8,66.8,False,978831
CRI-04056,2024-12-30,Môle 1,Import général,1,366,Transporteur B,Bamako (Mali),1254.8,Lundi,sèche,dédouané avant arrivée,61.2,55.6,False,290008
CRI-04057,2024-12-30,Môle 3,Biens de consommation,1,415,Transporteur E,Bamako (Mali),1251.7,Lundi,sèche,dédouanement en cours,46.7,51.8,True,184130
CRI-04058,2024-12-30,Môle 8,Denrées alimentaires,2,492,Transporteur A,Kaolack,185.1,Lundi,sèche,dédouanement en cours,101.3,63.5,True,1203236
CRI-04059,2024-12-30,Terminal à Conteneurs,Biens de consommation,2,409,Transporteur G,Ziguinchor,449.6,Lundi,sèche,dédouané avant arrivée,60.0,54.9,False,417555
CRI-04060,2024-12-30,Môle 8,Denrées alimentaires,1,466,Transporteur G,Kaédi (Mauritanie),463.2,Lundi,sèche,dédouané avant arrivée,91.9,40.4,True,395399
CRI-04061,2024-12-30,Môle 3,Import général,2,433,Transporteur A,Thiès,72.7,Lundi,sèche,dédouanement en cours,87.3,46.4,False,861647
CRI-04062,2024-12-30,Môle 3,Biens de consommation,1,402,Transporteur C,Dakar (local),19.7,Lundi,sèche,bloqué (litige/documents),104.0,42.4,False,339003
CRI-04063,2024-12-30,Terminal à Conteneurs,Import général,1,360,Transporteur E,Thiès,67.5,Lundi,sèche,dédouanement en cours,89.8,35.1,False,284259
CRI-04064,2024-12-30,Môle 1,Matériaux de construction,2,449,Transporteur C,Tambacounda,448.5,Lundi,sèche,bloqué (litige/documents),153.5,42.1,False,1235239
CRI-04065,2024-12-30,Terminal à Conteneurs,Denrées alimentaires,2,392,Transporteur A,Dakar (local),20.1,Lundi,sèche,dédouanement en cours,126.5,70.4,False,1590223
CRI-04066,2024-12-30,Môle 1,Import général,1,479,Transporteur G,Bamako (Mali),1225.9,Lundi,sèche,dédouanement en cours,116.1,62.1,True,740944
CRI-04067,2024-12-31,Môle 1,Denrées alimentaires,2,500,Transporteur indépendant,Bamako (Mali),1282.6,Mardi,sèche,dédouané avant arrivée,78.5,80.4,True,942352
CRI-04068,2024-12-31,Môle 1,Denrées alimentaires,1,413,Transporteur F,Dakar (local),19.4,Mardi,sèche,bloqué (litige/documents),142.0,51.8,False,686538
CRI-04069,2024-12-31,Môle 3,Import général,1,464,Transporteur indépendant,Tambacounda,474.7,Mardi,sèche,dédouanement en cours,65.8,44.8,True,262642
CRI-04070,2024-12-31,Terminal à Conteneurs,Matériaux de construction,2,371,Transporteur E,Dakar (local),20.5,Mardi,sèche,dédouanement en cours,73.7,42.3,False,538452
CRI-04071,2024-12-31,Terminal à Conteneurs,Hydrocarbures,1,416,Transporteur D,Ziguinchor,449.2,Mardi,sèche,dédouané avant arrivée,64.5,53.0,True,244423
CRI-04072,2024-12-31,Terminal à Conteneurs,Biens de consommation,1,477,Transporteur E,Dakar (local),19.7,Mardi,sèche,dédouanement en cours,42.6,39.8,True,68657
CRI-04073,2024-12-31,Môle 1,Denrées alimentaires,1,504,Transporteur C,Bamako (Mali),1192.2,Mardi,sèche,bloqué (litige/documents),208.0,30.8,True,1097751
CRI-04074,2024-12-31,Terminal à Conteneurs,Matériaux de construction,2,424,Transporteur indépendant,Thiès,70.0,Mardi,sèche,dédouané avant arrivée,72.6,45.5,False,599312
CRI-04075,2025-01-01,Môle 3,Denrées alimentaires,1,362,Transporteur indépendant,Bamako (Mali),1188.1,Mercredi,sèche,bloqué (litige/documents),94.0,31.6,True,279413
CRI-04076,2025-01-01,Môle 8,Hydrocarbures,1,347,Transporteur G,Dakar (local),20.0,Mercredi,sèche,dédouané avant arrivée,83.3,64.6,False,454374
CRI-04077,2025-01-01,Môle 1,Denrées alimentaires,1,343,Transporteur D,Kaolack,192.2,Mercredi,sèche,dédouanement en cours,100.7,26.4,False,305486
CRI-04078,2025-01-01,Terminal Roulier,Denrées alimentaires,2,410,Transporteur G,Dakar (local),20.6,Mercredi,sèche,dédouané avant arrivée,84.1,54.1,False,867127
CRI-04079,2025-01-01,Môle 1,Hydrocarbures,1,478,Transporteur indépendant,Touba,187.0,Mercredi,sèche,dédouané avant arrivée,65.3,49.5,True,199360
CRI-04080,2025-01-01,Terminal Roulier,Hydrocarbures,1,363,Transporteur indépendant,Thiès,67.6,Mercredi,sèche,dédouané avant arrivée,66.5,28.8,False,109373
CRI-04081,2025-01-01,Terminal Roulier,Import général,1,423,Transporteur C,Bamako (Mali),1171.2,Mercredi,sèche,dédouané avant arrivée,73.4,37.8,True,216755
CRI-04082,2025-01-01,Môle 8,Import général,1,345,Transporteur indépendant,Dakar (local),20.3,Mercredi,sèche,dédouané avant arrivée,66.8,47.5,False,283643
CRI-04083,2025-01-01,Môle 3,Équipements industriels,1,348,Transporteur F,Dakar (local),18.9,Mercredi,sèche,bloqué (litige/documents),127.0,36.8,False,607743
CRI-04084,2025-01-01,Môle 1,Import général,1,436,Transporteur C,Thiès,70.3,Mercredi,sèche,dédouanement en cours,96.0,75.5,False,617907
CRI-04085,2025-01-01,Môle 3,Import général,1,423,Transporteur G,Tambacounda,459.7,Mercredi,sèche,dédouané avant arrivée,73.1,54.7,True,366148
CRI-04086,2025-01-01,Terminal Roulier,Import général,2,407,Transporteur indépendant,Tambacounda,482.6,Mercredi,sèche,bloqué (litige/documents),156.3,35.2,True,1228098
CRI-04087,2025-01-01,Terminal à Conteneurs,Import général,1,367,Transporteur G,Dakar (local),20.2,Mercredi,sèche,dédouanement en cours,53.9,66.8,False,335933
CRI-04088,2025-01-01,Terminal Roulier,Équipements industriels,4,393,Transporteur A,Kayes (Mali),933.7,Mercredi,sèche,dédouané avant arrivée,68.0,57.7,False,1120115
CRI-04089,2025-01-02,Môle 3,Denrées alimentaires,1,397,Transporteur F,Kayes (Mali),925.7,Jeudi,sèche,dédouanement en cours,83.2,26.1,True,211292
CRI-04090,2025-01-02,Terminal à Conteneurs,Matériaux de construction,1,440,Transporteur B,Ziguinchor,432.5,Jeudi,sèche,dédouanement en cours,96.0,88.9,False,739482
CRI-04091,2025-01-02,Terminal à Conteneurs,Denrées alimentaires,1,416,Transporteur G,Touba,193.9,Jeudi,sèche,dédouanement en cours,65.9,30.9,False,124985
CRI-04092,2025-01-02,Terminal à Conteneurs,Matériaux de construction,2,341,Transporteur E,Tambacounda,455.7,Jeudi,sèche,dédouanement en cours,96.7,50.0,False,750974
CRI-04093,2025-01-02,Môle 3,Biens de consommation,1,349,Transporteur G,Thiès,69.3,Jeudi,sèche,dédouané avant arrivée,65.9,23.2,False,98786
CRI-04094,2025-01-02,Môle 3,Import général,1,424,Transporteur indépendant,Bamako (Mali),1207.8,Jeudi,sèche,dédouané avant arrivée,53.7,49.0,True,198231
CRI-04095,2025-01-02,Môle 1,Import général,2,426,Transporteur D,Touba,195.3,Jeudi,sèche,dédouanement en cours,127.5,36.2,False,1277438
CRI-04096,2025-01-02,Terminal Roulier,Import général,1,304,Transporteur F,Kaédi (Mauritanie),476.2,Jeudi,sèche,bloqué (litige/documents),102.7,50.4,False,564248
CRI-04097,2025-01-03,Môle 8,Hydrocarbures,1,408,Transporteur indépendant,Kaolack,189.7,Vendredi,sèche,dédouanement en cours,80.2,37.7,False,268363
CRI-04098,2025-01-03,Terminal Roulier,Hydrocarbures,1,403,Transporteur D,Tambacounda,494.2,Vendredi,sèche,dédouanement en cours,56.3,64.7,True,254420
CRI-04099,2025-01-03,Terminal à Conteneurs,Matériaux de construction,1,388,Transporteur C,Kaédi (Mauritanie),479.3,Vendredi,sèche,dédouané avant arrivée,69.2,44.1,False,277985
CRI-04100,2025-01-03,Môle 8,Denrées alimentaires,1,393,Transporteur F,Tambacounda,440.3,Vendredi,sèche,dédouanement en cours,132.8,37.3,False,469558
CRI-04101,2025-01-03,Terminal à Conteneurs,Biens de consommation,2,389,Transporteur C,Kaédi (Mauritanie),495.7,Vendredi,sèche,dédouané avant arrivée,48.1,37.0,False,129905
CRI-04102,2025-01-03,Terminal à Conteneurs,Hydrocarbures,1,403,Transporteur C,Dakar (local),19.5,Vendredi,sèche,dédouanement en cours,31.2,87.2,False,263317
CRI-04103,2025-01-03,Terminal Roulier,Hydrocarbures,2,380,Transporteur D,Tambacounda,462.5,Vendredi,sèche,dédouanement en cours,105.2,47.4,False,871889
CRI-04104,2025-01-03,Terminal Roulier,Denrées alimentaires,1,376,Transporteur G,Dakar (local),19.4,Vendredi,sèche,dédouané avant arrivée,72.5,39.5,False,279449
CRI-04105,2025-01-03,Môle 8,Équipements industriels,2,300,Transporteur C,Ziguinchor,444.8,Vendredi,sèche,dédouanement en cours,120.1,32.9,False,1085799
CRI-04106,2025-01-03,Terminal à Conteneurs,Import général,3,290,Transporteur F,Touba,190.7,Vendredi,sèche,bloqué (litige/documents),118.5,26.6,False,1224906
CRI-04107,2025-01-03,Terminal à Conteneurs,Matériaux de construction,1,269,Transporteur F,Ziguinchor,444.6,Vendredi,sèche,dédouanement en cours,63.8,42.0,False,175294
CRI-04108,2025-01-03,Môle 8,Import général,1,404,Transporteur A,Touba,187.1,Vendredi,sèche,dédouanement en cours,119.9,53.9,False,637143
CRI-04109,2025-01-03,Terminal à Conteneurs,Matériaux de construction,1,377,Transporteur E,Touba,187.6,Vendredi,sèche,dédouanement en cours,140.0,51.1,False,692205
CRI-04110,2025-01-04,Môle 8,Hydrocarbures,4,316,Transporteur B,Dakar (local),18.5,Samedi,sèche,bloqué (litige/documents),132.5,30.4,False,2198611
CRI-04111,2025-01-04,Terminal Roulier,Import général,3,438,Transporteur D,Touba,187.8,Samedi,sèche,bloqué (litige/documents),167.8,48.9,False,2197967
CRI-04112,2025-01-04,Môle 1,Import général,2,394,Transporteur indépendant,Kaédi (Mauritanie),470.3,Samedi,sèche,bloqué (litige/documents),153.1,45.7,False,1615650
CRI-04113,2025-01-04,Môle 1,Import général,3,352,Transporteur E,Kaolack,189.2,Samedi,sèche,bloqué (litige/documents),106.9,33.5,False,1101066
CRI-04114,2025-01-04,Môle 8,Équipements industriels,1,302,Transporteur F,Kaédi (Mauritanie),493.0,Samedi,sèche,dédouanement en cours,67.3,52.8,False,273628
CRI-04115,2025-01-04,Terminal à Conteneurs,Denrées alimentaires,1,359,Transporteur G,Tambacounda,482.9,Samedi,sèche,bloqué (litige/documents),81.6,109.2,False,690574
CRI-04116,2025-01-04,Môle 3,Matériaux de construction,3,377,Transporteur B,Tambacounda,498.2,Samedi,sèche,bloqué (litige/documents),111.1,42.7,False,1332362
CRI-04117,2025-01-04,Môle 3,Hydrocarbures,3,345,Transporteur G,Kaolack,189.2,Samedi,sèche,bloqué (litige/documents),99.5,46.0,False,1539214
CRI-04118,2025-01-05,Terminal à Conteneurs,Équipements industriels,2,250,Transporteur F,Ziguinchor,445.2,Dimanche,sèche,dédouanement en cours,61.8,39.0,False,337298
CRI-04119,2025-01-05,Terminal Roulier,Biens de consommation,1,312,Transporteur A,Bamako (Mali),1184.0,Dimanche,sèche,dédouanement en cours,52.8,46.3,True,165727
CRI-04120,2025-01-05,Môle 1,Équipements industriels,1,325,Transporteur E,Thiès,70.4,Dimanche,sèche,dédouané avant arrivée,71.4,30.7,False,145431
CRI-04121,2025-01-05,Môle 3,Biens de consommation,2,260,Transporteur indépendant,Kaolack,179.5,Dimanche,sèche,bloqué (litige/documents),151.1,52.3,False,1763293
CRI-04122,2025-01-05,Terminal à Conteneurs,Import général,3,254,Transporteur C,Tambacounda,460.5,Dimanche,sèche,dédouanement en cours,59.7,25.3,False,267283
CRI-04123,2025-01-05,Môle 8,Matériaux de construction,1,357,Transporteur indépendant,Bamako (Mali),1217.4,Dimanche,sèche,dédouanement en cours,77.5,32.8,True,206195
CRI-04124,2025-01-05,Môle 3,Biens de consommation,3,251,Transporteur indépendant,Ziguinchor,493.5,Dimanche,sèche,dédouané avant arrivée,74.7,21.5,False,432330
CRI-04125,2025-01-05,Terminal à Conteneurs,Hydrocarbures,1,285,Transporteur D,Tambacounda,459.8,Dimanche,sèche,bloqué (litige/documents),69.6,40.1,False,216076
CRI-04126,2025-01-05,Môle 8,Équipements industriels,1,359,Transporteur indépendant,Bamako (Mali),1298.5,Dimanche,sèche,dédouané avant arrivée,49.9,38.9,True,99004
CRI-04127,2025-01-05,Môle 3,Import général,2,283,Transporteur B,Thiès,73.4,Dimanche,sèche,dédouanement en cours,61.8,46.0,False,454321
CRI-04128,2025-01-06,Terminal Roulier,Import général,1,366,Transporteur B,Bamako (Mali),1239.5,Lundi,sèche,dédouanement en cours,83.9,37.0,True,268311
CRI-04129,2025-01-06,Môle 1,Biens de consommation,2,329,Transporteur G,Kaédi (Mauritanie),465.8,Lundi,sèche,dédouané avant arrivée,44.1,36.7,False,89040
CRI-04130,2025-01-06,Môle 3,Import général,2,493,Transporteur D,Bamako (Mali),1230.6,Lundi,sèche,dédouanement en cours,88.9,32.9,True,635971
CRI-04131,2025-01-06,Môle 1,Matériaux de construction,2,380,Transporteur G,Bamako (Mali),1241.0,Lundi,sèche,bloqué (litige/documents),133.0,29.2,False,950083
CRI-04132,2025-01-06,Terminal Roulier,Hydrocarbures,3,436,Transporteur F,Dakar (local),19.8,Lundi,sèche,dédouané avant arrivée,67.6,62.1,False,1191340
CRI-04133,2025-01-06,Terminal à Conteneurs,Denrées alimentaires,2,485,Transporteur B,Kaolack,191.4,Lundi,sèche,dédouanement en cours,79.7,50.0,False,757392
CRI-04134,2025-01-07,Terminal à Conteneurs,Import général,1,441,Transporteur A,Kayes (Mali),990.4,Mardi,sèche,dédouanement en cours,90.4,35.0,True,342934
CRI-04135,2025-01-07,Terminal à Conteneurs,Équipements industriels,1,539,Transporteur D,Dakar (local),19.7,Mardi,sèche,dédouané avant arrivée,76.1,50.8,True,273939
CRI-04136,2025-01-07,Môle 3,Biens de consommation,3,372,Transporteur F,Kaédi (Mauritanie),472.9,Mardi,sèche,dédouané avant arrivée,69.8,46.9,False,646747
CRI-04137,2025-01-07,Terminal Roulier,Import général,4,349,Transporteur B,Thiès,68.4,Mardi,sèche,dédouané avant arrivée,61.3,59.4,False,1181449
CRI-04138,2025-01-07,Môle 3,Denrées alimentaires,3,460,Transporteur E,Tambacounda,468.7,Mardi,sèche,dédouané avant arrivée,49.4,54.1,False,514754
CRI-04139,2025-01-07,Môle 3,Import général,1,402,Transporteur C,Dakar (local),19.7,Mardi,sèche,dédouanement en cours,52.9,13.7,False,0
CRI-04140,2025-01-07,Terminal à Conteneurs,Biens de consommation,2,442,Transporteur indépendant,Kayes (Mali),955.0,Mardi,sèche,dédouané avant arrivée,69.4,43.4,True,549739
CRI-04141,2025-01-07,Terminal Roulier,Matériaux de construction,1,376,Transporteur E,Kayes (Mali),1001.0,Mardi,sèche,dédouané avant arrivée,83.7,47.4,True,361779
CRI-04142,2025-01-07,Môle 8,Denrées alimentaires,2,458,Transporteur C,Kaolack,190.4,Mardi,sèche,dédouané avant arrivée,72.6,36.5,False,390296
CRI-04143,2025-01-07,Môle 3,Import général,1,452,Transporteur C,Tambacounda,471.8,Mardi,sèche,dédouanement en cours,102.7,67.6,True,567711
CRI-04144,2025-01-07,Terminal à Conteneurs,Denrées alimentaires,2,490,Transporteur F,Tambacounda,473.4,Mardi,sèche,dédouané avant arrivée,63.8,73.4,False,761328
CRI-04145,2025-01-08,Terminal Roulier,Denrées alimentaires,1,360,Transporteur G,Ziguinchor,474.8,Mercredi,sèche,dédouanement en cours,144.1,73.9,False,999078
CRI-04146,2025-01-08,Môle 1,Équipements industriels,1,327,Transporteur F,Thiès,71.5,Mercredi,sèche,dédouané avant arrivée,41.2,28.5,False,0
CRI-04147,2025-01-08,Môle 1,Équipements industriels,1,352,Transporteur D,Kaolack,201.4,Mercredi,sèche,dédouané avant arrivée,48.9,28.3,False,24141
CRI-04148,2025-01-08,Terminal à Conteneurs,Matériaux de construction,2,421,Transporteur E,Touba,194.2,Mercredi,sèche,dédouané avant arrivée,84.6,37.4,False,682134
CRI-04149,2025-01-08,Terminal à Conteneurs,Biens de consommation,1,343,Transporteur C,Touba,199.8,Mercredi,sèche,dédouané avant arrivée,29.2,22.6,False,0
CRI-04150,2025-01-08,Terminal à Conteneurs,Hydrocarbures,1,428,Transporteur F,Kaolack,198.9,Mercredi,sèche,bloqué (litige/documents),85.8,32.7,False,305281
CRI-04151,2025-01-08,Terminal Roulier,Import général,2,410,Transporteur indépendant,Tambacounda,452.6,Mercredi,sèche,bloqué (litige/documents),94.1,50.2,True,776738
CRI-04152,2025-01-08,Môle 3,Import général,1,320,Transporteur indépendant,Thiès,69.5,Mercredi,sèche,dédouané avant arrivée,39.6,24.8,False,0
CRI-04153,2025-01-09,Môle 1,Import général,1,385,Transporteur D,Tambacounda,456.5,Jeudi,sèche,dédouané avant arrivée,82.5,71.5,False,458961
CRI-04154,2025-01-09,Terminal Roulier,Import général,3,499,Transporteur G,Thiès,66.4,Jeudi,sèche,dédouané avant arrivée,77.9,51.9,False,923632
CRI-04155,2025-01-09,Terminal à Conteneurs,Import général,2,376,Transporteur B,Dakar (local),21.3,Jeudi,sèche,dédouanement en cours,72.7,35.1,False,343110
CRI-04156,2025-01-09,Terminal à Conteneurs,Import général,4,330,Transporteur B,Dakar (local),20.2,Jeudi,sèche,dédouané avant arrivée,63.4,38.3,False,768552
CRI-04157,2025-01-09,Terminal à Conteneurs,Import général,1,403,Transporteur D,Tambacounda,467.5,Jeudi,sèche,dédouanement en cours,131.7,51.5,False,703620
CRI-04158,2025-01-09,Terminal Roulier,Denrées alimentaires,1,396,Transporteur indépendant,Dakar (local),20.2,Jeudi,sèche,dédouané avant arrivée,98.3,32.6,False,352820
CRI-04159,2025-01-09,Terminal à Conteneurs,Import général,4,399,Transporteur F,Thiès,65.2,Jeudi,sèche,dédouanement en cours,80.4,51.8,False,1088044
CRI-04160,2025-01-09,Terminal à Conteneurs,Denrées alimentaires,1,432,Transporteur B,Bamako (Mali),1204.4,Jeudi,sèche,bloqué (litige/documents),158.4,29.5,True,720597
CRI-04161,2025-01-09,Môle 3,Matériaux de construction,1,266,Transporteur B,Ziguinchor,440.3,Jeudi,sèche,dédouanement en cours,77.3,37.8,False,252847
CRI-04162,2025-01-10,Terminal à Conteneurs,Denrées alimentaires,2,293,Transporteur indépendant,Kaédi (Mauritanie),472.1,Vendredi,sèche,dédouanement en cours,98.6,78.9,False,1355854
CRI-04163,2025-01-10,Terminal à Conteneurs,Équipements industriels,2,441,Transporteur D,Kaédi (Mauritanie),457.9,Vendredi,sèche,dédouané avant arrivée,44.6,80.3,True,515493
CRI-04164,2025-01-10,Terminal à Conteneurs,Denrées alimentaires,2,428,Transporteur F,Kaédi (Mauritanie),467.5,Vendredi,sèche,dédouané avant arrivée,74.5,86.7,False,1237651
CRI-04165,2025-01-10,Môle 1,Matériaux de construction,2,321,Transporteur A,Kaédi (Mauritanie),480.7,Vendredi,sèche,dédouanement en cours,72.2,65.3,False,861316
CRI-04166,2025-01-11,Môle 1,Import général,1,383,Transporteur D,Thiès,72.2,Samedi,sèche,dédouané avant arrivée,73.7,52.2,False,287497
CRI-04167,2025-01-11,Môle 3,Équipements industriels,2,380,Transporteur C,Bamako (Mali),1234.9,Samedi,sèche,dédouané avant arrivée,60.9,44.6,True,426733
CRI-04168,2025-01-11,Terminal à Conteneurs,Denrées alimentaires,1,434,Transporteur A,Kaolack,187.6,Samedi,sèche,dédouané avant arrivée,83.7,41.8,False,255771
CRI-04169,2025-01-11,Terminal Roulier,Denrées alimentaires,2,401,Transporteur D,Bamako (Mali),1226.2,Samedi,sèche,dédouané avant arrivée,51.5,41.1,True,197853
CRI-04170,2025-01-11,Môle 1,Biens de consommation,1,361,Transporteur G,Tambacounda,476.2,Samedi,sèche,dédouanement en cours,51.3,49.8,False,179824
CRI-04171,2025-01-11,Môle 3,Hydrocarbures,4,349,Transporteur D,Kaolack,183.8,Samedi,sèche,dédouanement en cours,128.0,25.9,False,1674134
CRI-04172,2025-01-11,Terminal Roulier,Biens de consommation,1,339,Transporteur D,Touba,192.7,Samedi,sèche,dédouané avant arrivée,45.2,29.4,False,11487
CRI-04173,2025-01-11,Terminal Roulier,Denrées alimentaires,1,377,Transporteur F,Bamako (Mali),1261.0,Samedi,sèche,dédouané avant arrivée,36.7,52.4,True,112183
CRI-04174,2025-01-11,Môle 3,Import général,1,436,Transporteur C,Kayes (Mali),980.5,Samedi,sèche,dédouané avant arrivée,114.6,123.6,False,1062159
CRI-04175,2025-01-11,Môle 8,Hydrocarbures,1,361,Transporteur F,Dakar (local),19.6,Samedi,sèche,dédouané avant arrivée,62.4,56.1,False,287262
CRI-04176,2025-01-11,Môle 1,Équipements industriels,1,299,Transporteur B,Kaolack,186.0,Samedi,sèche,dédouanement en cours,99.6,54.6,False,458918
CRI-04177,2025-01-12,Terminal à Conteneurs,Biens de consommation,1,287,Transporteur A,Kayes (Mali),945.5,Dimanche,sèche,dédouané avant arrivée,26.7,43.4,False,0
CRI-04178,2025-01-12,Terminal à Conteneurs,Matériaux de construction,1,288,Transporteur C,Dakar (local),19.6,Dimanche,sèche,bloqué (litige/documents),105.7,56.5,False,409008
CRI-04179,2025-01-12,Terminal à Conteneurs,Denrées alimentaires,2,318,Transporteur D,Dakar (local),19.5,Dimanche,sèche,dédouanement en cours,64.1,54.0,False,489329
CRI-04180,2025-01-12,Terminal à Conteneurs,Import général,1,294,Transporteur D,Tambacounda,483.2,Dimanche,sèche,bloqué (litige/documents),97.9,16.0,False,268112
CRI-04181,2025-01-12,Môle 3,Hydrocarbures,1,225,Transporteur G,Touba,196.0,Dimanche,sèche,dédouané avant arrivée,25.0,21.8,False,0
CRI-04182,2025-01-12,Môle 1,Biens de consommation,1,327,Transporteur C,Bamako (Mali),1211.0,Dimanche,sèche,dédouanement en cours,82.0,46.9,True,349727
CRI-04183,2025-01-12,Môle 3,Denrées alimentaires,2,301,Transporteur G,Kayes (Mali),980.8,Dimanche,sèche,dédouané avant arrivée,27.1,32.8,False,0
CRI-04184,2025-01-12,Terminal Roulier,Import général,1,290,Transporteur G,Touba,195.2,Dimanche,sèche,dédouanement en cours,51.9,32.3,False,55444
CRI-04185,2025-01-12,Terminal à Conteneurs,Denrées alimentaires,2,286,Transporteur B,Kayes (Mali),970.3,Dimanche,sèche,dédouanement en cours,51.4,25.6,False,53690
CRI-04186,2025-01-12,Môle 1,Import général,1,277,Transporteur G,Bamako (Mali),1214.8,Dimanche,sèche,dédouanement en cours,70.4,16.9,False,89314
CRI-04187,2025-01-12,Terminal à Conteneurs,Équipements industriels,1,260,Transporteur F,Kayes (Mali),952.5,Dimanche,sèche,dédouanement en cours,100.6,41.8,False,374126
CRI-04188,2025-01-12,Terminal Roulier,Biens de consommation,1,336,Transporteur D,Touba,192.5,Dimanche,sèche,dédouané avant arrivée,61.0,67.2,False,316929
CRI-04189,2025-01-12,Môle 1,Matériaux de construction,1,263,Transporteur indépendant,Dakar (local),19.5,Dimanche,sèche,dédouanement en cours,90.9,19.5,False,235534
CRI-04190,2025-01-13,Terminal à Conteneurs,Import général,1,495,Transporteur A,Kayes (Mali),950.7,Lundi,sèche,dédouané avant arrivée,67.5,76.5,True,491118
CRI-04191,2025-01-13,Terminal à Conteneurs,Import général,2,422,Transporteur E,Kayes (Mali),881.2,Lundi,sèche,dédouané avant arrivée,61.9,59.7,True,522526
CRI-04192,2025-01-13,Terminal à Conteneurs,Import général,1,398,Transporteur E,Kayes (Mali),983.0,Lundi,sèche,bloqué (litige/documents),155.3,59.7,True,707391
CRI-04193,2025-01-13,Môle 3,Import général,1,435,Transporteur G,Kayes (Mali),949.8,Lundi,sèche,bloqué (litige/documents),148.5,25.1,False,592902
CRI-04194,2025-01-13,Terminal Roulier,Biens de consommation,1,501,Transporteur C,Bamako (Mali),1221.8,Lundi,sèche,dédouanement en cours,91.9,61.4,True,490975
CRI-04195,2025-01-13,Terminal à Conteneurs,Denrées alimentaires,4,408,Transporteur F,Kaolack,185.2,Lundi,sèche,dédouané avant arrivée,54.9,35.8,False,483810
CRI-04196,2025-01-14,Môle 1,Import général,2,464,Transporteur C,Bamako (Mali),1186.7,Mardi,sèche,dédouané avant arrivée,62.2,81.9,True,933417
CRI-04197,2025-01-14,Môle 1,Biens de consommation,3,398,Transporteur F,Dakar (local),19.2,Mardi,sèche,dédouanement en cours,51.2,44.5,False,328422
CRI-04198,2025-01-14,Môle 8,Import général,1,525,Transporteur D,Kayes (Mali),921.0,Mardi,sèche,dédouanement en cours,99.4,52.1,True,478575
CRI-04199,2025-01-14,Terminal à Conteneurs,Denrées alimentaires,1,448,Transporteur D,Bamako (Mali),1202.6,Mardi,sèche,dédouané avant arrivée,96.9,60.3,False,545177
CRI-04200,2025-01-14,Môle 1,Matériaux de construction,4,405,Transporteur indépendant,Tambacounda,459.9,Mardi,sèche,bloqué (litige/documents),101.6,96.5,False,3377806
CRI-04201,2025-01-15,Môle 1,Import général,1,359,Transporteur A,Bamako (Mali),1270.6,Mercredi,sèche,dédouané avant arrivée,67.7,57.4,False,261152
CRI-04202,2025-01-15,Môle 8,Matériaux de construction,1,361,Transporteur E,Bamako (Mali),1217.7,Mercredi,sèche,dédouanement en cours,102.0,29.2,False,288744
CRI-04203,2025-01-15,Terminal Roulier,Biens de consommation,1,311,Transporteur indépendant,Bamako (Mali),1178.0,Mercredi,sèche,dédouanement en cours,93.3,26.9,True,325652
CRI-04204,2025-01-15,Terminal à Conteneurs,Hydrocarbures,1,350,Transporteur G,Kaolack,184.4,Mercredi,sèche,bloqué (litige/documents),194.6,60.4,False,893752
CRI-04205,2025-01-15,Terminal à Conteneurs,Import général,1,322,Transporteur indépendant,Kaolack,182.3,Mercredi,sèche,dédouané avant arrivée,44.6,44.7,False,110749
CRI-04206,2025-01-15,Terminal Roulier,Denrées alimentaires,3,368,Transporteur D,Kayes (Mali),924.2,Mercredi,sèche,dédouané avant arrivée,64.5,52.6,False,896946
CRI-04207,2025-01-15,Môle 1,Import général,2,390,Transporteur indépendant,Bamako (Mali),1223.4,Mercredi,sèche,dédouané avant arrivée,66.4,17.5,True,118377
CRI-04208,2025-01-15,Terminal Roulier,Biens de consommation,1,323,Transporteur F,Bamako (Mali),1250.0,Mercredi,sèche,dédouané avant arrivée,57.7,52.8,True,256840
CRI-04209,2025-01-15,Terminal à Conteneurs,Import général,2,410,Transporteur G,Dakar (local),19.1,Mercredi,sèche,dédouanement en cours,89.2,62.1,False,1014463
CRI-04210,2025-01-15,Môle 3,Hydrocarbures,4,301,Transporteur D,Bamako (Mali),1213.0,Mercredi,sèche,dédouanement en cours,110.8,38.6,True,1600661
CRI-04211,2025-01-15,Môle 1,Import général,4,400,Transporteur D,Bamako (Mali),1235.7,Mercredi,sèche,bloqué (litige/documents),171.9,41.2,True,2817482
CRI-04212,2025-01-15,Terminal à Conteneurs,Denrées alimentaires,3,417,Transporteur D,Kaolack,194.0,Mercredi,sèche,dédouané avant arrivée,91.9,42.3,False,1088054
CRI-04213,2025-01-15,Terminal à Conteneurs,Matériaux de construction,3,294,Transporteur C,Thiès,67.1,Mercredi,sèche,dédouané avant arrivée,78.0,32.9,False,602278
CRI-04214,2025-01-16,Môle 3,Denrées alimentaires,3,382,Transporteur F,Touba,192.6,Jeudi,sèche,dédouané avant arrivée,40.1,44.2,False,205885
CRI-04215,2025-01-16,Terminal à Conteneurs,Import général,4,356,Transporteur E,Dakar (local),19.4,Jeudi,sèche,dédouanement en cours,72.4,51.2,False,1132633
CRI-04216,2025-01-16,Terminal à Conteneurs,Denrées alimentaires,1,395,Transporteur G,Bamako (Mali),1195.8,Jeudi,sèche,dédouanement en cours,72.8,50.2,True,232503
CRI-04217,2025-01-16,Môle 3,Biens de consommation,1,505,Transporteur indépendant,Ziguinchor,464.0,Jeudi,sèche,dédouané avant arrivée,156.9,68.6,True,771843
CRI-04218,2025-01-16,Terminal à Conteneurs,Biens de consommation,1,331,Transporteur C,Dakar (local),20.7,Jeudi,sèche,dédouané avant arrivée,57.3,48.5,False,232677
CRI-04219,2025-01-16,Môle 8,Hydrocarbures,1,415,Transporteur indépendant,Kaédi (Mauritanie),480.3,Jeudi,sèche,dédouanement en cours,88.1,32.9,True,335797
CRI-04220,2025-01-16,Terminal à Conteneurs,Hydrocarbures,2,322,Transporteur F,Bamako (Mali),1217.1,Jeudi,sèche,dédouanement en cours,63.6,53.8,True,496339
CRI-04221,2025-01-16,Môle 3,Denrées alimentaires,1,382,Transporteur B,Kaédi (Mauritanie),463.8,Jeudi,sèche,dédouané avant arrivée,51.0,54.6,False,224348
CRI-04222,2025-01-16,Môle 3,Matériaux de construction,1,327,Transporteur A,Touba,193.1,Jeudi,sèche,dédouané avant arrivée,66.1,24.5,False,122417
CRI-04223,2025-01-17,Môle 3,Import général,1,371,Transporteur D,Kaédi (Mauritanie),468.9,Vendredi,sèche,dédouanement en cours,103.3,76.2,True,622981
CRI-04224,2025-01-17,Terminal à Conteneurs,Import général,3,388,Transporteur C,Kayes (Mali),972.7,Vendredi,sèche,bloqué (litige/documents),76.6,79.2,True,1568524
CRI-04225,2025-01-17,Terminal Roulier,Matériaux de construction,3,370,Transporteur C,Touba,196.1,Vendredi,sèche,dédouanement en cours,54.3,36.9,False,297143
CRI-04226,2025-01-17,Terminal à Conteneurs,Denrées alimentaires,4,321,Transporteur indépendant,Ziguinchor,433.4,Vendredi,sèche,bloqué (litige/documents),123.3,36.4,True,2314127
CRI-04227,2025-01-17,Terminal à Conteneurs,Denrées alimentaires,2,420,Transporteur F,Dakar (local),20.4,Vendredi,sèche,bloqué (litige/documents),85.3,72.9,False,964866
CRI-04228,2025-01-17,Terminal à Conteneurs,Matériaux de construction,2,374,Transporteur F,Kayes (Mali),899.6,Vendredi,sèche,dédouanement en cours,105.0,47.6,True,1024903
CRI-04229,2025-01-17,Môle 3,Matériaux de construction,2,440,Transporteur B,Thiès,69.6,Vendredi,sèche,dédouané avant arrivée,64.7,68.0,False,654839
CRI-04230,2025-01-17,Terminal à Conteneurs,Équipements industriels,2,383,Transporteur G,Dakar (local),19.7,Vendredi,sèche,dédouané avant arrivée,69.1,65.0,False,820049
CRI-04231,2025-01-17,Terminal à Conteneurs,Denrées alimentaires,1,381,Transporteur C,Ziguinchor,452.3,Vendredi,sèche,dédouané avant arrivée,55.0,60.1,False,259051
CRI-04232,2025-01-17,Môle 1,Denrées alimentaires,1,435,Transporteur C,Dakar (local),20.9,Vendredi,sèche,dédouanement en cours,93.5,110.3,False,694595
CRI-04233,2025-01-17,Terminal Roulier,Biens de consommation,2,384,Transporteur indépendant,Kayes (Mali),962.9,Vendredi,sèche,dédouané avant arrivée,52.0,60.9,True,548627
CRI-04234,2025-01-17,Môle 8,Matériaux de construction,2,400,Transporteur D,Dakar (local),20.9,Vendredi,sèche,bloqué (litige/documents),92.6,73.1,False,1234055
CRI-04235,2025-01-18,Môle 1,Matériaux de construction,3,296,Transporteur D,Thiès,70.4,Samedi,sèche,dédouané avant arrivée,79.2,41.1,False,980258
CRI-04236,2025-01-18,Terminal Roulier,Import général,1,422,Transporteur A,Touba,197.3,Samedi,sèche,dédouanement en cours,71.1,41.8,False,248463
CRI-04237,2025-01-18,Môle 1,Matériaux de construction,2,447,Transporteur C,Touba,197.6,Samedi,sèche,dédouané avant arrivée,73.9,33.6,False,386004
CRI-04238,2025-01-18,Môle 1,Hydrocarbures,2,421,Transporteur C,Kayes (Mali),924.7,Samedi,sèche,dédouané avant arrivée,56.4,77.9,False,816205
CRI-04239,2025-01-18,Terminal Roulier,Denrées alimentaires,1,406,Transporteur C,Bamako (Mali),1156.2,Samedi,sèche,dédouané avant arrivée,79.5,59.8,True,428639
CRI-04240,2025-01-18,Môle 1,Équipements industriels,1,376,Transporteur A,Bamako (Mali),1217.0,Samedi,sèche,dédouanement en cours,76.3,32.9,True,220537
CRI-04241,2025-01-18,Môle 3,Matériaux de construction,1,397,Transporteur B,Bamako (Mali),1220.5,Samedi,sèche,dédouané avant arrivée,122.9,39.1,True,510677
CRI-04242,2025-01-18,Terminal à Conteneurs,Hydrocarbures,1,284,Transporteur B,Thiès,72.3,Samedi,sèche,dédouané avant arrivée,45.0,62.8,False,210279
CRI-04243,2025-01-18,Môle 3,Import général,1,444,Transporteur F,Touba,185.6,Samedi,sèche,dédouanement en cours,80.3,96.2,False,613326
CRI-04244,2025-01-18,Môle 1,Hydrocarbures,2,348,Transporteur B,Touba,190.6,Samedi,sèche,dédouané avant arrivée,57.9,32.2,False,202866
CRI-04245,2025-01-18,Terminal Roulier,Biens de consommation,2,370,Transporteur D,Dakar (local),20.1,Samedi,sèche,bloqué (litige/documents),95.1,47.5,False,800306
CRI-04246,2025-01-18,Môle 3,Denrées alimentaires,1,405,Transporteur indépendant,Kayes (Mali),940.5,Samedi,sèche,bloqué (litige/documents),120.8,25.7,True,437237
CRI-04247,2025-01-18,Môle 8,Denrées alimentaires,1,344,Transporteur E,Bamako (Mali),1213.3,Samedi,sèche,dédouané avant arrivée,122.1,44.4,True,591480
CRI-04248,2025-01-18,Môle 1,Matériaux de construction,4,359,Transporteur A,Thiès,65.9,Samedi,sèche,dédouanement en cours,74.2,42.4,False,996347
CRI-04249,2025-01-19,Môle 3,Import général,1,257,Transporteur E,Bamako (Mali),1220.4,Dimanche,sèche,dédouanement en cours,67.8,30.2,False,129681
CRI-04250,2025-01-19,Terminal à Conteneurs,Biens de consommation,1,305,Transporteur E,Bamako (Mali),1223.8,Dimanche,sèche,dédouané avant arrivée,39.4,37.1,False,29791
CRI-04251,2025-01-19,Môle 1,Import général,2,278,Transporteur indépendant,Touba,189.5,Dimanche,sèche,dédouané avant arrivée,45.3,27.1,False,4341
CRI-04252,2025-01-19,Terminal à Conteneurs,Import général,2,252,Transporteur G,Dakar (local),19.9,Dimanche,sèche,dédouanement en cours,69.0,36.9,False,330272
CRI-04253,2025-01-19,Môle 1,Matériaux de construction,3,266,Transporteur E,Bamako (Mali),1179.2,Dimanche,sèche,dédouané avant arrivée,26.9,27.0,True,0
CRI-04254,2025-01-19,Terminal à Conteneurs,Biens de consommation,1,238,Transporteur indépendant,Kayes (Mali),929.0,Dimanche,sèche,bloqué (litige/documents),95.0,49.7,True,463161
CRI-04255,2025-01-19,Môle 3,Import général,2,284,Transporteur indépendant,Thiès,69.1,Dimanche,sèche,bloqué (litige/documents),74.1,23.0,False,294230
CRI-04256,2025-01-19,Terminal à Conteneurs,Import général,3,299,Transporteur C,Thiès,72.8,Dimanche,sèche,bloqué (litige/documents),81.9,28.0,False,768437
CRI-04257,2025-01-19,Môle 1,Biens de consommation,3,335,Transporteur G,Dakar (local),19.5,Dimanche,sèche,dédouanement en cours,68.4,28.4,False,452104
CRI-04258,2025-01-19,Môle 3,Équipements industriels,3,310,Transporteur D,Thiès,72.8,Dimanche,sèche,dédouané avant arrivée,63.1,23.3,False,246379
CRI-04259,2025-01-20,Terminal à Conteneurs,Biens de consommation,1,427,Transporteur A,Kaédi (Mauritanie),488.8,Lundi,sèche,dédouanement en cours,78.7,64.4,True,405213
CRI-04260,2025-01-20,Môle 3,Denrées alimentaires,2,423,Transporteur indépendant,Kaolack,185.3,Lundi,sèche,dédouané avant arrivée,59.6,85.9,False,763795
CRI-04261,2025-01-20,Môle 3,Matériaux de construction,3,438,Transporteur D,Bamako (Mali),1256.6,Lundi,sèche,dédouané avant arrivée,74.6,48.0,True,843064
CRI-04262,2025-01-20,Môle 3,Matériaux de construction,2,488,Transporteur C,Bamako (Mali),1207.8,Lundi,sèche,dédouanement en cours,91.1,63.1,True,832628
CRI-04263,2025-01-20,Terminal à Conteneurs,Denrées alimentaires,1,446,Transporteur D,Dakar (local),19.4,Lundi,sèche,dédouanement en cours,93.9,69.3,False,505952
CRI-04264,2025-01-20,Terminal Roulier,Matériaux de construction,1,513,Transporteur F,Touba,185.4,Lundi,sèche,dédouané avant arrivée,45.9,37.9,True,62298
CRI-04265,2025-01-20,Terminal à Conteneurs,Import général,3,326,Transporteur B,Thiès,71.2,Lundi,sèche,dédouanement en cours,80.6,36.8,False,889781
CRI-04266,2025-01-20,Terminal Roulier,Denrées alimentaires,2,447,Transporteur A,Tambacounda,475.4,Lundi,sèche,dédouanement en cours,81.0,63.1,False,846889
CRI-04267,2025-01-20,Terminal à Conteneurs,Biens de consommation,2,413,Transporteur C,Bamako (Mali),1268.9,Lundi,sèche,dédouanement en cours,76.4,71.4,True,824613
CRI-04268,2025-01-20,Terminal à Conteneurs,Hydrocarbures,3,397,Transporteur F,Bamako (Mali),1252.2,Lundi,sèche,bloqué (litige/documents),156.7,83.9,True,3309473
CRI-04269,2025-01-20,Terminal à Conteneurs,Denrées alimentaires,1,436,Transporteur G,Touba,190.2,Lundi,sèche,dédouanement en cours,110.9,26.2,False,297989
CRI-04270,2025-01-21,Môle 8,Denrées alimentaires,2,422,Transporteur D,Kaédi (Mauritanie),466.2,Mardi,sèche,dédouané avant arrivée,57.1,64.3,False,580563
CRI-04271,2025-01-21,Terminal à Conteneurs,Denrées alimentaires,2,384,Transporteur F,Touba,179.9,Mardi,sèche,dédouanement en cours,66.2,28.9,False,289120
CRI-04272,2025-01-21,Terminal à Conteneurs,Denrées alimentaires,1,561,Transporteur E,Touba,189.5,Mardi,sèche,dédouanement en cours,126.1,71.0,True,684792
CRI-04273,2025-01-21,Terminal Roulier,Import général,1,386,Transporteur F,Kayes (Mali),919.1,Mardi,sèche,dédouané avant arrivée,86.3,42.6,True,307403
CRI-04274,2025-01-21,Môle 8,Denrées alimentaires,1,385,Transporteur F,Bamako (Mali),1320.9,Mardi,sèche,dédouané avant arrivée,73.6,55.5,False,322456
CRI-04275,2025-01-21,Terminal Roulier,Matériaux de construction,1,366,Transporteur G,Thiès,73.4,Mardi,sèche,dédouanement en cours,99.9,86.2,False,684984
CRI-04276,2025-01-22,Terminal à Conteneurs,Biens de consommation,2,292,Transporteur C,Thiès,66.5,Mercredi,sèche,dédouanement en cours,85.1,26.5,False,513352
CRI-04277,2025-01-22,Môle 8,Import général,2,320,Transporteur B,Kayes (Mali),924.2,Mercredi,sèche,dédouané avant arrivée,42.3,42.8,False,151510
CRI-04278,2025-01-22,Môle 8,Denrées alimentaires,1,386,Transporteur G,Kayes (Mali),956.0,Mercredi,sèche,dédouané avant arrivée,96.4,53.4,False,539414
CRI-04279,2025-01-22,Môle 1,Biens de consommation,2,415,Transporteur F,Bamako (Mali),1149.4,Mercredi,sèche,dédouané avant arrivée,62.5,57.6,True,620707
CRI-04280,2025-01-22,Môle 1,Matériaux de construction,1,376,Transporteur D,Thiès,69.8,Mercredi,sèche,dédouané avant arrivée,65.6,50.2,False,247079
CRI-04281,2025-01-22,Terminal à Conteneurs,Biens de consommation,1,445,Transporteur A,Dakar (local),20.1,Mercredi,sèche,bloqué (litige/documents),96.2,34.8,False,389996
CRI-04282,2025-01-22,Môle 1,Import général,1,414,Transporteur C,Thiès,69.6,Mercredi,sèche,dédouané avant arrivée,63.0,11.4,False,13915
CRI-04283,2025-01-22,Môle 1,Import général,2,301,Transporteur indépendant,Kaolack,202.7,Mercredi,sèche,dédouanement en cours,43.8,59.5,False,348339
CRI-04284,2025-01-22,Môle 1,Équipements industriels,1,400,Transporteur E,Dakar (local),20.1,Mercredi,sèche,dédouanement en cours,76.1,48.0,True,278517
CRI-04285,2025-01-22,Môle 3,Denrées alimentaires,2,437,Transporteur B,Bamako (Mali),1219.9,Mercredi,sèche,dédouanement en cours,122.5,60.6,False,1113253
CRI-04286,2025-01-22,Terminal à Conteneurs,Biens de consommation,4,327,Transporteur A,Bamako (Mali),1270.3,Mercredi,sèche,dédouanement en cours,115.6,57.8,False,1862572
CRI-04287,2025-01-22,Terminal à Conteneurs,Biens de consommation,1,366,Transporteur C,Bamako (Mali),1175.0,Mercredi,sèche,dédouané avant arrivée,74.2,45.7,True,222129
CRI-04288,2025-01-22,Terminal Roulier,Denrées alimentaires,2,303,Transporteur E,Thiès,70.1,Mercredi,sèche,dédouané avant arrivée,63.6,35.3,False,270646
CRI-04289,2025-01-23,Môle 1,Hydrocarbures,2,338,Transporteur A,Dakar (local),20.3,Jeudi,sèche,dédouanement en cours,87.3,40.5,False,650609
CRI-04290,2025-01-23,Terminal à Conteneurs,Denrées alimentaires,1,443,Transporteur G,Tambacounda,473.2,Jeudi,sèche,dédouanement en cours,83.9,36.8,False,296279
CRI-04291,2025-01-23,Terminal à Conteneurs,Hydrocarbures,1,382,Transporteur D,Dakar (local),20.0,Jeudi,sèche,dédouanement en cours,32.5,91.3,False,268467
CRI-04292,2025-01-23,Môle 1,Biens de consommation,2,412,Transporteur F,Dakar (local),19.7,Jeudi,sèche,dédouané avant arrivée,68.3,50.2,False,548927
CRI-04293,2025-01-23,Terminal Roulier,Équipements industriels,2,328,Transporteur E,Kaolack,193.8,Jeudi,sèche,bloqué (litige/documents),77.2,81.7,False,1026245
CRI-04294,2025-01-23,Môle 1,Matériaux de construction,2,372,Transporteur C,Tambacounda,491.9,Jeudi,sèche,dédouanement en cours,73.9,48.7,False,630932
CRI-04295,2025-01-23,Môle 3,Denrées alimentaires,2,334,Transporteur indépendant,Kaolack,182.8,Jeudi,sèche,dédouané avant arrivée,42.7,20.9,False,0
CRI-04296,2025-01-23,Terminal Roulier,Import général,1,354,Transporteur G,Touba,184.3,Jeudi,sèche,dédouané avant arrivée,66.6,51.2,False,224196
CRI-04297,2025-01-23,Terminal Roulier,Import général,1,357,Transporteur F,Dakar (local),20.3,Jeudi,sèche,dédouané avant arrivée,88.5,33.9,False,262604
CRI-04298,2025-01-23,Terminal à Conteneurs,Denrées alimentaires,1,426,Transporteur C,Bamako (Mali),1240.3,Jeudi,sèche,dédouané avant arrivée,40.4,43.5,True,80389
CRI-04299,2025-01-23,Terminal à Conteneurs,Denrées alimentaires,1,364,Transporteur G,Bamako (Mali),1193.5,Jeudi,sèche,dédouanement en cours,63.4,28.4,True,115573
CRI-04300,2025-01-24,Terminal à Conteneurs,Import général,3,356,Transporteur A,Thiès,72.6,Vendredi,sèche,dédouané avant arrivée,48.2,27.3,False,66623
CRI-04301,2025-01-24,Terminal Roulier,Import général,2,367,Transporteur A,Ziguinchor,465.1,Vendredi,sèche,dédouanement en cours,61.4,47.4,False,374920
CRI-04302,2025-01-24,Terminal à Conteneurs,Import général,1,421,Transporteur B,Tambacounda,463.5,Vendredi,sèche,dédouanement en cours,57.3,18.0,False,21363
CRI-04303,2025-01-24,Terminal à Conteneurs,Équipements industriels,2,439,Transporteur G,Kaédi (Mauritanie),441.4,Vendredi,sèche,dédouané avant arrivée,56.2,54.1,False,471522
CRI-04304,2025-01-24,Terminal à Conteneurs,Import général,2,397,Transporteur D,Bamako (Mali),1203.4,Vendredi,sèche,dédouanement en cours,95.2,59.2,True,973819
CRI-04305,2025-01-24,Môle 1,Denrées alimentaires,2,386,Transporteur F,Kaolack,202.7,Vendredi,sèche,dédouanement en cours,96.1,20.0,False,508079
CRI-04306,2025-01-24,Terminal à Conteneurs,Hydrocarbures,4,320,Transporteur A,Bamako (Mali),1212.4,Vendredi,sèche,bloqué (litige/documents),219.1,78.7,False,4069164
CRI-04307,2025-01-24,Môle 1,Import général,1,393,Transporteur indépendant,Bamako (Mali),1204.4,Vendredi,sèche,dédouané avant arrivée,66.8,36.1,True,150784
CRI-04308,2025-01-24,Terminal à Conteneurs,Matériaux de construction,1,395,Transporteur G,Dakar (local),20.2,Vendredi,sèche,dédouanement en cours,77.4,32.0,False,243280
CRI-04309,2025-01-24,Terminal à Conteneurs,Import général,1,297,Transporteur G,Dakar (local),19.3,Vendredi,sèche,dédouané avant arrivée,76.0,26.0,False,144650
CRI-04310,2025-01-24,Môle 8,Matériaux de construction,1,351,Transporteur E,Bamako (Mali),1282.6,Vendredi,sèche,dédouané avant arrivée,53.8,23.2,True,23759
CRI-04311,2025-01-24,Terminal à Conteneurs,Import général,2,383,Transporteur G,Tambacounda,456.7,Vendredi,sèche,dédouané avant arrivée,82.7,42.6,False,728880
CRI-04312,2025-01-24,Môle 1,Matériaux de construction,3,339,Transporteur G,Bamako (Mali),1171.2,Vendredi,sèche,dédouanement en cours,129.2,57.6,True,2278832
CRI-04313,2025-01-25,Terminal à Conteneurs,Biens de consommation,2,374,Transporteur indépendant,Bamako (Mali),1222.2,Samedi,sèche,dédouanement en cours,68.6,21.7,True,179515
CRI-04314,2025-01-25,Terminal à Conteneurs,Matériaux de construction,2,368,Transporteur C,Kayes (Mali),943.7,Samedi,sèche,dédouanement en cours,96.5,63.8,True,815227
CRI-04315,2025-01-25,Terminal Roulier,Hydrocarbures,1,402,Transporteur F,Kaolack,192.0,Samedi,sèche,bloqué (litige/documents),136.2,44.9,False,495476
CRI-04316,2025-01-25,Terminal Roulier,Import général,1,326,Transporteur B,Bamako (Mali),1196.6,Samedi,sèche,dédouanement en cours,64.3,42.1,True,173412
CRI-04317,2025-01-25,Môle 1,Import général,2,337,Transporteur A,Tambacounda,471.1,Samedi,sèche,dédouané avant arrivée,52.8,55.3,False,363939
CRI-04318,2025-01-25,Terminal à Conteneurs,Import général,2,366,Transporteur B,Bamako (Mali),1195.6,Samedi,sèche,dédouanement en cours,64.8,44.5,True,413116
CRI-04319,2025-01-25,Môle 1,Biens de consommation,2,340,Transporteur A,Thiès,69.6,Samedi,sèche,dédouané avant arrivée,92.8,35.0,False,634365
CRI-04320,2025-01-25,Terminal à Conteneurs,Biens de consommation,1,343,Transporteur D,Kaédi (Mauritanie),464.9,Samedi,sèche,dédouané avant arrivée,91.7,52.0,False,409997
CRI-04321,2025-01-25,Terminal à Conteneurs,Import général,1,279,Transporteur B,Kaolack,187.3,Samedi,sèche,dédouané avant arrivée,48.4,31.8,False,37924
CRI-04322,2025-01-25,Môle 8,Denrées alimentaires,3,427,Transporteur indépendant,Bamako (Mali),1195.7,Samedi,sèche,dédouanement en cours,84.6,61.9,True,1405365
CRI-04323,2025-01-25,Terminal à Conteneurs,Denrées alimentaires,2,299,Transporteur F,Dakar (local),18.7,Samedi,sèche,dédouanement en cours,60.1,33.7,False,264969
CRI-04324,2025-01-25,Terminal à Conteneurs,Import général,1,402,Transporteur B,Tambacounda,457.0,Samedi,sèche,dédouanement en cours,70.5,38.1,False,216175
CRI-04325,2025-01-26,Môle 3,Équipements industriels,2,307,Transporteur D,Dakar (local),19.3,Dimanche,sèche,dédouané avant arrivée,41.6,42.7,False,130783
CRI-04326,2025-01-26,Terminal à Conteneurs,Denrées alimentaires,1,283,Transporteur G,Dakar (local),20.1,Dimanche,sèche,dédouané avant arrivée,35.4,23.6,False,0
CRI-04327,2025-01-26,Môle 1,Import général,2,267,Transporteur B,Tambacounda,451.2,Dimanche,sèche,dédouanement en cours,41.1,25.6,False,0
CRI-04328,2025-01-26,Terminal à Conteneurs,Denrées alimentaires,1,273,Transporteur E,Bamako (Mali),1196.1,Dimanche,sèche,bloqué (litige/documents),80.1,28.2,False,196817
CRI-04329,2025-01-26,Môle 3,Hydrocarbures,2,234,Transporteur C,Ziguinchor,461.4,Dimanche,sèche,dédouané avant arrivée,41.6,28.3,False,0
CRI-04330,2025-01-26,Môle 1,Matériaux de construction,1,285,Transporteur B,Kaolack,188.0,Dimanche,sèche,bloqué (litige/documents),88.5,38.9,False,318788
CRI-04331,2025-01-26,Môle 3,Denrées alimentaires,1,341,Transporteur B,Tambacounda,477.6,Dimanche,sèche,bloqué (litige/documents),95.5,62.2,False,474574
CRI-04332,2025-01-26,Terminal à Conteneurs,Denrées alimentaires,1,344,Transporteur E,Tambacounda,431.3,Dimanche,sèche,dédouanement en cours,97.0,50.7,False,463625
CRI-04333,2025-01-26,Môle 1,Hydrocarbures,3,230,Transporteur G,Bamako (Mali),1232.1,Dimanche,sèche,dédouané avant arrivée,52.4,31.1,False,176903
CRI-04334,2025-01-27,Môle 3,Équipements industriels,2,502,Transporteur F,Tambacounda,484.7,Lundi,sèche,bloqué (litige/documents),233.2,55.8,True,2436809
CRI-04335,2025-01-27,Terminal Roulier,Denrées alimentaires,3,498,Transporteur D,Kayes (Mali),961.1,Lundi,sèche,bloqué (litige/documents),178.5,66.3,True,2451018
CRI-04336,2025-01-27,Terminal Roulier,Hydrocarbures,1,342,Transporteur G,Bamako (Mali),1218.9,Lundi,sèche,dédouanement en cours,65.6,39.7,True,206906
CRI-04337,2025-01-27,Terminal Roulier,Import général,3,449,Transporteur E,Thiès,71.7,Lundi,sèche,dédouanement en cours,72.2,68.9,False,1066172
CRI-04338,2025-01-27,Môle 1,Biens de consommation,2,495,Transporteur indépendant,Kaédi (Mauritanie),461.2,Lundi,sèche,bloqué (litige/documents),103.1,74.6,True,1157974
CRI-04339,2025-01-27,Môle 8,Biens de consommation,2,341,Transporteur A,Dakar (local),20.0,Lundi,sèche,dédouané avant arrivée,84.1,39.1,False,478343
CRI-04340,2025-01-27,Terminal à Conteneurs,Denrées alimentaires,2,437,Transporteur B,Kaolack,190.8,Lundi,sèche,dédouanement en cours,81.9,65.1,False,1036774
CRI-04341,2025-01-27,Terminal à Conteneurs,Import général,1,439,Transporteur G,Bamako (Mali),1180.9,Lundi,sèche,bloqué (litige/documents),86.7,35.4,True,261771
CRI-04342,2025-01-27,Môle 8,Import général,1,457,Transporteur G,Dakar (local),20.1,Lundi,sèche,dédouané avant arrivée,60.9,79.9,False,427013
CRI-04343,2025-01-27,Terminal à Conteneurs,Hydrocarbures,1,357,Transporteur B,Tambacounda,490.5,Lundi,sèche,dédouanement en cours,72.0,20.2,False,104095
CRI-04344,2025-01-28,Terminal Roulier,Équipements industriels,4,421,Transporteur B,Kaédi (Mauritanie),487.6,Mardi,sèche,dédouané avant arrivée,71.1,105.3,True,1912795
CRI-04345,2025-01-28,Môle 1,Biens de consommation,2,436,Transporteur B,Dakar (local),21.4,Mardi,sèche,dédouanement en cours,92.2,49.6,False,821903
CRI-04346,2025-01-28,Môle 1,Import général,1,444,Transporteur D,Dakar (local),18.9,Mardi,sèche,dédouané avant arrivée,79.0,60.5,False,308033
CRI-04347,2025-01-28,Terminal Roulier,Import général,3,499,Transporteur A,Bamako (Mali),1137.5,Mardi,sèche,dédouané avant arrivée,67.1,50.4,True,778188
CRI-04348,2025-01-28,Terminal à Conteneurs,Denrées alimentaires,2,475,Transporteur B,Bamako (Mali),1182.6,Mardi,sèche,dédouané avant arrivée,62.1,59.6,True,485679
CRI-04349,2025-01-28,Terminal à Conteneurs,Denrées alimentaires,2,398,Transporteur B,Tambacounda,475.1,Mardi,sèche,dédouané avant arrivée,52.0,41.1,False,290519
CRI-04350,2025-01-28,Môle 3,Import général,1,418,Transporteur indépendant,Bamako (Mali),1238.8,Mardi,sèche,dédouané avant arrivée,76.9,24.5,True,146206
CRI-04351,2025-01-28,Môle 1,Biens de consommation,1,488,Transporteur B,Dakar (local),20.5,Mardi,sèche,dédouané avant arrivée,50.5,57.4,False,189973
CRI-04352,2025-01-28,Terminal à Conteneurs,Équipements industriels,4,437,Transporteur F,Tambacounda,453.3,Mardi,sèche,bloqué (litige/documents),179.9,54.0,False,3787400
CRI-04353,2025-01-28,Môle 3,Biens de consommation,1,452,Transporteur C,Bamako (Mali),1253.3,Mardi,sèche,dédouanement en cours,126.9,58.8,True,633912
CRI-04354,2025-01-29,Terminal à Conteneurs,Matériaux de construction,1,405,Transporteur F,Kayes (Mali),933.5,Mercredi,sèche,bloqué (litige/documents),167.2,52.6,True,917858
CRI-04355,2025-01-29,Môle 3,Matériaux de construction,1,362,Transporteur G,Tambacounda,490.5,Mercredi,sèche,dédouané avant arrivée,63.0,51.0,False,270582
CRI-04356,2025-01-29,Môle 3,Import général,1,408,Transporteur E,Dakar (local),20.1,Mercredi,sèche,dédouané avant arrivée,72.7,59.6,False,357536
CRI-04357,2025-01-29,Terminal à Conteneurs,Hydrocarbures,1,407,Transporteur B,Touba,189.5,Mercredi,sèche,dédouané avant arrivée,109.1,36.4,False,491639
CRI-04358,2025-01-29,Môle 3,Biens de consommation,1,385,Transporteur G,Touba,191.6,Mercredi,sèche,dédouanement en cours,132.3,37.0,False,504604
CRI-04359,2025-01-29,Terminal à Conteneurs,Import général,1,419,Transporteur indépendant,Bamako (Mali),1205.9,Mercredi,sèche,dédouané avant arrivée,94.1,33.1,True,340220
CRI-04360,2025-01-29,Môle 1,Matériaux de construction,3,303,Transporteur G,Dakar (local),20.6,Mercredi,sèche,dédouanement en cours,82.1,14.2,False,368130
CRI-04361,2025-01-29,Terminal à Conteneurs,Équipements industriels,2,398,Transporteur F,Dakar (local),19.4,Mercredi,sèche,dédouanement en cours,56.8,71.8,False,716104
CRI-04362,2025-01-29,Terminal à Conteneurs,Matériaux de construction,1,377,Transporteur indépendant,Bamako (Mali),1242.6,Mercredi,sèche,dédouanement en cours,98.3,57.9,True,489771
CRI-04363,2025-01-29,Terminal à Conteneurs,Matériaux de construction,2,369,Transporteur B,Bamako (Mali),1240.9,Mercredi,sèche,dédouanement en cours,68.3,24.4,False,230227
CRI-04364,2025-01-29,Môle 8,Import général,1,418,Transporteur F,Bamako (Mali),1147.0,Mercredi,sèche,dédouanement en cours,87.4,30.4,True,226552
CRI-04365,2025-01-29,Môle 3,Équipements industriels,2,415,Transporteur F,Kayes (Mali),953.2,Mercredi,sèche,dédouané avant arrivée,48.1,56.9,True,450195
CRI-04366,2025-01-29,Terminal Roulier,Denrées alimentaires,3,363,Transporteur E,Tambacounda,463.9,Mercredi,sèche,dédouané avant arrivée,45.2,43.1,False,245614
CRI-04367,2025-01-30,Terminal à Conteneurs,Import général,2,358,Transporteur E,Kaolack,190.4,Jeudi,sèche,dédouanement en cours,111.7,17.8,False,679395
CRI-04368,2025-01-30,Terminal à Conteneurs,Hydrocarbures,2,341,Transporteur C,Thiès,72.8,Jeudi,sèche,dédouanement en cours,87.5,26.6,False,575852
CRI-04369,2025-01-30,Môle 8,Import général,1,422,Transporteur A,Bamako (Mali),1144.2,Jeudi,sèche,dédouanement en cours,57.8,37.3,True,117330
CRI-04370,2025-01-30,Terminal à Conteneurs,Biens de consommation,1,361,Transporteur A,Kayes (Mali),940.0,Jeudi,sèche,bloqué (litige/documents),112.0,52.4,False,464770
CRI-04371,2025-01-30,Terminal Roulier,Import général,1,325,Transporteur indépendant,Kaolack,200.5,Jeudi,sèche,dédouané avant arrivée,72.9,31.6,True,205321
CRI-04372,2025-01-30,Môle 1,Hydrocarbures,2,399,Transporteur G,Tambacounda,463.6,Jeudi,sèche,dédouanement en cours,92.7,41.7,False,627159
CRI-04373,2025-01-31,Terminal Roulier,Matériaux de construction,2,314,Transporteur F,Bamako (Mali),1191.9,Vendredi,sèche,dédouané avant arrivée,45.9,34.8,True,83662
CRI-04374,2025-01-31,Terminal Roulier,Denrées alimentaires,1,360,Transporteur D,Dakar (local),20.0,Vendredi,sèche,dédouanement en cours,72.0,55.1,False,298937
CRI-04375,2025-01-31,Môle 3,Équipements industriels,1,303,Transporteur D,Thiès,71.2,Vendredi,sèche,dédouané avant arrivée,50.7,32.4,False,54826
CRI-04376,2025-01-31,Môle 3,Équipements industriels,2,344,Transporteur A,Bamako (Mali),1161.0,Vendredi,sèche,dédouané avant arrivée,66.0,44.1,True,443148
CRI-04377,2025-01-31,Môle 8,Matériaux de construction,3,332,Transporteur F,Ziguinchor,449.9,Vendredi,sèche,dédouané avant arrivée,54.5,34.4,False,233444
CRI-04378,2025-01-31,Môle 1,Équipements industriels,4,343,Transporteur B,Bamako (Mali),1231.0,Vendredi,sèche,dédouané avant arrivée,52.6,44.6,True,466628
CRI-04379,2025-01-31,Môle 1,Import général,3,372,Transporteur A,Kaédi (Mauritanie),459.1,Vendredi,sèche,dédouanement en cours,59.2,28.8,False,245022
CRI-04380,2025-01-31,Môle 8,Hydrocarbures,3,402,Transporteur G,Thiès,68.2,Vendredi,sèche,dédouané avant arrivée,46.4,33.1,False,124510
CRI-04381,2025-01-31,Terminal Roulier,Équipements industriels,1,404,Transporteur G,Thiès,67.1,Vendredi,sèche,dédouané avant arrivée,62.3,74.0,False,305584
CRI-04382,2025-01-31,Terminal Roulier,Biens de consommation,1,425,Transporteur C,Dakar (local),20.6,Vendredi,sèche,dédouanement en cours,91.4,32.3,False,321594
CRI-04383,2025-01-31,Môle 1,Matériaux de construction,1,326,Transporteur G,Kaolack,185.1,Vendredi,sèche,dédouanement en cours,100.5,51.1,False,527187
CRI-04384,2025-01-31,Môle 8,Équipements industriels,1,364,Transporteur B,Touba,192.0,Vendredi,sèche,dédouané avant arrivée,49.1,47.7,False,118501
CRI-04385,2025-01-31,Môle 8,Matériaux de construction,3,335,Transporteur E,Bamako (Mali),1237.0,Vendredi,sèche,dédouanement en cours,96.2,38.2,True,868464
CRI-04386,2025-01-31,Terminal Roulier,Matériaux de construction,1,389,Transporteur G,Dakar (local),20.0,Vendredi,sèche,bloqué (litige/documents),102.6,36.3,False,337496
CRI-04387,2025-01-31,Môle 3,Import général,2,333,Transporteur G,Dakar (local),19.7,Vendredi,sèche,dédouané avant arrivée,42.5,47.7,False,235826
CRI-04388,2025-01-31,Môle 3,Import général,4,383,Transporteur C,Ziguinchor,415.2,Vendredi,sèche,dédouanement en cours,67.5,28.8,False,665296
CRI-04389,2025-01-31,Môle 1,Import général,1,408,Transporteur F,Dakar (local),20.8,Vendredi,sèche,dédouanement en cours,94.3,34.2,False,261332
CRI-04390,2025-01-31,Môle 1,Équipements industriels,1,368,Transporteur C,Thiès,69.4,Vendredi,sèche,dédouané avant arrivée,71.6,63.8,False,418019
CRI-04391,2025-01-31,Terminal à Conteneurs,Denrées alimentaires,4,435,Transporteur F,Tambacounda,473.7,Vendredi,sèche,dédouanement en cours,67.8,49.3,True,1192232
CRI-04392,2025-02-01,Môle 1,Biens de consommation,3,374,Transporteur D,Kaédi (Mauritanie),465.6,Samedi,sèche,dédouanement en cours,105.6,84.5,False,1947214
CRI-04393,2025-02-01,Môle 3,Denrées alimentaires,4,364,Transporteur D,Dakar (local),20.5,Samedi,sèche,dédouanement en cours,88.0,49.5,False,1672489
CRI-04394,2025-02-01,Terminal à Conteneurs,Biens de consommation,1,466,Transporteur E,Thiès,70.1,Samedi,sèche,dédouanement en cours,70.1,60.6,False,318207
CRI-04395,2025-02-01,Terminal à Conteneurs,Matériaux de construction,1,354,Transporteur F,Bamako (Mali),1139.5,Samedi,sèche,dédouanement en cours,78.4,41.5,False,318155
CRI-04396,2025-02-01,Môle 1,Import général,1,336,Transporteur C,Kayes (Mali),923.4,Samedi,sèche,dédouanement en cours,66.5,43.5,True,193844
CRI-04397,2025-02-01,Terminal à Conteneurs,Denrées alimentaires,2,257,Transporteur G,Bamako (Mali),1228.2,Samedi,sèche,dédouané avant arrivée,77.5,32.7,False,444032
CRI-04398,2025-02-01,Môle 3,Import général,1,463,Transporteur G,Touba,184.3,Samedi,sèche,dédouanement en cours,68.6,58.6,False,259126
CRI-04399,2025-02-01,Terminal à Conteneurs,Denrées alimentaires,1,304,Transporteur G,Bamako (Mali),1240.7,Samedi,sèche,dédouanement en cours,78.2,47.9,True,367279
CRI-04400,2025-02-01,Môle 8,Denrées alimentaires,2,374,Transporteur D,Dakar (local),20.4,Samedi,sèche,dédouané avant arrivée,64.8,39.8,False,415685
CRI-04401,2025-02-01,Terminal à Conteneurs,Import général,2,432,Transporteur B,Tambacounda,501.3,Samedi,sèche,dédouané avant arrivée,67.9,70.5,False,618569
CRI-04402,2025-02-01,Môle 1,Import général,2,310,Transporteur B,Dakar (local),20.3,Samedi,sèche,dédouanement en cours,64.6,36.1,False,301884
CRI-04403,2025-02-02,Môle 1,Matériaux de construction,3,262,Transporteur E,Bamako (Mali),1187.7,Dimanche,sèche,dédouanement en cours,85.8,28.2,True,728223
CRI-04404,2025-02-02,Terminal à Conteneurs,Équipements industriels,2,301,Transporteur D,Thiès,70.3,Dimanche,sèche,dédouanement en cours,75.3,29.6,False,414032
CRI-04405,2025-02-02,Môle 1,Import général,1,231,Transporteur E,Kaolack,201.7,Dimanche,sèche,dédouanement en cours,50.0,20.0,False,0
CRI-04406,2025-02-02,Terminal à Conteneurs,Matériaux de construction,3,277,Transporteur C,Kaédi (Mauritanie),459.8,Dimanche,sèche,dédouané avant arrivée,49.4,31.0,False,120325
CRI-04407,2025-02-02,Terminal à Conteneurs,Import général,1,341,Transporteur A,Kayes (Mali),952.7,Dimanche,sèche,dédouanement en cours,65.0,53.0,False,215353
CRI-04408,2025-02-02,Môle 1,Denrées alimentaires,1,298,Transporteur C,Tambacounda,465.9,Dimanche,sèche,dédouanement en cours,61.2,54.8,False,278132
CRI-04409,2025-02-02,Terminal à Conteneurs,Biens de consommation,1,307,Transporteur F,Bamako (Mali),1202.4,Dimanche,sèche,dédouané avant arrivée,48.4,70.2,False,250726
CRI-04410,2025-02-02,Terminal à Conteneurs,Biens de consommation,1,313,Transporteur C,Dakar (local),19.8,Dimanche,sèche,bloqué (litige/documents),155.4,49.2,False,808380
CRI-04411,2025-02-02,Môle 1,Biens de consommation,2,273,Transporteur F,Touba,194.3,Dimanche,sèche,bloqué (litige/documents),94.9,55.6,False,941399
CRI-04412,2025-02-02,Terminal à Conteneurs,Biens de consommation,1,285,Transporteur F,Bamako (Mali),1229.0,Dimanche,sèche,dédouanement en cours,84.8,35.0,False,228494
CRI-04413,2025-02-02,Môle 3,Biens de consommation,4,311,Transporteur D,Kaolack,194.5,Dimanche,sèche,bloqué (litige/documents),105.1,50.7,False,1761581
CRI-04414,2025-02-02,Môle 8,Équipements industriels,2,362,Transporteur A,Touba,183.1,Dimanche,sèche,dédouanement en cours,54.1,38.2,False,241546
CRI-04415,2025-02-02,Môle 1,Import général,2,284,Transporteur indépendant,Bamako (Mali),1228.3,Dimanche,sèche,dédouané avant arrivée,67.6,51.7,True,538899
CRI-04416,2025-02-02,Môle 1,Équipements industriels,1,276,Transporteur G,Kaolack,188.6,Dimanche,sèche,dédouané avant arrivée,46.5,28.0,False,17209
CRI-04417,2025-02-03,Môle 1,Biens de consommation,1,487,Transporteur E,Kaolack,187.4,Lundi,sèche,dédouanement en cours,72.8,59.8,False,367676
CRI-04418,2025-02-03,Môle 1,Biens de consommation,1,396,Transporteur A,Thiès,69.6,Lundi,sèche,dédouané avant arrivée,69.4,113.6,False,520383
CRI-04419,2025-02-03,Terminal à Conteneurs,Import général,2,506,Transporteur C,Thiès,72.4,Lundi,sèche,dédouané avant arrivée,52.2,56.8,True,490045
CRI-04420,2025-02-03,Terminal Roulier,Denrées alimentaires,1,431,Transporteur F,Dakar (local),20.7,Lundi,sèche,dédouané avant arrivée,33.9,56.2,False,88147
CRI-04421,2025-02-03,Môle 1,Import général,3,415,Transporteur B,Ziguinchor,447.4,Lundi,sèche,dédouané avant arrivée,58.0,81.0,False,1025011
CRI-04422,2025-02-03,Terminal Roulier,Matériaux de construction,1,496,Transporteur F,Tambacounda,482.4,Lundi,sèche,dédouanement en cours,77.1,38.8,True,212473
CRI-04423,2025-02-03,Môle 8,Denrées alimentaires,4,436,Transporteur B,Dakar (local),19.8,Lundi,sèche,dédouané avant arrivée,51.1,48.0,False,700522
CRI-04424,2025-02-03,Môle 1,Matériaux de construction,1,527,Transporteur F,Dakar (local),20.4,Lundi,sèche,dédouané avant arrivée,72.9,91.3,False,591358
CRI-04425,2025-02-03,Môle 1,Import général,1,422,Transporteur indépendant,Touba,190.3,Lundi,sèche,dédouanement en cours,68.7,42.9,True,210873
CRI-04426,2025-02-03,Terminal à Conteneurs,Import général,1,436,Transporteur C,Dakar (local),20.0,Lundi,sèche,bloqué (litige/documents),57.8,46.3,False,180101
CRI-04427,2025-02-03,Terminal à Conteneurs,Équipements industriels,1,448,Transporteur C,Kaédi (Mauritanie),471.2,Lundi,sèche,dédouanement en cours,149.8,47.3,True,583725
CRI-04428,2025-02-03,Môle 1,Import général,2,378,Transporteur D,Tambacounda,475.6,Lundi,sèche,dédouané avant arrivée,54.8,56.1,False,502163
CRI-04429,2025-02-03,Môle 8,Denrées alimentaires,3,512,Transporteur indépendant,Kaolack,194.4,Lundi,sèche,dédouané avant arrivée,78.2,95.0,True,1794115
CRI-04430,2025-02-03,Môle 3,Hydrocarbures,1,409,Transporteur B,Kaolack,187.1,Lundi,sèche,dédouané avant arrivée,65.6,65.5,False,401644
CRI-04431,2025-02-03,Terminal à Conteneurs,Matériaux de construction,2,504,Transporteur C,Dakar (local),19.5,Lundi,sèche,dédouané avant arrivée,83.0,59.3,False,830006
CRI-04432,2025-02-04,Môle 8,Biens de consommation,1,430,Transporteur D,Bamako (Mali),1193.9,Mardi,sèche,bloqué (litige/documents),151.6,74.5,True,912190
CRI-04433,2025-02-04,Terminal à Conteneurs,Import général,1,412,Transporteur D,Touba,185.0,Mardi,sèche,dédouané avant arrivée,80.4,18.9,True,167958
CRI-04434,2025-02-04,Môle 3,Import général,3,459,Transporteur E,Kaédi (Mauritanie),493.1,Mardi,sèche,dédouanement en cours,72.1,46.5,False,893054
CRI-04435,2025-02-04,Môle 1,Denrées alimentaires,4,397,Transporteur G,Ziguinchor,475.7,Mardi,sèche,dédouané avant arrivée,44.4,73.9,False,962233
CRI-04436,2025-02-04,Môle 1,Import général,1,513,Transporteur C,Bamako (Mali),1190.5,Mardi,sèche,dédouanement en cours,87.8,79.0,True,503416
CRI-04437,2025-02-04,Môle 8,Denrées alimentaires,2,394,Transporteur D,Kayes (Mali),855.5,Mardi,sèche,bloqué (litige/documents),142.8,37.4,True,1110842
CRI-04438,2025-02-04,Môle 8,Denrées alimentaires,2,351,Transporteur G,Bamako (Mali),1284.0,Mardi,sèche,dédouanement en cours,62.5,41.2,False,393232
CRI-04439,2025-02-04,Môle 8,Biens de consommation,1,457,Transporteur E,Touba,179.5,Mardi,sèche,dédouanement en cours,86.2,32.9,False,325442
CRI-04440,2025-02-05,Môle 1,Denrées alimentaires,1,430,Transporteur G,Kayes (Mali),976.5,Mercredi,sèche,bloqué (litige/documents),99.9,40.5,True,325203
CRI-04441,2025-02-05,Terminal à Conteneurs,Denrées alimentaires,1,339,Transporteur B,Thiès,72.6,Mercredi,sèche,dédouané avant arrivée,60.8,23.5,False,69711
CRI-04442,2025-02-05,Môle 1,Denrées alimentaires,1,430,Transporteur B,Kayes (Mali),959.1,Mercredi,sèche,dédouané avant arrivée,67.1,75.6,False,485866
CRI-04443,2025-02-05,Terminal Roulier,Matériaux de construction,1,369,Transporteur F,Tambacounda,486.2,Mercredi,sèche,dédouané avant arrivée,45.1,63.3,False,174714
CRI-04444,2025-02-05,Terminal à Conteneurs,Import général,2,339,Transporteur A,Kaédi (Mauritanie),476.2,Mercredi,sèche,dédouané avant arrivée,65.9,33.5,False,311682
CRI-04445,2025-02-05,Terminal à Conteneurs,Hydrocarbures,3,367,Transporteur indépendant,Kaédi (Mauritanie),475.4,Mercredi,sèche,dédouané avant arrivée,62.3,59.1,True,1004119
CRI-04446,2025-02-05,Terminal Roulier,Matériaux de construction,1,361,Transporteur A,Touba,187.2,Mercredi,sèche,dédouané avant arrivée,53.8,51.1,False,208894
CRI-04447,2025-02-05,Terminal Roulier,Hydrocarbures,2,300,Transporteur E,Dakar (local),20.5,Mercredi,sèche,dédouané avant arrivée,64.3,54.5,False,538029
CRI-04448,2025-02-05,Terminal Roulier,Denrées alimentaires,1,361,Transporteur A,Kaolack,185.2,Mercredi,sèche,dédouané avant arrivée,66.3,51.7,False,265324
CRI-04449,2025-02-05,Terminal à Conteneurs,Matériaux de construction,2,385,Transporteur A,Dakar (local),20.4,Mercredi,sèche,dédouanement en cours,73.6,57.6,False,633424
CRI-04450,2025-02-05,Môle 1,Import général,2,349,Transporteur A,Kayes (Mali),939.0,Mercredi,sèche,dédouané avant arrivée,47.9,50.0,False,242057
CRI-04451,2025-02-05,Terminal à Conteneurs,Import général,2,487,Transporteur A,Dakar (local),20.4,Mercredi,sèche,dédouané avant arrivée,79.7,57.2,False,906887
CRI-04452,2025-02-06,Terminal à Conteneurs,Matériaux de construction,2,411,Transporteur indépendant,Dakar (local),21.2,Jeudi,sèche,dédouané avant arrivée,41.0,56.5,True,291480
CRI-04453,2025-02-06,Môle 1,Import général,1,374,Transporteur B,Kayes (Mali),948.7,Jeudi,sèche,dédouanement en cours,94.2,100.4,False,630947
CRI-04454,2025-02-06,Môle 1,Denrées alimentaires,1,322,Transporteur G,Touba,191.2,Jeudi,sèche,dédouané avant arrivée,34.7,28.1,False,0
CRI-04455,2025-02-06,Terminal à Conteneurs,Import général,2,370,Transporteur G,Tambacounda,474.1,Jeudi,sèche,dédouané avant arrivée,111.4,29.8,False,866583
CRI-04456,2025-02-06,Môle 3,Biens de consommation,1,449,Transporteur F,Tambacounda,444.9,Jeudi,sèche,dédouané avant arrivée,57.7,75.4,True,352761
CRI-04457,2025-02-06,Terminal à Conteneurs,Denrées alimentaires,1,406,Transporteur E,Dakar (local),20.3,Jeudi,sèche,dédouané avant arrivée,59.9,50.6,False,234943
CRI-04458,2025-02-06,Môle 1,Import général,1,302,Transporteur A,Touba,190.6,Jeudi,sèche,dédouané avant arrivée,74.7,39.1,False,261572
CRI-04459,2025-02-06,Môle 1,Import général,1,382,Transporteur A,Bamako (Mali),1248.1,Jeudi,sèche,dédouanement en cours,86.7,62.9,True,372899
CRI-04460,2025-02-06,Terminal Roulier,Denrées alimentaires,1,408,Transporteur F,Tambacounda,468.2,Jeudi,sèche,dédouané avant arrivée,110.4,50.7,False,445360
CRI-04461,2025-02-06,Môle 1,Denrées alimentaires,3,404,Transporteur G,Kayes (Mali),963.7,Jeudi,sèche,dédouanement en cours,107.3,85.7,True,1896350
CRI-04462,2025-02-06,Môle 3,Biens de consommation,1,392,Transporteur E,Bamako (Mali),1152.1,Jeudi,sèche,dédouané avant arrivée,61.5,42.3,True,180263
CRI-04463,2025-02-06,Môle 3,Denrées alimentaires,2,334,Transporteur C,Dakar (local),19.2,Jeudi,sèche,dédouanement en cours,65.9,40.6,False,400005
CRI-04464,2025-02-06,Môle 3,Import général,1,467,Transporteur G,Touba,193.0,Jeudi,sèche,dédouané avant arrivée,63.8,59.2,False,350932
CRI-04465,2025-02-06,Môle 8,Import général,2,346,Transporteur B,Ziguinchor,436.3,Jeudi,sèche,dédouané avant arrivée,68.3,92.0,False,1183383
CRI-04466,2025-02-07,Môle 8,Matériaux de construction,2,372,Transporteur B,Bamako (Mali),1263.6,Vendredi,sèche,dédouané avant arrivée,49.9,31.8,True,129992
CRI-04467,2025-02-07,Môle 3,Import général,1,453,Transporteur B,Kayes (Mali),967.7,Vendredi,sèche,dédouané avant arrivée,37.6,22.1,False,0
CRI-04468,2025-02-07,Terminal à Conteneurs,Denrées alimentaires,2,371,Transporteur E,Thiès,67.6,Vendredi,sèche,dédouanement en cours,114.5,50.2,False,870123
CRI-04469,2025-02-07,Terminal à Conteneurs,Biens de consommation,4,351,Transporteur D,Bamako (Mali),1198.6,Vendredi,sèche,dédouané avant arrivée,84.4,65.8,True,1537598
CRI-04470,2025-02-07,Môle 8,Biens de consommation,2,309,Transporteur B,Ziguinchor,439.9,Vendredi,sèche,bloqué (litige/documents),144.2,19.9,False,1150572
CRI-04471,2025-02-07,Terminal à Conteneurs,Denrées alimentaires,1,363,Transporteur F,Kayes (Mali),963.6,Vendredi,sèche,dédouané avant arrivée,60.9,46.7,True,178329
CRI-04472,2025-02-07,Môle 1,Denrées alimentaires,3,359,Transporteur G,Ziguinchor,450.5,Vendredi,sèche,dédouané avant arrivée,77.4,55.9,False,920052
CRI-04473,2025-02-07,Terminal à Conteneurs,Denrées alimentaires,3,436,Transporteur C,Bamako (Mali),1176.1,Vendredi,sèche,dédouanement en cours,123.8,31.4,True,1166330
CRI-04474,2025-02-07,Môle 1,Import général,1,292,Transporteur B,Thiès,72.0,Vendredi,sèche,bloqué (litige/documents),43.3,39.9,False,69082
CRI-04475,2025-02-07,Môle 3,Denrées alimentaires,1,460,Transporteur D,Kayes (Mali),959.6,Vendredi,sèche,dédouanement en cours,80.6,83.7,True,460520
CRI-04476,2025-02-07,Terminal à Conteneurs,Biens de consommation,3,250,Transporteur indépendant,Dakar (local),20.8,Vendredi,sèche,bloqué (litige/documents),102.8,26.1,False,923322
CRI-04477,2025-02-07,Terminal à Conteneurs,Biens de consommation,1,344,Transporteur B,Bamako (Mali),1201.0,Vendredi,sèche,dédouanement en cours,51.5,33.7,False,82152
CRI-04478,2025-02-07,Terminal à Conteneurs,Hydrocarbures,1,333,Transporteur D,Kaédi (Mauritanie),454.5,Vendredi,sèche,dédouané avant arrivée,28.7,26.7,False,0
CRI-04479,2025-02-07,Terminal à Conteneurs,Denrées alimentaires,1,372,Transporteur C,Thiès,68.9,Vendredi,sèche,dédouanement en cours,72.1,73.1,False,432753
CRI-04480,2025-02-07,Terminal Roulier,Import général,1,361,Transporteur A,Tambacounda,500.3,Vendredi,sèche,bloqué (litige/documents),105.9,38.0,False,409132
CRI-04481,2025-02-08,Terminal à Conteneurs,Import général,2,355,Transporteur B,Thiès,71.3,Samedi,sèche,dédouané avant arrivée,55.7,40.0,False,228150
CRI-04482,2025-02-08,Terminal Roulier,Import général,1,341,Transporteur C,Kaolack,199.3,Samedi,sèche,dédouanement en cours,120.4,19.4,False,443546
CRI-04483,2025-02-08,Terminal à Conteneurs,Biens de consommation,1,406,Transporteur D,Ziguinchor,450.4,Samedi,sèche,dédouané avant arrivée,60.2,25.1,False,83488
CRI-04484,2025-02-08,Môle 1,Denrées alimentaires,1,290,Transporteur E,Dakar (local),20.0,Samedi,sèche,dédouanement en cours,85.2,45.7,False,341804
CRI-04485,2025-02-08,Môle 1,Import général,2,326,Transporteur D,Ziguinchor,458.9,Samedi,sèche,dédouanement en cours,47.5,36.1,False,140014
CRI-04486,2025-02-08,Terminal à Conteneurs,Import général,1,373,Transporteur C,Touba,188.8,Samedi,sèche,bloqué (litige/documents),168.6,40.3,False,651676
CRI-04487,2025-02-08,Terminal Roulier,Matériaux de construction,2,395,Transporteur G,Dakar (local),19.9,Samedi,sèche,dédouanement en cours,95.9,63.6,False,1169020
CRI-04488,2025-02-08,Terminal à Conteneurs,Biens de consommation,3,412,Transporteur indépendant,Bamako (Mali),1215.5,Samedi,sèche,dédouanement en cours,61.0,42.1,True,479458
CRI-04489,2025-02-08,Môle 1,Import général,1,408,Transporteur F,Tambacounda,497.0,Samedi,sèche,bloqué (litige/documents),211.1,63.8,False,997673
CRI-04490,2025-02-08,Terminal à Conteneurs,Import général,1,345,Transporteur E,Bamako (Mali),1275.3,Samedi,sèche,dédouanement en cours,69.5,46.0,True,302751
CRI-04491,2025-02-08,Môle 3,Denrées alimentaires,3,302,Transporteur E,Kaolack,193.5,Samedi,sèche,dédouanement en cours,44.8,45.6,False,281533
CRI-04492,2025-02-09,Terminal Roulier,Équipements industriels,1,265,Transporteur B,Bamako (Mali),1214.1,Dimanche,sèche,dédouané avant arrivée,42.2,37.4,False,45080
CRI-04493,2025-02-09,Terminal à Conteneurs,Denrées alimentaires,1,289,Transporteur G,Kaédi (Mauritanie),472.7,Dimanche,sèche,dédouanement en cours,68.6,16.0,False,79510
CRI-04494,2025-02-09,Môle 3,Matériaux de construction,2,312,Transporteur E,Bamako (Mali),1231.7,Dimanche,sèche,dédouanement en cours,55.3,88.6,True,874919
CRI-04495,2025-02-09,Môle 3,Denrées alimentaires,1,323,Transporteur D,Bamako (Mali),1227.0,Dimanche,sèche,bloqué (litige/documents),179.2,27.0,True,687375
CRI-04496,2025-02-09,Môle 3,Import général,3,270,Transporteur C,Bamako (Mali),1251.3,Dimanche,sèche,dédouané avant arrivée,57.9,42.7,False,450811
CRI-04497,2025-02-09,Môle 3,Denrées alimentaires,1,233,Transporteur A,Dakar (local),20.3,Dimanche,sèche,dédouané avant arrivée,50.0,23.2,False,7439
CRI-04498,2025-02-09,Môle 3,Import général,2,269,Transporteur E,Bamako (Mali),1280.0,Dimanche,sèche,dédouané avant arrivée,54.9,33.5,False,157640
CRI-04499,2025-02-09,Terminal Roulier,Denrées alimentaires,3,309,Transporteur G,Kayes (Mali),902.4,Dimanche,sèche,dédouanement en cours,44.6,41.7,True,229454
CRI-04500,2025-02-09,Môle 1,Import général,1,296,Transporteur indépendant,Bamako (Mali),1260.7,Dimanche,sèche,dédouanement en cours,72.2,35.8,True,193849
CRI-04501,2025-02-09,Terminal à Conteneurs,Équipements industriels,1,272,Transporteur indépendant,Bamako (Mali),1210.5,Dimanche,sèche,dédouanement en cours,40.4,44.3,True,85995
CRI-04502,2025-02-09,Môle 1,Matériaux de construction,3,316,Transporteur F,Kaédi (Mauritanie),471.6,Dimanche,sèche,dédouané avant arrivée,33.7,56.3,False,271135
CRI-04503,2025-02-09,Terminal à Conteneurs,Hydrocarbures,1,337,Transporteur E,Dakar (local),20.7,Dimanche,sèche,dédouanement en cours,81.4,34.1,False,214955
CRI-04504,2025-02-09,Terminal à Conteneurs,Import général,1,261,Transporteur indépendant,Thiès,71.6,Dimanche,sèche,dédouané avant arrivée,50.3,55.9,False,169503
CRI-04505,2025-02-09,Terminal à Conteneurs,Biens de consommation,1,279,Transporteur F,Dakar (local),20.1,Dimanche,sèche,dédouanement en cours,77.5,53.6,False,400822
CRI-04506,2025-02-09,Môle 3,Import général,1,305,Transporteur F,Touba,179.0,Dimanche,sèche,dédouané avant arrivée,48.7,45.9,False,142765
CRI-04507,2025-02-09,Terminal à Conteneurs,Import général,2,304,Transporteur F,Bamako (Mali),1249.8,Dimanche,sèche,dédouanement en cours,51.4,46.0,False,335711
CRI-04508,2025-02-09,Môle 1,Hydrocarbures,2,276,Transporteur D,Bamako (Mali),1283.0,Dimanche,sèche,dédouané avant arrivée,28.1,29.7,True,0
CRI-04509,2025-02-10,Terminal à Conteneurs,Import général,1,360,Transporteur A,Kayes (Mali),966.1,Lundi,sèche,bloqué (litige/documents),104.1,28.1,True,283652
CRI-04510,2025-02-10,Môle 3,Matériaux de construction,1,407,Transporteur D,Thiès,70.9,Lundi,sèche,dédouané avant arrivée,93.0,50.7,False,354733
CRI-04511,2025-02-10,Terminal à Conteneurs,Denrées alimentaires,2,406,Transporteur F,Kayes (Mali),934.6,Lundi,sèche,dédouanement en cours,60.8,72.2,True,821362
CRI-04512,2025-02-10,Terminal Roulier,Import général,1,397,Transporteur E,Kaolack,185.2,Lundi,sèche,dédouané avant arrivée,49.8,47.4,False,144159
CRI-04513,2025-02-10,Môle 3,Import général,1,459,Transporteur B,Kaolack,186.6,Lundi,sèche,dédouané avant arrivée,88.9,84.2,False,604012
CRI-04514,2025-02-10,Môle 1,Denrées alimentaires,4,446,Transporteur G,Touba,182.3,Lundi,sèche,dédouanement en cours,118.6,82.1,False,2551051
CRI-04515,2025-02-10,Terminal Roulier,Équipements industriels,2,472,Transporteur B,Kaolack,189.5,Lundi,sèche,bloqué (litige/documents),101.7,51.9,False,874293
CRI-04516,2025-02-10,Môle 3,Biens de consommation,2,418,Transporteur indépendant,Dakar (local),18.8,Lundi,sèche,bloqué (litige/documents),185.2,40.6,False,1547134
CRI-04517,2025-02-10,Môle 1,Biens de consommation,1,443,Transporteur F,Thiès,71.1,Lundi,sèche,dédouanement en cours,89.7,87.7,False,669955
CRI-04518,2025-02-10,Môle 3,Denrées alimentaires,2,462,Transporteur C,Bamako (Mali),1174.4,Lundi,sèche,dédouanement en cours,63.3,77.0,True,740765
CRI-04519,2025-02-10,Terminal à Conteneurs,Équipements industriels,1,396,Transporteur indépendant,Kaédi (Mauritanie),457.2,Lundi,sèche,dédouanement en cours,82.6,70.1,True,467901
CRI-04520,2025-02-10,Môle 1,Import général,1,471,Transporteur indépendant,Bamako (Mali),1247.8,Lundi,sèche,dédouanement en cours,181.3,67.0,True,1195000
CRI-04521,2025-02-10,Môle 3,Hydrocarbures,2,349,Transporteur F,Bamako (Mali),1218.7,Lundi,sèche,dédouané avant arrivée,54.3,32.5,True,135713
CRI-04522,2025-02-11,Môle 1,Denrées alimentaires,1,478,Transporteur C,Kaolack,184.7,Mardi,sèche,bloqué (litige/documents),102.4,73.7,False,626122
CRI-04523,2025-02-11,Terminal Roulier,Import général,1,538,Transporteur B,Touba,192.2,Mardi,sèche,bloqué (litige/documents),195.6,58.5,True,949731
CRI-04524,2025-02-11,Terminal Roulier,Import général,4,543,Transporteur indépendant,Touba,192.5,Mardi,sèche,dédouané avant arrivée,108.3,79.9,True,2960549
CRI-04525,2025-02-11,Môle 1,Import général,2,441,Transporteur D,Kayes (Mali),970.5,Mardi,sèche,dédouané avant arrivée,61.6,87.0,True,990931
CRI-04526,2025-02-11,Môle 3,Denrées alimentaires,1,491,Transporteur indépendant,Dakar (local),19.5,Mardi,sèche,dédouanement en cours,140.8,56.7,True,704743
CRI-04527,2025-02-11,Môle 8,Matériaux de construction,4,525,Transporteur C,Dakar (local),20.5,Mardi,sèche,dédouané avant arrivée,105.4,143.7,False,4906891
CRI-04528,2025-02-11,Môle 3,Hydrocarbures,1,460,Transporteur E,Dakar (local),19.3,Mardi,sèche,dédouané avant arrivée,95.4,29.2,False,344567
CRI-04529,2025-02-11,Môle 1,Import général,1,392,Transporteur indépendant,Kaolack,192.7,Mardi,sèche,dédouanement en cours,112.4,47.4,False,544011
CRI-04530,2025-02-11,Môle 8,Biens de consommation,1,383,Transporteur D,Kayes (Mali),942.3,Mardi,sèche,dédouané avant arrivée,55.3,73.9,True,310115
CRI-04531,2025-02-11,Môle 1,Biens de consommation,1,390,Transporteur G,Dakar (local),19.5,Mardi,sèche,bloqué (litige/documents),128.1,21.4,False,437435
CRI-04532,2025-02-11,Môle 3,Import général,1,458,Transporteur F,Bamako (Mali),1238.1,Mardi,sèche,dédouané avant arrivée,46.5,94.9,True,370145
CRI-04533,2025-02-12,Môle 3,Équipements industriels,2,479,Transporteur A,Bamako (Mali),1230.8,Mercredi,sèche,dédouané avant arrivée,68.6,85.1,True,872090
CRI-04534,2025-02-12,Terminal Roulier,Import général,1,387,Transporteur D,Kayes (Mali),983.5,Mercredi,sèche,bloqué (litige/documents),118.7,52.9,False,477016
CRI-04535,2025-02-12,Terminal à Conteneurs,Import général,2,373,Transporteur B,Thiès,71.3,Mercredi,sèche,dédouané avant arrivée,47.8,39.8,False,208933
CRI-04536,2025-02-12,Terminal à Conteneurs,Matériaux de construction,1,354,Transporteur F,Kayes (Mali),979.2,Mercredi,sèche,dédouané avant arrivée,82.8,27.9,True,207713
CRI-04537,2025-02-12,Terminal à Conteneurs,Denrées alimentaires,3,419,Transporteur F,Bamako (Mali),1223.2,Mercredi,sèche,dédouanement en cours,114.9,47.6,True,1443888
CRI-04538,2025-02-12,Môle 3,Biens de consommation,1,390,Transporteur D,Ziguinchor,427.8,Mercredi,sèche,dédouanement en cours,107.5,49.0,False,528087
CRI-04539,2025-02-12,Môle 1,Matériaux de construction,1,359,Transporteur G,Bamako (Mali),1165.5,Mercredi,sèche,bloqué (litige/documents),102.9,63.8,False,468822
CRI-04540,2025-02-12,Môle 1,Équipements industriels,1,280,Transporteur indépendant,Ziguinchor,463.8,Mercredi,sèche,dédouanement en cours,40.9,20.3,False,0
CRI-04541,2025-02-12,Terminal Roulier,Biens de consommation,2,398,Transporteur indépendant,Kayes (Mali),953.4,Mercredi,sèche,dédouanement en cours,60.9,65.6,True,697660
CRI-04542,2025-02-12,Môle 8,Matériaux de construction,2,406,Transporteur A,Touba,178.6,Mercredi,sèche,dédouanement en cours,97.0,68.0,False,936213
CRI-04543,2025-02-13,Terminal Roulier,Biens de consommation,1,432,Transporteur E,Bamako (Mali),1208.6,Jeudi,sèche,dédouané avant arrivée,50.0,59.1,True,176144
CRI-04544,2025-02-13,Terminal à Conteneurs,Import général,1,335,Transporteur E,Kaolack,184.2,Jeudi,sèche,dédouanement en cours,108.0,61.1,False,667359
CRI-04545,2025-02-13,Terminal Roulier,Hydrocarbures,1,357,Transporteur B,Bamako (Mali),1264.4,Jeudi,sèche,dédouané avant arrivée,45.4,26.8,False,978
CRI-04546,2025-02-13,Terminal à Conteneurs,Import général,1,340,Transporteur G,Kaédi (Mauritanie),474.1,Jeudi,sèche,bloqué (litige/documents),100.4,74.8,False,475238
CRI-04547,2025-02-13,Môle 1,Équipements industriels,1,312,Transporteur C,Kayes (Mali),978.2,Jeudi,sèche,dédouané avant arrivée,40.7,44.3,False,68961
CRI-04548,2025-02-13,Môle 8,Denrées alimentaires,1,416,Transporteur indépendant,Kayes (Mali),949.5,Jeudi,sèche,bloqué (litige/documents),147.3,40.3,True,655503
CRI-04549,2025-02-13,Terminal à Conteneurs,Denrées alimentaires,1,434,Transporteur G,Dakar (local),19.8,Jeudi,sèche,dédouanement en cours,70.0,29.7,False,155006
CRI-04550,2025-02-13,Terminal Roulier,Import général,1,397,Transporteur B,Thiès,70.1,Jeudi,sèche,dédouanement en cours,79.9,63.9,False,394402
CRI-04551,2025-02-13,Terminal à Conteneurs,Import général,1,417,Transporteur B,Bamako (Mali),1136.0,Jeudi,sèche,bloqué (litige/documents),161.1,69.3,True,925734
CRI-04552,2025-02-13,Môle 8,Import général,1,387,Transporteur E,Kayes (Mali),894.3,Jeudi,sèche,dédouané avant arrivée,53.8,41.9,False,112275
CRI-04553,2025-02-13,Terminal à Conteneurs,Hydrocarbures,2,373,Transporteur A,Dakar (local),20.2,Jeudi,sèche,dédouanement en cours,76.4,49.2,False,500267
CRI-04554,2025-02-14,Terminal Roulier,Matériaux de construction,2,338,Transporteur B,Touba,191.4,Vendredi,sèche,bloqué (litige/documents),139.3,21.7,False,1032602
CRI-04555,2025-02-14,Terminal à Conteneurs,Import général,1,347,Transporteur indépendant,Ziguinchor,431.7,Vendredi,sèche,dédouanement en cours,94.8,20.1,False,260765
CRI-04556,2025-02-14,Terminal à Conteneurs,Matériaux de construction,2,387,Transporteur D,Ziguinchor,452.5,Vendredi,sèche,dédouané avant arrivée,71.3,72.2,False,831605
CRI-04557,2025-02-14,Terminal à Conteneurs,Matériaux de construction,2,319,Transporteur E,Tambacounda,457.2,Vendredi,sèche,dédouané avant arrivée,51.3,28.5,False,87484
CRI-04558,2025-02-14,Terminal à Conteneurs,Matériaux de construction,1,415,Transporteur B,Ziguinchor,435.8,Vendredi,sèche,dédouané avant arrivée,80.3,63.3,False,371542
CRI-04559,2025-02-14,Môle 3,Biens de consommation,3,374,Transporteur F,Tambacounda,454.5,Vendredi,sèche,bloqué (litige/documents),108.5,31.8,False,1138357
CRI-04560,2025-02-14,Terminal à Conteneurs,Denrées alimentaires,1,336,Transporteur E,Bamako (Mali),1251.4,Vendredi,sèche,dédouanement en cours,53.4,60.2,True,255298
CRI-04561,2025-02-14,Môle 1,Denrées alimentaires,4,401,Transporteur G,Tambacounda,482.0,Vendredi,sèche,dédouanement en cours,80.0,56.1,True,1378216
CRI-04562,2025-02-14,Terminal à Conteneurs,Denrées alimentaires,1,360,Transporteur A,Tambacounda,462.0,Vendredi,sèche,dédouané avant arrivée,69.4,42.2,False,185137
CRI-04563,2025-02-14,Terminal à Conteneurs,Équipements industriels,3,386,Transporteur F,Kayes (Mali),919.6,Vendredi,sèche,dédouanement en cours,79.4,61.2,False,970324
CRI-04564,2025-02-14,Terminal à Conteneurs,Denrées alimentaires,1,313,Transporteur E,Bamako (Mali),1237.7,Vendredi,sèche,dédouanement en cours,76.9,42.9,True,316471
CRI-04565,2025-02-14,Môle 1,Denrées alimentaires,1,466,Transporteur C,Bamako (Mali),1189.9,Vendredi,sèche,bloqué (litige/documents),138.6,36.4,True,591627
CRI-04566,2025-02-14,Môle 1,Denrées alimentaires,2,326,Transporteur E,Thiès,68.8,Vendredi,sèche,dédouanement en cours,97.8,55.0,False,1042522
CRI-04567,2025-02-15,Terminal Roulier,Matériaux de construction,1,375,Transporteur C,Bamako (Mali),1254.5,Samedi,sèche,dédouanement en cours,67.3,35.5,True,196944
CRI-04568,2025-02-15,Môle 1,Import général,1,389,Transporteur A,Thiès,70.5,Samedi,sèche,dédouanement en cours,97.8,33.2,False,405086
CRI-04569,2025-02-15,Môle 1,Denrées alimentaires,1,412,Transporteur E,Touba,190.4,Samedi,sèche,dédouanement en cours,107.5,24.8,True,404450
CRI-04570,2025-02-15,Terminal à Conteneurs,Matériaux de construction,1,316,Transporteur A,Kaédi (Mauritanie),468.9,Samedi,sèche,bloqué (litige/documents),109.4,69.3,False,554788
CRI-04571,2025-02-15,Môle 3,Import général,1,309,Transporteur A,Dakar (local),19.5,Samedi,sèche,dédouanement en cours,64.6,59.1,False,303305
CRI-04572,2025-02-15,Môle 1,Matériaux de construction,2,405,Transporteur G,Bamako (Mali),1196.0,Samedi,sèche,bloqué (litige/documents),103.7,32.9,True,691411
CRI-04573,2025-02-15,Môle 3,Hydrocarbures,1,410,Transporteur indépendant,Kayes (Mali),913.9,Samedi,sèche,dédouané avant arrivée,63.1,52.9,True,226938
CRI-04574,2025-02-15,Terminal Roulier,Denrées alimentaires,2,299,Transporteur G,Bamako (Mali),1192.0,Samedi,sèche,dédouané avant arrivée,69.8,24.0,True,280458
CRI-04575,2025-02-15,Môle 8,Import général,2,346,Transporteur B,Thiès,70.0,Samedi,sèche,dédouanement en cours,63.3,48.4,False,422590
CRI-04576,2025-02-15,Môle 1,Denrées alimentaires,1,383,Transporteur B,Bamako (Mali),1182.0,Samedi,sèche,dédouané avant arrivée,88.6,25.5,False,270572
CRI-04577,2025-02-15,Môle 3,Import général,2,348,Transporteur F,Bamako (Mali),1224.2,Samedi,sèche,dédouané avant arrivée,34.8,68.9,True,372070
CRI-04578,2025-02-16,Terminal à Conteneurs,Hydrocarbures,4,353,Transporteur F,Dakar (local),19.7,Dimanche,sèche,dédouané avant arrivée,46.5,33.5,False,144591
CRI-04579,2025-02-16,Terminal Roulier,Import général,3,274,Transporteur F,Kayes (Mali),905.0,Dimanche,sèche,dédouané avant arrivée,56.4,27.6,False,194158
CRI-04580,2025-02-16,Môle 3,Biens de consommation,1,320,Transporteur D,Tambacounda,475.4,Dimanche,sèche,dédouanement en cours,52.3,43.1,False,106647
CRI-04581,2025-02-16,Terminal Roulier,Équipements industriels,1,316,Transporteur indépendant,Kaolack,185.2,Dimanche,sèche,dédouané avant arrivée,37.4,26.4,False,0
CRI-04582,2025-02-16,Terminal Roulier,Matériaux de construction,2,332,Transporteur E,Kaolack,187.0,Dimanche,sèche,bloqué (litige/documents),78.9,45.7,False,540650
CRI-04583,2025-02-16,Terminal à Conteneurs,Matériaux de construction,3,268,Transporteur indépendant,Bamako (Mali),1201.8,Dimanche,sèche,dédouané avant arrivée,29.5,26.4,False,0
CRI-04584,2025-02-16,Môle 8,Import général,1,278,Transporteur A,Bamako (Mali),1251.2,Dimanche,sèche,bloqué (litige/documents),155.7,30.6,False,695595
CRI-04585,2025-02-16,Terminal à Conteneurs,Import général,1,343,Transporteur B,Thiès,71.2,Dimanche,sèche,dédouané avant arrivée,102.6,32.6,False,342389
CRI-04586,2025-02-16,Môle 8,Denrées alimentaires,2,320,Transporteur D,Kaédi (Mauritanie),464.6,Dimanche,sèche,bloqué (litige/documents),117.4,26.6,False,985444
CRI-04587,2025-02-16,Terminal Roulier,Hydrocarbures,1,345,Transporteur indépendant,Dakar (local),20.2,Dimanche,sèche,dédouané avant arrivée,64.5,37.8,False,170332
CRI-04588,2025-02-16,Terminal à Conteneurs,Biens de consommation,4,314,Transporteur B,Ziguinchor,451.9,Dimanche,sèche,bloqué (litige/documents),58.1,15.9,False,39174
CRI-04589,2025-02-16,Môle 8,Matériaux de construction,2,285,Transporteur B,Kaolack,188.8,Dimanche,sèche,dédouané avant arrivée,41.5,30.6,False,907
CRI-04590,2025-02-16,Môle 1,Équipements industriels,3,261,Transporteur D,Kayes (Mali),994.4,Dimanche,sèche,bloqué (litige/documents),78.9,39.0,False,701288
CRI-04591,2025-02-16,Môle 1,Biens de consommation,1,305,Transporteur D,Touba,195.8,Dimanche,sèche,dédouanement en cours,65.9,31.4,False,150561
CRI-04592,2025-02-16,Terminal Roulier,Biens de consommation,2,282,Transporteur F,Thiès,69.8,Dimanche,sèche,dédouané avant arrivée,49.7,36.2,False,187353
CRI-04593,2025-02-16,Terminal à Conteneurs,Import général,1,301,Transporteur G,Kaédi (Mauritanie),473.1,Dimanche,sèche,dédouanement en cours,61.2,53.9,False,267790
CRI-04594,2025-02-16,Môle 1,Équipements industriels,1,297,Transporteur D,Tambacounda,452.2,Dimanche,sèche,dédouanement en cours,64.4,52.3,False,276168
CRI-04595,2025-02-16,Môle 1,Hydrocarbures,1,279,Transporteur indépendant,Kayes (Mali),910.6,Dimanche,sèche,dédouané avant arrivée,60.3,45.8,True,162215
CRI-04596,2025-02-16,Terminal à Conteneurs,Import général,4,251,Transporteur F,Bamako (Mali),1157.7,Dimanche,sèche,dédouanement en cours,38.6,36.8,False,71454
CRI-04597,2025-02-16,Terminal à Conteneurs,Biens de consommation,2,347,Transporteur E,Bamako (Mali),1272.1,Dimanche,sèche,dédouané avant arrivée,35.7,63.9,True,315173
CRI-04598,2025-02-16,Môle 1,Hydrocarbures,1,265,Transporteur indépendant,Touba,182.2,Dimanche,sèche,dédouanement en cours,76.3,56.3,False,384548
CRI-04599,2025-02-17,Terminal à Conteneurs,Denrées alimentaires,3,413,Transporteur indépendant,Dakar (local),19.1,Lundi,sèche,dédouanement en cours,61.4,32.6,False,416140
CRI-04600,2025-02-17,Terminal à Conteneurs,Import général,2,373,Transporteur A,Dakar (local),20.8,Lundi,sèche,dédouanement en cours,120.4,71.7,False,1611581
CRI-04601,2025-02-17,Môle 3,Biens de consommation,4,391,Transporteur A,Bamako (Mali),1260.6,Lundi,sèche,dédouanement en cours,100.7,62.0,True,2322561
CRI-04602,2025-02-17,Môle 3,Denrées alimentaires,2,411,Transporteur E,Touba,185.8,Lundi,sèche,dédouané avant arrivée,52.3,12.8,False,0
CRI-04603,2025-02-17,Terminal Roulier,Biens de consommation,1,404,Transporteur C,Dakar (local),20.2,Lundi,sèche,dédouané avant arrivée,86.9,52.2,False,466031
CRI-04604,2025-02-17,Terminal à Conteneurs,Équipements industriels,2,491,Transporteur E,Kaolack,195.0,Lundi,sèche,dédouanement en cours,93.1,47.9,True,639129
CRI-04605,2025-02-17,Terminal à Conteneurs,Import général,2,429,Transporteur A,Bamako (Mali),1188.2,Lundi,sèche,dédouanement en cours,83.7,82.2,True,1087617
CRI-04606,2025-02-17,Môle 1,Matériaux de construction,1,443,Transporteur E,Thiès,67.1,Lundi,sèche,dédouanement en cours,53.4,54.9,False,222093
CRI-04607,2025-02-17,Terminal à Conteneurs,Équipements industriels,1,461,Transporteur B,Dakar (local),20.6,Lundi,sèche,dédouané avant arrivée,55.9,30.7,False,94442
CRI-04608,2025-02-17,Terminal à Conteneurs,Matériaux de construction,1,442,Transporteur E,Bamako (Mali),1204.0,Lundi,sèche,dédouané avant arrivée,48.4,56.3,True,209374
CRI-04609,2025-02-18,Môle 1,Import général,2,511,Transporteur B,Dakar (local),20.1,Mardi,sèche,dédouané avant arrivée,67.3,83.3,False,989943
CRI-04610,2025-02-18,Terminal à Conteneurs,Denrées alimentaires,3,373,Transporteur D,Touba,198.0,Mardi,sèche,dédouanement en cours,98.1,56.9,False,1390306
CRI-04611,2025-02-18,Terminal Roulier,Import général,2,411,Transporteur D,Bamako (Mali),1134.4,Mardi,sèche,dédouanement en cours,55.5,51.5,True,419152
CRI-04612,2025-02-18,Môle 3,Hydrocarbures,1,429,Transporteur G,Tambacounda,457.4,Mardi,sèche,dédouanement en cours,155.9,77.7,False,1006567
CRI-04613,2025-02-18,Môle 3,Denrées alimentaires,2,571,Transporteur B,Tambacounda,452.8,Mardi,sèche,bloqué (litige/documents),107.4,151.0,True,1906728
CRI-04614,2025-02-18,Môle 3,Hydrocarbures,2,430,Transporteur E,Thiès,66.2,Mardi,sèche,dédouané avant arrivée,93.1,53.6,False,762935
CRI-04615,2025-02-18,Terminal à Conteneurs,Hydrocarbures,2,425,Transporteur indépendant,Tambacounda,482.6,Mardi,sèche,dédouanement en cours,61.7,68.5,False,637436
CRI-04616,2025-02-18,Terminal à Conteneurs,Biens de consommation,4,444,Transporteur A,Touba,192.4,Mardi,sèche,dédouanement en cours,90.8,45.1,False,1611591
CRI-04617,2025-02-19,Môle 8,Biens de consommation,3,355,Transporteur G,Kayes (Mali),979.3,Mercredi,sèche,bloqué (litige/documents),62.3,39.7,True,444004
CRI-04618,2025-02-19,Môle 3,Biens de consommation,1,474,Transporteur E,Kaédi (Mauritanie),462.4,Mercredi,sèche,dédouané avant arrivée,31.1,92.7,False,314532
CRI-04619,2025-02-19,Môle 3,Import général,2,502,Transporteur indépendant,Touba,186.8,Mercredi,sèche,dédouané avant arrivée,70.8,53.4,False,600912
CRI-04620,2025-02-19,Terminal à Conteneurs,Matériaux de construction,1,358,Transporteur B,Dakar (local),19.7,Mercredi,sèche,dédouané avant arrivée,82.8,39.5,False,340560
CRI-04621,2025-02-19,Môle 1,Biens de consommation,1,342,Transporteur F,Dakar (local),19.4,Mercredi,sèche,dédouané avant arrivée,61.9,55.6,False,247543
CRI-04622,2025-02-19,Terminal à Conteneurs,Matériaux de construction,2,357,Transporteur E,Dakar (local),20.7,Mercredi,sèche,dédouanement en cours,51.2,49.2,False,293770
CRI-04623,2025-02-19,Terminal à Conteneurs,Import général,1,408,Transporteur B,Thiès,68.3,Mercredi,sèche,dédouané avant arrivée,56.0,61.2,False,302156
CRI-04624,2025-02-19,Môle 1,Matériaux de construction,1,409,Transporteur B,Kayes (Mali),941.9,Mercredi,sèche,dédouanement en cours,94.6,63.2,False,452632
CRI-04625,2025-02-19,Môle 8,Matériaux de construction,1,403,Transporteur G,Kaolack,191.2,Mercredi,sèche,dédouané avant arrivée,62.5,61.2,False,360923
CRI-04626,2025-02-19,Môle 8,Import général,2,319,Transporteur C,Dakar (local),20.2,Mercredi,sèche,dédouané avant arrivée,32.0,45.6,False,73374
CRI-04627,2025-02-19,Môle 3,Denrées alimentaires,1,383,Transporteur G,Dakar (local),20.8,Mercredi,sèche,dédouané avant arrivée,77.6,52.9,False,372013
CRI-04628,2025-02-19,Terminal Roulier,Import général,1,414,Transporteur E,Kaédi (Mauritanie),453.6,Mercredi,sèche,dédouané avant arrivée,53.6,80.6,False,419506
CRI-04629,2025-02-20,Môle 1,Import général,1,422,Transporteur A,Dakar (local),19.9,Jeudi,sèche,dédouanement en cours,88.7,36.0,False,246346
CRI-04630,2025-02-20,Terminal à Conteneurs,Import général,1,420,Transporteur D,Dakar (local),20.5,Jeudi,sèche,dédouanement en cours,73.3,69.8,False,398749
CRI-04631,2025-02-20,Terminal à Conteneurs,Import général,2,350,Transporteur D,Dakar (local),20.4,Jeudi,sèche,dédouanement en cours,68.6,35.6,False,335362
CRI-04632,2025-02-20,Terminal à Conteneurs,Biens de consommation,2,393,Transporteur C,Dakar (local),20.9,Jeudi,sèche,dédouané avant arrivée,49.0,94.2,False,971620
CRI-04633,2025-02-20,Môle 1,Import général,2,354,Transporteur F,Tambacounda,474.5,Jeudi,sèche,dédouanement en cours,89.8,57.0,False,725077
CRI-04634,2025-02-20,Terminal Roulier,Équipements industriels,1,345,Transporteur D,Kaolack,189.2,Jeudi,sèche,bloqué (litige/documents),82.1,48.2,False,344418
CRI-04635,2025-02-20,Terminal à Conteneurs,Denrées alimentaires,1,370,Transporteur G,Thiès,70.9,Jeudi,sèche,bloqué (litige/documents),75.1,56.6,False,371565
CRI-04636,2025-02-20,Môle 3,Denrées alimentaires,1,396,Transporteur B,Dakar (local),20.3,Jeudi,sèche,dédouané avant arrivée,62.9,48.0,False,239546
CRI-04637,2025-02-20,Terminal Roulier,Biens de consommation,2,376,Transporteur B,Thiès,71.0,Jeudi,sèche,dédouanement en cours,79.5,38.4,False,574521
CRI-04638,2025-02-20,Terminal Roulier,Matériaux de construction,2,401,Transporteur D,Bamako (Mali),1143.7,Jeudi,sèche,bloqué (litige/documents),154.1,65.1,True,1524421
CRI-04639,2025-02-20,Terminal à Conteneurs,Matériaux de construction,2,310,Transporteur D,Kaolack,181.5,Jeudi,sèche,bloqué (litige/documents),101.3,62.8,False,847128
CRI-04640,2025-02-20,Terminal Roulier,Hydrocarbures,2,419,Transporteur F,Thiès,71.7,Jeudi,sèche,dédouané avant arrivée,43.7,75.2,False,442043
CRI-04641,2025-02-20,Terminal à Conteneurs,Import général,1,453,Transporteur D,Bamako (Mali),1169.3,Jeudi,sèche,dédouané avant arrivée,82.1,34.4,True,243708
CRI-04642,2025-02-20,Terminal à Conteneurs,Import général,2,461,Transporteur indépendant,Kayes (Mali),937.6,Jeudi,sèche,dédouané avant arrivée,81.9,53.3,True,650942
CRI-04643,2025-02-20,Môle 3,Import général,1,426,Transporteur C,Ziguinchor,444.9,Jeudi,sèche,dédouané avant arrivée,99.2,69.9,False,464670
CRI-04644,2025-02-20,Môle 8,Équipements industriels,4,365,Transporteur F,Bamako (Mali),1228.4,Jeudi,sèche,dédouanement en cours,53.4,53.3,True,849040
CRI-04645,2025-02-20,Terminal à Conteneurs,Équipements industriels,1,345,Transporteur E,Dakar (local),19.3,Jeudi,sèche,dédouanement en cours,76.2,41.3,False,218611
CRI-04646,2025-02-21,Terminal Roulier,Biens de consommation,1,474,Transporteur D,Bamako (Mali),1221.3,Vendredi,sèche,dédouanement en cours,53.1,68.1,True,300042
CRI-04647,2025-02-21,Môle 1,Hydrocarbures,4,425,Transporteur F,Bamako (Mali),1197.1,Vendredi,sèche,dédouané avant arrivée,46.3,48.6,True,499563
CRI-04648,2025-02-21,Terminal à Conteneurs,Biens de consommation,1,439,Transporteur F,Touba,191.6,Vendredi,sèche,dédouané avant arrivée,98.0,61.4,False,425335
CRI-04649,2025-02-21,Terminal à Conteneurs,Hydrocarbures,2,395,Transporteur E,Dakar (local),20.1,Vendredi,sèche,dédouané avant arrivée,71.0,48.9,False,580690
CRI-04650,2025-02-21,Môle 1,Import général,3,310,Transporteur G,Kaolack,178.2,Vendredi,sèche,dédouané avant arrivée,48.0,21.9,False,0
CRI-04651,2025-02-21,Terminal à Conteneurs,Import général,2,433,Transporteur D,Dakar (local),18.6,Vendredi,sèche,bloqué (litige/documents),116.5,35.8,False,802975
CRI-04652,2025-02-21,Terminal Roulier,Import général,4,378,Transporteur F,Kaolack,188.6,Vendredi,sèche,dédouanement en cours,81.9,26.1,False,924089
CRI-04653,2025-02-21,Môle 1,Import général,2,302,Transporteur A,Dakar (local),19.6,Vendredi,sèche,dédouané avant arrivée,29.1,65.6,False,278608
CRI-04654,2025-02-21,Môle 3,Denrées alimentaires,2,357,Transporteur E,Dakar (local),19.8,Vendredi,sèche,dédouané avant arrivée,57.0,36.8,False,275735
CRI-04655,2025-02-21,Terminal à Conteneurs,Import général,1,345,Transporteur A,Thiès,70.5,Vendredi,sèche,dédouanement en cours,56.4,31.8,False,89073
CRI-04656,2025-02-21,Môle 3,Import général,2,288,Transporteur D,Bamako (Mali),1257.2,Vendredi,sèche,dédouanement en cours,37.6,26.7,True,0
CRI-04657,2025-02-22,Môle 3,Import général,1,356,Transporteur A,Tambacounda,480.0,Samedi,sèche,dédouanement en cours,99.1,41.4,False,413824
CRI-04658,2025-02-22,Terminal à Conteneurs,Biens de consommation,1,302,Transporteur G,Bamako (Mali),1200.4,Samedi,sèche,dédouanement en cours,88.6,31.1,True,253271
CRI-04659,2025-02-22,Môle 3,Import général,1,394,Transporteur D,Bamako (Mali),1230.9,Samedi,sèche,dédouanement en cours,67.0,75.5,True,443205
CRI-04660,2025-02-22,Môle 1,Biens de consommation,2,425,Transporteur C,Ziguinchor,436.8,Samedi,sèche,dédouanement en cours,84.7,38.6,False,656444
CRI-04661,2025-02-22,Terminal Roulier,Denrées alimentaires,2,407,Transporteur C,Kayes (Mali),967.9,Samedi,sèche,dédouanement en cours,86.6,70.2,True,843350
CRI-04662,2025-02-22,Môle 8,Denrées alimentaires,1,435,Transporteur D,Kayes (Mali),965.5,Samedi,sèche,dédouanement en cours,107.0,65.9,False,699523
CRI-04663,2025-02-22,Môle 8,Équipements industriels,1,325,Transporteur D,Thiès,68.8,Samedi,sèche,bloqué (litige/documents),98.8,28.4,False,250069
CRI-04664,2025-02-22,Terminal à Conteneurs,Matériaux de construction,2,345,Transporteur C,Bamako (Mali),1247.7,Samedi,sèche,dédouanement en cours,48.0,43.4,False,191530
CRI-04665,2025-02-22,Môle 8,Biens de consommation,1,453,Transporteur E,Dakar (local),19.7,Samedi,sèche,bloqué (litige/documents),150.3,63.0,False,670714
CRI-04666,2025-02-22,Terminal Roulier,Équipements industriels,1,364,Transporteur D,Tambacounda,473.7,Samedi,sèche,dédouané avant arrivée,44.7,30.2,False,18818
CRI-04667,2025-02-23,Môle 1,Denrées alimentaires,1,294,Transporteur A,Ziguinchor,439.3,Dimanche,sèche,dédouanement en cours,43.0,38.4,False,64262
CRI-04668,2025-02-23,Môle 3,Denrées alimentaires,1,311,Transporteur E,Ziguinchor,435.8,Dimanche,sèche,dédouané avant arrivée,36.1,44.1,False,49227
CRI-04669,2025-02-23,Môle 3,Biens de consommation,1,316,Transporteur B,Touba,189.2,Dimanche,sèche,dédouané avant arrivée,42.4,45.0,False,73803
CRI-04670,2025-02-23,Terminal à Conteneurs,Équipements industriels,1,246,Transporteur A,Dakar (local),19.8,Dimanche,sèche,dédouané avant arrivée,32.5,35.0,False,0
CRI-04671,2025-02-23,Terminal à Conteneurs,Import général,1,314,Transporteur E,Bamako (Mali),1307.9,Dimanche,sèche,dédouané avant arrivée,58.8,25.5,True,72817
CRI-04672,2025-02-23,Terminal Roulier,Denrées alimentaires,1,275,Transporteur A,Touba,190.3,Dimanche,sèche,dédouané avant arrivée,60.0,29.7,False,104892
CRI-04673,2025-02-23,Terminal à Conteneurs,Import général,1,388,Transporteur G,Bamako (Mali),1177.0,Dimanche,sèche,dédouanement en cours,54.2,48.4,False,210680
CRI-04674,2025-02-23,Môle 1,Import général,1,296,Transporteur indépendant,Kaolack,185.5,Dimanche,sèche,dédouanement en cours,70.0,41.1,False,218381
CRI-04675,2025-02-23,Terminal à Conteneurs,Import général,1,286,Transporteur D,Kaolack,178.4,Dimanche,sèche,dédouané avant arrivée,34.0,47.7,False,56252
CRI-04676,2025-02-24,Môle 1,Biens de consommation,2,508,Transporteur F,Bamako (Mali),1192.1,Lundi,sèche,dédouanement en cours,86.0,74.0,True,1041994
CRI-04677,2025-02-24,Môle 1,Équipements industriels,3,526,Transporteur A,Tambacounda,459.9,Lundi,sèche,dédouané avant arrivée,53.8,72.6,True,1056940
CRI-04678,2025-02-24,Môle 1,Import général,1,386,Transporteur B,Dakar (local),20.0,Lundi,sèche,dédouanement en cours,67.9,34.2,False,194032
CRI-04679,2025-02-24,Terminal Roulier,Denrées alimentaires,2,477,Transporteur E,Bamako (Mali),1294.0,Lundi,sèche,dédouanement en cours,87.3,50.2,True,895317
CRI-04680,2025-02-24,Terminal Roulier,Matériaux de construction,2,491,Transporteur D,Dakar (local),20.2,Lundi,sèche,dédouané avant arrivée,83.8,63.0,False,793188
CRI-04681,2025-02-24,Môle 8,Biens de consommation,2,437,Transporteur C,Bamako (Mali),1229.9,Lundi,sèche,dédouané avant arrivée,87.4,65.4,True,764279
CRI-04682,2025-02-24,Terminal à Conteneurs,Matériaux de construction,1,421,Transporteur G,Dakar (local),21.0,Lundi,sèche,dédouané avant arrivée,50.9,82.8,False,327544
CRI-04683,2025-02-24,Môle 3,Hydrocarbures,4,422,Transporteur D,Kayes (Mali),915.3,Lundi,sèche,dédouané avant arrivée,58.1,77.9,True,1554471
CRI-04684,2025-02-24,Terminal Roulier,Biens de consommation,1,410,Transporteur F,Kaédi (Mauritanie),475.7,Lundi,sèche,dédouanement en cours,73.4,47.5,False,315317
CRI-04685,2025-02-24,Terminal à Conteneurs,Hydrocarbures,2,399,Transporteur A,Dakar (local),20.5,Lundi,sèche,dédouané avant arrivée,80.4,52.8,False,726501
CRI-04686,2025-02-24,Terminal à Conteneurs,Import général,1,445,Transporteur G,Tambacounda,496.7,Lundi,sèche,bloqué (litige/documents),87.0,39.1,False,372963
CRI-04687,2025-02-24,Môle 1,Biens de consommation,1,479,Transporteur A,Bamako (Mali),1200.9,Lundi,sèche,dédouané avant arrivée,109.1,60.9,True,463164
CRI-04688,2025-02-24,Môle 1,Équipements industriels,1,457,Transporteur indépendant,Ziguinchor,437.1,Lundi,sèche,dédouané avant arrivée,46.0,37.0,True,64633
CRI-04689,2025-02-25,Terminal Roulier,Hydrocarbures,1,459,Transporteur C,Touba,184.2,Mardi,sèche,dédouanement en cours,79.2,114.9,False,759556
CRI-04690,2025-02-25,Terminal à Conteneurs,Biens de consommation,2,426,Transporteur E,Bamako (Mali),1200.0,Mardi,sèche,dédouané avant arrivée,50.9,56.7,True,463363
CRI-04691,2025-02-25,Môle 8,Matériaux de construction,1,464,Transporteur A,Kayes (Mali),951.5,Mardi,sèche,dédouanement en cours,93.5,53.5,False,351846
CRI-04692,2025-02-25,Terminal à Conteneurs,Import général,1,542,Transporteur indépendant,Kaédi (Mauritanie),461.7,Mardi,sèche,dédouané avant arrivée,119.5,74.6,True,747991
CRI-04693,2025-02-25,Môle 1,Biens de consommation,1,467,Transporteur indépendant,Kayes (Mali),977.6,Mardi,sèche,dédouané avant arrivée,100.9,62.6,True,413480
CRI-04694,2025-02-25,Môle 8,Denrées alimentaires,1,347,Transporteur E,Kayes (Mali),970.7,Mardi,sèche,dédouané avant arrivée,39.3,30.0,True,0
CRI-04695,2025-02-25,Terminal à Conteneurs,Import général,1,464,Transporteur F,Kaolack,187.8,Mardi,sèche,dédouané avant arrivée,82.3,48.6,False,335407
CRI-04696,2025-02-25,Terminal à Conteneurs,Import général,1,464,Transporteur D,Thiès,69.1,Mardi,sèche,dédouanement en cours,177.6,76.5,False,1029529
CRI-04697,2025-02-25,Terminal à Conteneurs,Denrées alimentaires,1,584,Transporteur B,Bamako (Mali),1245.8,Mardi,sèche,dédouané avant arrivée,76.1,85.6,True,609071
CRI-04698,2025-02-25,Terminal à Conteneurs,Import général,2,369,Transporteur D,Dakar (local),20.0,Mardi,sèche,bloqué (litige/documents),118.0,17.0,False,715768
CRI-04699,2025-02-25,Môle 3,Hydrocarbures,1,485,Transporteur A,Bamako (Mali),1261.6,Mardi,sèche,dédouané avant arrivée,96.5,73.8,True,615197
CRI-04700,2025-02-25,Terminal à Conteneurs,Import général,1,428,Transporteur A,Kaolack,199.1,Mardi,sèche,dédouané avant arrivée,45.0,38.4,False,63498
CRI-04701,2025-02-25,Terminal à Conteneurs,Denrées alimentaires,2,515,Transporteur indépendant,Dakar (local),19.9,Mardi,sèche,dédouanement en cours,129.3,42.2,True,1353970
CRI-04702,2025-02-26,Môle 1,Hydrocarbures,2,441,Transporteur indépendant,Thiès,66.6,Mercredi,sèche,dédouanement en cours,96.0,97.0,False,1218719
CRI-04703,2025-02-26,Môle 8,Équipements industriels,1,407,Transporteur C,Kayes (Mali),948.7,Mercredi,sèche,dédouané avant arrivée,32.6,47.6,True,47400
CRI-04704,2025-02-26,Terminal à Conteneurs,Import général,2,391,Transporteur D,Thiès,67.9,Mercredi,sèche,dédouané avant arrivée,81.9,72.8,False,1003570
CRI-04705,2025-02-26,Môle 3,Matériaux de construction,1,366,Transporteur E,Touba,188.2,Mercredi,sèche,dédouanement en cours,77.9,58.3,False,343858
CRI-04706,2025-02-26,Môle 3,Denrées alimentaires,3,377,Transporteur C,Kayes (Mali),963.3,Mercredi,sèche,dédouanement en cours,81.4,34.5,True,642302
CRI-04707,2025-02-26,Terminal à Conteneurs,Équipements industriels,1,327,Transporteur C,Dakar (local),20.7,Mercredi,sèche,bloqué (litige/documents),101.8,28.8,False,379885
CRI-04708,2025-02-26,Môle 8,Matériaux de construction,1,366,Transporteur C,Tambacounda,484.4,Mercredi,sèche,dédouané avant arrivée,60.7,70.9,False,332712
CRI-04709,2025-02-26,Terminal à Conteneurs,Denrées alimentaires,1,395,Transporteur G,Dakar (local),20.4,Mercredi,sèche,bloqué (litige/documents),124.6,40.0,False,437879
CRI-04710,2025-02-26,Terminal à Conteneurs,Import général,3,326,Transporteur E,Bamako (Mali),1261.8,Mercredi,sèche,dédouané avant arrivée,37.7,59.8,True,519641
CRI-04711,2025-02-26,Terminal Roulier,Matériaux de construction,1,297,Transporteur C,Tambacounda,487.4,Mercredi,sèche,dédouané avant arrivée,49.5,33.6,False,57650
CRI-04712,2025-02-26,Môle 1,Hydrocarbures,3,382,Transporteur indépendant,Dakar (local),19.4,Mercredi,sèche,dédouané avant arrivée,48.6,60.1,False,730334
CRI-04713,2025-02-26,Terminal Roulier,Denrées alimentaires,4,418,Transporteur B,Dakar (local),18.7,Mercredi,sèche,dédouané avant arrivée,61.6,55.3,False,1089149
CRI-04714,2025-02-27,Môle 3,Matériaux de construction,1,371,Transporteur A,Dakar (local),20.0,Jeudi,sèche,dédouanement en cours,86.2,79.2,False,520779
CRI-04715,2025-02-27,Terminal Roulier,Matériaux de construction,1,345,Transporteur B,Touba,193.4,Jeudi,sèche,dédouanement en cours,77.0,57.7,False,433767
CRI-04716,2025-02-27,Môle 1,Biens de consommation,1,328,Transporteur indépendant,Kaolack,187.6,Jeudi,sèche,dédouané avant arrivée,57.4,20.0,False,35909
CRI-04717,2025-02-27,Terminal Roulier,Denrées alimentaires,1,334,Transporteur G,Bamako (Mali),1186.5,Jeudi,sèche,dédouanement en cours,71.6,47.4,True,283740
CRI-04718,2025-02-27,Terminal à Conteneurs,Denrées alimentaires,2,366,Transporteur F,Bamako (Mali),1223.6,Jeudi,sèche,dédouanement en cours,114.3,54.9,True,1213351
CRI-04719,2025-02-27,Terminal Roulier,Hydrocarbures,2,472,Transporteur G,Kaédi (Mauritanie),467.1,Jeudi,sèche,dédouané avant arrivée,73.2,83.5,False,1079321
CRI-04720,2025-02-27,Terminal à Conteneurs,Biens de consommation,1,384,Transporteur B,Dakar (local),19.7,Jeudi,sèche,dédouanement en cours,88.3,86.8,False,624136
CRI-04721,2025-02-27,Terminal Roulier,Équipements industriels,1,318,Transporteur A,Dakar (local),19.4,Jeudi,sèche,dédouané avant arrivée,57.8,29.5,False,93814
CRI-04722,2025-02-27,Terminal à Conteneurs,Hydrocarbures,2,479,Transporteur E,Bamako (Mali),1333.8,Jeudi,sèche,dédouané avant arrivée,115.5,18.3,True,588790
CRI-04723,2025-02-28,Môle 3,Matériaux de construction,1,457,Transporteur D,Kaédi (Mauritanie),463.3,Vendredi,sèche,dédouané avant arrivée,58.1,79.9,False,449762
CRI-04724,2025-02-28,Môle 3,Denrées alimentaires,1,416,Transporteur D,Kaolack,194.3,Vendredi,sèche,dédouanement en cours,57.9,35.5,False,127443
CRI-04725,2025-02-28,Terminal à Conteneurs,Denrées alimentaires,1,335,Transporteur D,Dakar (local),20.4,Vendredi,sèche,dédouané avant arrivée,58.3,54.5,False,200232
CRI-04726,2025-02-28,Môle 3,Import général,1,374,Transporteur G,Thiès,64.1,Vendredi,sèche,dédouané avant arrivée,52.4,85.1,False,397555
CRI-04727,2025-02-28,Terminal Roulier,Matériaux de construction,2,396,Transporteur E,Kaolack,185.2,Vendredi,sèche,dédouané avant arrivée,60.3,66.0,False,520237
CRI-04728,2025-02-28,Terminal Roulier,Matériaux de construction,1,362,Transporteur G,Bamako (Mali),1176.0,Vendredi,sèche,dédouanement en cours,58.5,19.4,True,30428
CRI-04729,2025-02-28,Môle 8,Matériaux de construction,2,435,Transporteur D,Thiès,67.6,Vendredi,sèche,bloqué (litige/documents),160.0,41.5,False,1325650
CRI-04730,2025-02-28,Môle 1,Import général,1,442,Transporteur indépendant,Bamako (Mali),1208.4,Vendredi,sèche,dédouanement en cours,87.4,79.6,True,435799
CRI-04731,2025-02-28,Terminal à Conteneurs,Équipements industriels,1,355,Transporteur A,Tambacounda,442.2,Vendredi,sèche,dédouané avant arrivée,87.6,50.8,False,370699
CRI-04732,2025-02-28,Terminal à Conteneurs,Hydrocarbures,2,413,Transporteur C,Dakar (local),20.3,Vendredi,sèche,bloqué (litige/documents),151.8,60.4,False,1788736
CRI-04733,2025-02-28,Terminal à Conteneurs,Import général,1,430,Transporteur C,Ziguinchor,460.4,Vendredi,sèche,dédouané avant arrivée,51.8,118.5,True,603175
CRI-04734,2025-02-28,Môle 3,Import général,2,358,Transporteur E,Tambacounda,472.1,Vendredi,sèche,dédouanement en cours,80.5,28.8,False,427642
CRI-04735,2025-03-01,Môle 1,Import général,1,426,Transporteur C,Kayes (Mali),949.2,Samedi,sèche,dédouané avant arrivée,45.2,81.5,False,368482
CRI-04736,2025-03-01,Terminal à Conteneurs,Import général,1,396,Transporteur G,Dakar (local),20.9,Samedi,sèche,dédouané avant arrivée,93.5,39.8,False,316742
CRI-04737,2025-03-01,Môle 1,Hydrocarbures,2,456,Transporteur F,Bamako (Mali),1231.1,Samedi,sèche,dédouané avant arrivée,111.0,59.2,True,966137
CRI-04738,2025-03-01,Terminal à Conteneurs,Import général,2,365,Transporteur E,Dakar (local),20.5,Samedi,sèche,dédouané avant arrivée,70.8,52.3,False,557210
CRI-04739,2025-03-01,Môle 1,Import général,3,354,Transporteur C,Dakar (local),20.8,Samedi,sèche,dédouané avant arrivée,45.5,40.0,False,285149
CRI-04740,2025-03-01,Terminal à Conteneurs,Denrées alimentaires,1,377,Transporteur E,Kaolack,192.6,Samedi,sèche,dédouané avant arrivée,62.7,75.6,False,456348
CRI-04741,2025-03-01,Môle 3,Import général,2,475,Transporteur indépendant,Kaolack,187.3,Samedi,sèche,bloqué (litige/documents),80.2,60.7,True,790469
CRI-04742,2025-03-01,Môle 1,Hydrocarbures,1,319,Transporteur A,Thiès,68.4,Samedi,sèche,dédouanement en cours,67.7,40.7,False,204097
CRI-04743,2025-03-01,Terminal Roulier,Matériaux de construction,2,380,Transporteur F,Kayes (Mali),969.2,Samedi,sèche,dédouané avant arrivée,78.1,37.2,True,474887
CRI-04744,2025-03-01,Môle 1,Équipements industriels,1,298,Transporteur A,Bamako (Mali),1169.4,Samedi,sèche,dédouané avant arrivée,30.5,20.2,True,0
CRI-04745,2025-03-02,Môle 1,Denrées alimentaires,1,304,Transporteur G,Dakar (local),20.9,Dimanche,sèche,dédouané avant arrivée,87.8,57.9,False,480806
CRI-04746,2025-03-02,Môle 1,Import général,2,227,Transporteur A,Kaolack,193.8,Dimanche,sèche,dédouané avant arrivée,49.1,35.9,False,135573
CRI-04747,2025-03-02,Terminal à Conteneurs,Import général,2,319,Transporteur E,Kaédi (Mauritanie),477.8,Dimanche,sèche,dédouané avant arrivée,44.1,30.9,False,28296
CRI-04748,2025-03-02,Terminal à Conteneurs,Matériaux de construction,1,332,Transporteur A,Kaédi (Mauritanie),498.9,Dimanche,sèche,dédouanement en cours,93.6,25.0,False,301219
CRI-04749,2025-03-02,Terminal à Conteneurs,Matériaux de construction,2,226,Transporteur F,Dakar (local),20.0,Dimanche,sèche,dédouanement en cours,91.8,36.7,False,761884
CRI-04750,2025-03-02,Terminal à Conteneurs,Équipements industriels,2,293,Transporteur C,Thiès,68.0,Dimanche,sèche,dédouanement en cours,75.6,43.9,False,616168
CRI-04751,2025-03-03,Terminal à Conteneurs,Import général,2,472,Transporteur D,Thiès,70.2,Lundi,sèche,bloqué (litige/documents),198.1,78.8,False,2391970
CRI-04752,2025-03-03,Môle 8,Matériaux de construction,1,473,Transporteur A,Kayes (Mali),976.2,Lundi,sèche,dédouanement en cours,94.6,41.0,False,315100
CRI-04753,2025-03-03,Terminal Roulier,Matériaux de construction,2,370,Transporteur E,Bamako (Mali),1267.3,Lundi,sèche,dédouanement en cours,45.1,42.2,True,198820
CRI-04754,2025-03-03,Môle 3,Denrées alimentaires,2,494,Transporteur C,Kayes (Mali),988.6,Lundi,sèche,dédouané avant arrivée,34.8,44.6,True,102696
CRI-04755,2025-03-03,Terminal Roulier,Import général,1,459,Transporteur G,Touba,185.6,Lundi,sèche,dédouané avant arrivée,62.4,33.4,False,145724
CRI-04756,2025-03-03,Terminal à Conteneurs,Import général,4,329,Transporteur A,Thiès,71.0,Lundi,sèche,dédouané avant arrivée,64.8,16.9,False,268629
CRI-04757,2025-03-04,Terminal à Conteneurs,Import général,2,472,Transporteur G,Thiès,68.2,Mardi,sèche,dédouané avant arrivée,84.4,38.4,False,568800
CRI-04758,2025-03-04,Terminal à Conteneurs,Import général,1,472,Transporteur A,Kayes (Mali),927.3,Mardi,sèche,dédouané avant arrivée,69.9,60.1,True,363373
CRI-04759,2025-03-04,Terminal à Conteneurs,Import général,1,417,Transporteur G,Touba,194.3,Mardi,sèche,dédouané avant arrivée,65.3,35.3,False,166447
CRI-04760,2025-03-04,Terminal à Conteneurs,Matériaux de construction,3,407,Transporteur B,Kaédi (Mauritanie),493.0,Mardi,sèche,dédouanement en cours,85.0,50.3,False,1155784
CRI-04761,2025-03-04,Môle 3,Biens de consommation,1,405,Transporteur B,Dakar (local),18.7,Mardi,sèche,dédouanement en cours,70.1,33.5,False,205699
CRI-04762,2025-03-04,Terminal à Conteneurs,Hydrocarbures,4,416,Transporteur B,Dakar (local),18.8,Mardi,sèche,dédouané avant arrivée,73.0,114.8,False,2114735
CRI-04763,2025-03-04,Terminal à Conteneurs,Denrées alimentaires,1,471,Transporteur D,Dakar (local),20.1,Mardi,sèche,dédouané avant arrivée,55.5,87.9,False,400860
CRI-04764,2025-03-04,Terminal à Conteneurs,Import général,2,380,Transporteur C,Dakar (local),19.9,Mardi,sèche,dédouanement en cours,47.9,51.7,False,311306
CRI-04765,2025-03-04,Terminal à Conteneurs,Import général,2,506,Transporteur E,Dakar (local),21.7,Mardi,sèche,dédouané avant arrivée,87.1,33.7,False,598899
CRI-04766,2025-03-04,Terminal à Conteneurs,Matériaux de construction,2,474,Transporteur indépendant,Kaédi (Mauritanie),445.7,Mardi,sèche,dédouané avant arrivée,65.3,71.8,True,801925
CRI-04767,2025-03-04,Terminal à Conteneurs,Équipements industriels,1,434,Transporteur F,Dakar (local),20.3,Mardi,sèche,bloqué (litige/documents),175.8,105.6,False,1204468
CRI-04768,2025-03-05,Môle 3,Import général,1,396,Transporteur A,Thiès,69.4,Mercredi,sèche,bloqué (litige/documents),171.4,27.4,False,739334
CRI-04769,2025-03-05,Môle 3,Biens de consommation,1,382,Transporteur E,Bamako (Mali),1190.2,Mercredi,sèche,dédouanement en cours,99.3,45.5,True,491393
CRI-04770,2025-03-05,Terminal à Conteneurs,Hydrocarbures,2,359,Transporteur C,Thiès,72.5,Mercredi,sèche,dédouanement en cours,99.7,51.3,False,1039080
CRI-04771,2025-03-05,Terminal Roulier,Matériaux de construction,2,328,Transporteur F,Tambacounda,474.9,Mercredi,sèche,dédouané avant arrivée,64.2,48.8,False,442380
CRI-04772,2025-03-05,Terminal à Conteneurs,Import général,1,383,Transporteur B,Bamako (Mali),1210.2,Mercredi,sèche,dédouanement en cours,92.1,70.3,True,462421
CRI-04773,2025-03-05,Môle 1,Denrées alimentaires,1,433,Transporteur F,Bamako (Mali),1154.8,Mercredi,sèche,bloqué (litige/documents),107.3,59.2,True,505119
CRI-04774,2025-03-05,Terminal à Conteneurs,Matériaux de construction,1,284,Transporteur D,Dakar (local),19.5,Mercredi,sèche,dédouanement en cours,92.1,39.2,False,365202
CRI-04775,2025-03-05,Terminal à Conteneurs,Hydrocarbures,2,396,Transporteur D,Kayes (Mali),933.7,Mercredi,sèche,dédouanement en cours,81.4,45.9,True,620894
CRI-04776,2025-03-05,Môle 1,Denrées alimentaires,3,422,Transporteur F,Bamako (Mali),1196.1,Mercredi,sèche,dédouanement en cours,80.6,44.3,True,1106729
CRI-04777,2025-03-05,Môle 8,Import général,1,378,Transporteur D,Thiès,69.6,Mercredi,sèche,bloqué (litige/documents),105.8,19.3,False,355701
CRI-04778,2025-03-05,Terminal à Conteneurs,Matériaux de construction,1,408,Transporteur C,Dakar (local),20.8,Mercredi,sèche,dédouané avant arrivée,47.9,54.2,False,198969
CRI-04779,2025-03-05,Môle 3,Import général,1,372,Transporteur E,Touba,195.6,Mercredi,sèche,dédouanement en cours,100.7,52.1,False,364044
CRI-04780,2025-03-05,Terminal à Conteneurs,Import général,1,412,Transporteur A,Kaédi (Mauritanie),505.0,Mercredi,sèche,dédouané avant arrivée,93.3,52.4,False,508219
CRI-04781,2025-03-05,Môle 1,Denrées alimentaires,1,458,Transporteur C,Touba,197.0,Mercredi,sèche,dédouané avant arrivée,82.7,58.7,False,426917
CRI-04782,2025-03-06,Môle 1,Import général,1,454,Transporteur F,Tambacounda,482.2,Jeudi,sèche,dédouanement en cours,125.2,82.5,True,842249
CRI-04783,2025-03-06,Môle 8,Import général,3,435,Transporteur B,Bamako (Mali),1197.7,Jeudi,sèche,dédouanement en cours,96.7,49.1,True,1431866
CRI-04784,2025-03-06,Môle 3,Biens de consommation,1,437,Transporteur G,Bamako (Mali),1297.8,Jeudi,sèche,dédouané avant arrivée,68.1,62.7,True,323487
CRI-04785,2025-03-06,Terminal à Conteneurs,Import général,2,305,Transporteur G,Bamako (Mali),1206.3,Jeudi,sèche,dédouané avant arrivée,37.5,32.1,False,0
CRI-04786,2025-03-06,Terminal à Conteneurs,Matériaux de construction,1,444,Transporteur B,Bamako (Mali),1216.3,Jeudi,sèche,dédouané avant arrivée,89.0,39.3,True,319528
CRI-04787,2025-03-06,Terminal à Conteneurs,Import général,1,376,Transporteur A,Kaédi (Mauritanie),473.2,Jeudi,sèche,dédouané avant arrivée,57.3,54.4,False,192533
CRI-04788,2025-03-06,Terminal à Conteneurs,Import général,1,377,Transporteur C,Thiès,66.1,Jeudi,sèche,dédouanement en cours,57.0,47.4,False,226079
CRI-04789,2025-03-06,Terminal à Conteneurs,Import général,2,296,Transporteur indépendant,Kaolack,194.8,Jeudi,sèche,dédouané avant arrivée,68.3,23.7,False,279362
CRI-04790,2025-03-06,Terminal à Conteneurs,Import général,2,456,Transporteur D,Dakar (local),19.3,Jeudi,sèche,dédouané avant arrivée,68.2,33.2,False,309893
CRI-04791,2025-03-06,Môle 3,Denrées alimentaires,3,386,Transporteur B,Kaédi (Mauritanie),466.8,Jeudi,sèche,dédouanement en cours,100.6,37.3,False,1167794
CRI-04792,2025-03-06,Terminal à Conteneurs,Biens de consommation,1,441,Transporteur indépendant,Touba,186.7,Jeudi,sèche,dédouanement en cours,90.9,59.2,True,507330
CRI-04793,2025-03-06,Terminal Roulier,Import général,1,386,Transporteur B,Bamako (Mali),1264.0,Jeudi,sèche,dédouanement en cours,93.3,31.7,True,291271
CRI-04794,2025-03-07,Terminal Roulier,Import général,1,382,Transporteur B,Tambacounda,496.2,Vendredi,sèche,dédouané avant arrivée,71.5,32.3,False,154445
CRI-04795,2025-03-07,Môle 1,Matériaux de construction,1,375,Transporteur indépendant,Dakar (local),20.0,Vendredi,sèche,bloqué (litige/documents),101.3,45.1,False,355629
CRI-04796,2025-03-07,Terminal à Conteneurs,Biens de consommation,4,414,Transporteur F,Dakar (local),19.4,Vendredi,sèche,dédouanement en cours,117.6,81.8,False,3395828
CRI-04797,2025-03-07,Terminal à Conteneurs,Matériaux de construction,2,348,Transporteur G,Dakar (local),19.8,Vendredi,sèche,dédouanement en cours,51.2,47.0,False,302506
CRI-04798,2025-03-07,Môle 8,Hydrocarbures,2,324,Transporteur G,Ziguinchor,449.0,Vendredi,sèche,dédouané avant arrivée,61.8,50.1,False,478875
CRI-04799,2025-03-07,Môle 3,Import général,2,370,Transporteur G,Thiès,72.2,Vendredi,sèche,dédouanement en cours,93.9,65.4,False,816830
CRI-04800,2025-03-07,Terminal à Conteneurs,Matériaux de construction,1,373,Transporteur A,Dakar (local),20.6,Vendredi,sèche,bloqué (litige/documents),78.7,57.3,False,364731
CRI-04801,2025-03-07,Môle 3,Import général,1,416,Transporteur C,Kaédi (Mauritanie),503.6,Vendredi,sèche,dédouanement en cours,52.9,50.3,False,206634
CRI-04802,2025-03-07,Môle 1,Équipements industriels,2,447,Transporteur B,Kayes (Mali),1014.6,Vendredi,sèche,dédouanement en cours,100.3,53.1,True,1062041
CRI-04803,2025-03-07,Terminal à Conteneurs,Matériaux de construction,2,362,Transporteur F,Dakar (local),19.6,Vendredi,sèche,dédouanement en cours,69.0,20.0,False,215514
CRI-04804,2025-03-07,Terminal à Conteneurs,Matériaux de construction,1,474,Transporteur D,Ziguinchor,470.0,Vendredi,sèche,dédouanement en cours,94.7,68.9,True,631085
CRI-04805,2025-03-07,Môle 3,Hydrocarbures,1,390,Transporteur B,Kaolack,194.1,Vendredi,sèche,dédouané avant arrivée,62.8,45.2,False,185087
CRI-04806,2025-03-07,Môle 3,Denrées alimentaires,1,394,Transporteur B,Kayes (Mali),927.1,Vendredi,sèche,dédouané avant arrivée,77.6,55.5,False,297190
CRI-04807,2025-03-07,Terminal à Conteneurs,Denrées alimentaires,2,305,Transporteur E,Touba,186.6,Vendredi,sèche,dédouanement en cours,86.9,29.5,False,415357
CRI-04808,2025-03-07,Terminal à Conteneurs,Hydrocarbures,2,391,Transporteur C,Kayes (Mali),952.3,Vendredi,sèche,dédouané avant arrivée,37.2,43.3,False,90356
CRI-04809,2025-03-07,Terminal Roulier,Import général,1,359,Transporteur B,Bamako (Mali),1212.0,Vendredi,sèche,dédouané avant arrivée,49.0,49.0,False,156718
CRI-04810,2025-03-08,Terminal à Conteneurs,Import général,2,418,Transporteur C,Ziguinchor,448.7,Samedi,sèche,dédouané avant arrivée,55.8,97.5,False,893724
CRI-04811,2025-03-08,Terminal à Conteneurs,Biens de consommation,1,452,Transporteur D,Kaolack,176.6,Samedi,sèche,dédouané avant arrivée,56.5,61.8,False,262791
CRI-04812,2025-03-08,Môle 8,Équipements industriels,2,340,Transporteur B,Bamako (Mali),1187.7,Samedi,sèche,dédouané avant arrivée,43.1,29.5,False,7352
CRI-04813,2025-03-08,Terminal à Conteneurs,Import général,1,356,Transporteur A,Touba,192.7,Samedi,sèche,bloqué (litige/documents),112.3,34.9,False,496456
CRI-04814,2025-03-08,Môle 8,Import général,2,363,Transporteur indépendant,Thiès,69.5,Samedi,sèche,dédouané avant arrivée,71.2,43.4,False,524079
CRI-04815,2025-03-08,Terminal à Conteneurs,Matériaux de construction,1,368,Transporteur D,Touba,191.9,Samedi,sèche,dédouanement en cours,54.0,25.6,False,43284
CRI-04816,2025-03-08,Terminal à Conteneurs,Import général,3,380,Transporteur A,Kayes (Mali),919.6,Samedi,sèche,dédouanement en cours,73.2,26.0,True,402604
CRI-04817,2025-03-08,Terminal Roulier,Import général,1,394,Transporteur D,Dakar (local),19.5,Samedi,sèche,dédouanement en cours,65.9,54.8,False,283715
CRI-04818,2025-03-08,Môle 1,Biens de consommation,1,326,Transporteur B,Ziguinchor,441.4,Samedi,sèche,dédouané avant arrivée,27.2,25.9,False,0
CRI-04819,2025-03-08,Môle 1,Matériaux de construction,1,527,Transporteur C,Dakar (local),21.4,Samedi,sèche,dédouané avant arrivée,61.5,23.7,True,90586
CRI-04820,2025-03-08,Terminal à Conteneurs,Import général,2,435,Transporteur G,Thiès,72.2,Samedi,sèche,dédouanement en cours,115.4,52.5,False,1190450
CRI-04821,2025-03-08,Môle 1,Hydrocarbures,1,459,Transporteur B,Kaolack,188.2,Samedi,sèche,dédouané avant arrivée,63.1,65.5,False,395055
CRI-04822,2025-03-08,Môle 8,Import général,1,366,Transporteur F,Thiès,71.1,Samedi,sèche,dédouanement en cours,76.8,60.4,False,341467
CRI-04823,2025-03-08,Terminal à Conteneurs,Biens de consommation,1,552,Transporteur E,Kayes (Mali),955.8,Samedi,sèche,dédouanement en cours,111.2,69.9,True,520667
CRI-04824,2025-03-08,Terminal à Conteneurs,Équipements industriels,2,383,Transporteur D,Touba,189.7,Samedi,sèche,dédouanement en cours,65.8,61.3,False,544571
CRI-04825,2025-03-08,Terminal Roulier,Denrées alimentaires,3,314,Transporteur A,Dakar (local),20.1,Samedi,sèche,dédouanement en cours,74.2,38.3,False,805854
CRI-04826,2025-03-08,Terminal à Conteneurs,Import général,1,399,Transporteur G,Tambacounda,459.7,Samedi,sèche,dédouané avant arrivée,114.5,95.3,True,711017
CRI-04827,2025-03-08,Môle 8,Matériaux de construction,1,371,Transporteur indépendant,Kayes (Mali),943.5,Samedi,sèche,dédouanement en cours,53.3,47.8,True,133082
CRI-04828,2025-03-08,Terminal à Conteneurs,Matériaux de construction,1,375,Transporteur F,Bamako (Mali),1273.5,Samedi,sèche,dédouanement en cours,64.0,58.0,True,231743
CRI-04829,2025-03-09,Môle 1,Import général,2,325,Transporteur indépendant,Ziguinchor,483.9,Dimanche,sèche,dédouané avant arrivée,44.0,40.9,False,126966
CRI-04830,2025-03-09,Môle 3,Hydrocarbures,2,273,Transporteur B,Dakar (local),20.6,Dimanche,sèche,dédouanement en cours,63.7,28.8,False,212041
CRI-04831,2025-03-09,Môle 3,Denrées alimentaires,1,332,Transporteur B,Kaolack,188.4,Dimanche,sèche,dédouanement en cours,46.1,50.7,False,157713
CRI-04832,2025-03-09,Môle 3,Import général,1,298,Transporteur D,Kayes (Mali),912.0,Dimanche,sèche,dédouané avant arrivée,51.1,34.9,False,64201
CRI-04833,2025-03-09,Terminal à Conteneurs,Équipements industriels,4,286,Transporteur C,Tambacounda,494.1,Dimanche,sèche,dédouanement en cours,67.9,34.4,False,581311
CRI-04834,2025-03-09,Terminal à Conteneurs,Import général,2,292,Transporteur indépendant,Tambacounda,481.4,Dimanche,sèche,dédouané avant arrivée,53.8,15.1,True,0
CRI-04835,2025-03-09,Terminal à Conteneurs,Matériaux de construction,1,282,Transporteur G,Dakar (local),19.9,Dimanche,sèche,dédouané avant arrivée,50.4,43.8,False,135185
CRI-04836,2025-03-09,Môle 8,Import général,2,256,Transporteur F,Thiès,72.2,Dimanche,sèche,dédouanement en cours,73.2,21.5,False,227251
CRI-04837,2025-03-09,Môle 8,Denrées alimentaires,1,266,Transporteur C,Bamako (Mali),1158.4,Dimanche,sèche,dédouané avant arrivée,39.7,23.6,True,0
CRI-04838,2025-03-09,Terminal à Conteneurs,Denrées alimentaires,1,290,Transporteur E,Tambacounda,476.2,Dimanche,sèche,bloqué (litige/documents),142.3,38.3,False,511979
CRI-04839,2025-03-09,Terminal à Conteneurs,Matériaux de construction,1,267,Transporteur F,Thiès,67.7,Dimanche,sèche,bloqué (litige/documents),45.8,30.0,False,19104
CRI-04840,2025-03-10,Terminal à Conteneurs,Biens de consommation,1,438,Transporteur E,Dakar (local),20.1,Lundi,sèche,dédouané avant arrivée,91.9,60.7,False,473581
CRI-04841,2025-03-10,Môle 3,Biens de consommation,1,390,Transporteur B,Touba,183.0,Lundi,sèche,bloqué (litige/documents),222.7,44.4,False,1322541
CRI-04842,2025-03-10,Môle 3,Denrées alimentaires,1,437,Transporteur indépendant,Kaolack,191.5,Lundi,sèche,dédouanement en cours,107.0,44.0,True,551690
CRI-04843,2025-03-10,Môle 1,Import général,2,349,Transporteur F,Touba,187.4,Lundi,sèche,bloqué (litige/documents),79.8,44.3,False,554969
CRI-04844,2025-03-10,Môle 3,Biens de consommation,2,412,Transporteur G,Touba,187.9,Lundi,sèche,dédouanement en cours,128.2,82.3,False,1805564
CRI-04845,2025-03-10,Terminal Roulier,Biens de consommation,2,532,Transporteur D,Ziguinchor,452.3,Lundi,sèche,dédouané avant arrivée,77.6,76.7,False,990827
CRI-04846,2025-03-10,Môle 8,Hydrocarbures,1,440,Transporteur G,Bamako (Mali),1201.8,Lundi,sèche,dédouané avant arrivée,108.3,94.8,True,792156
CRI-04847,2025-03-10,Môle 1,Matériaux de construction,2,516,Transporteur A,Bamako (Mali),1230.7,Lundi,sèche,bloqué (litige/documents),128.6,42.2,True,1035392
CRI-04848,2025-03-10,Terminal à Conteneurs,Denrées alimentaires,1,519,Transporteur F,Kayes (Mali),953.1,Lundi,sèche,dédouanement en cours,148.2,74.9,True,785681
CRI-04849,2025-03-10,Terminal à Conteneurs,Import général,3,465,Transporteur indépendant,Kayes (Mali),963.7,Lundi,sèche,dédouanement en cours,107.0,77.8,True,1597522
CRI-04850,2025-03-11,Môle 8,Biens de consommation,1,526,Transporteur G,Thiès,73.6,Mardi,sèche,dédouanement en cours,129.1,53.5,True,503520
CRI-04851,2025-03-11,Terminal à Conteneurs,Import général,1,411,Transporteur indépendant,Kaolack,191.4,Mardi,sèche,dédouané avant arrivée,92.6,39.1,False,382103
CRI-04852,2025-03-11,Terminal à Conteneurs,Import général,4,481,Transporteur D,Kaolack,195.9,Mardi,sèche,dédouanement en cours,79.3,25.0,True,738384
CRI-04853,2025-03-11,Terminal à Conteneurs,Denrées alimentaires,1,395,Transporteur D,Bamako (Mali),1213.2,Mardi,sèche,dédouanement en cours,51.7,32.5,True,70727
CRI-04854,2025-03-11,Terminal à Conteneurs,Matériaux de construction,2,389,Transporteur E,Bamako (Mali),1213.8,Mardi,sèche,dédouanement en cours,114.0,36.2,True,978671
CRI-04855,2025-03-11,Môle 3,Biens de consommation,2,478,Transporteur indépendant,Kayes (Mali),952.0,Mardi,sèche,dédouanement en cours,119.1,54.8,True,1182617
CRI-04856,2025-03-11,Terminal à Conteneurs,Import général,2,358,Transporteur G,Touba,198.7,Mardi,sèche,dédouané avant arrivée,53.5,43.6,False,314699
CRI-04857,2025-03-11,Terminal à Conteneurs,Matériaux de construction,2,479,Transporteur E,Kaolack,193.8,Mardi,sèche,dédouanement en cours,73.8,84.2,True,924490
CRI-04858,2025-03-12,Môle 3,Import général,1,363,Transporteur F,Kayes (Mali),975.7,Mercredi,sèche,dédouané avant arrivée,30.8,49.0,False,40955
CRI-04859,2025-03-12,Terminal Roulier,Import général,2,444,Transporteur C,Tambacounda,470.1,Mercredi,sèche,dédouané avant arrivée,70.9,50.6,False,603014
CRI-04860,2025-03-12,Terminal à Conteneurs,Hydrocarbures,1,511,Transporteur B,Bamako (Mali),1202.6,Mercredi,sèche,dédouané avant arrivée,132.3,72.0,True,854013
CRI-04861,2025-03-12,Terminal à Conteneurs,Import général,1,414,Transporteur B,Ziguinchor,453.8,Mercredi,sèche,bloqué (litige/documents),166.1,63.6,False,773173
CRI-04862,2025-03-12,Môle 1,Hydrocarbures,1,471,Transporteur C,Tambacounda,493.9,Mercredi,sèche,dédouané avant arrivée,101.8,45.3,True,507785
CRI-04863,2025-03-12,Terminal à Conteneurs,Import général,1,387,Transporteur C,Touba,197.0,Mercredi,sèche,dédouané avant arrivée,72.2,43.1,False,221684
CRI-04864,2025-03-12,Terminal à Conteneurs,Matériaux de construction,3,425,Transporteur B,Kayes (Mali),1008.3,Mercredi,sèche,dédouané avant arrivée,67.7,49.6,True,626410
CRI-04865,2025-03-12,Môle 3,Denrées alimentaires,2,475,Transporteur D,Touba,194.1,Mercredi,sèche,dédouanement en cours,129.6,59.8,True,1306587
CRI-04866,2025-03-12,Terminal à Conteneurs,Denrées alimentaires,1,368,Transporteur G,Dakar (local),19.6,Mercredi,sèche,dédouanement en cours,53.6,66.0,False,285732
CRI-04867,2025-03-12,Môle 8,Denrées alimentaires,3,405,Transporteur B,Touba,187.6,Mercredi,sèche,dédouanement en cours,118.4,73.9,False,1967662
CRI-04868,2025-03-12,Terminal à Conteneurs,Denrées alimentaires,2,350,Transporteur E,Kaolack,191.4,Mercredi,sèche,dédouané avant arrivée,60.7,33.7,False,292917
CRI-04869,2025-03-12,Terminal à Conteneurs,Denrées alimentaires,3,419,Transporteur B,Bamako (Mali),1226.8,Mercredi,sèche,dédouané avant arrivée,40.6,49.6,False,316236
CRI-04870,2025-03-12,Terminal à Conteneurs,Biens de consommation,1,427,Transporteur indépendant,Kaédi (Mauritanie),466.1,Mercredi,sèche,dédouanement en cours,77.5,24.2,True,166526
CRI-04871,2025-03-12,Môle 8,Matériaux de construction,3,364,Transporteur D,Kaolack,194.7,Mercredi,sèche,dédouanement en cours,107.3,63.7,False,1614022
CRI-04872,2025-03-12,Terminal Roulier,Import général,1,350,Transporteur indépendant,Bamako (Mali),1157.3,Mercredi,sèche,dédouanement en cours,54.0,37.0,True,121947
CRI-04873,2025-03-13,Môle 1,Matériaux de construction,4,324,Transporteur G,Touba,191.7,Jeudi,sèche,bloqué (litige/documents),135.7,49.8,False,2431912
CRI-04874,2025-03-13,Môle 8,Import général,2,358,Transporteur B,Bamako (Mali),1167.1,Jeudi,sèche,dédouané avant arrivée,62.1,51.6,False,395000
CRI-04875,2025-03-13,Terminal à Conteneurs,Import général,2,372,Transporteur G,Bamako (Mali),1226.6,Jeudi,sèche,dédouanement en cours,83.3,25.9,True,360188
CRI-04876,2025-03-13,Terminal Roulier,Import général,1,415,Transporteur C,Bamako (Mali),1187.6,Jeudi,sèche,dédouané avant arrivée,79.6,60.5,True,376222
CRI-04877,2025-03-14,Terminal Roulier,Équipements industriels,2,333,Transporteur D,Tambacounda,458.2,Vendredi,sèche,dédouané avant arrivée,67.1,30.6,False,295873
CRI-04878,2025-03-14,Môle 3,Hydrocarbures,2,356,Transporteur E,Dakar (local),18.8,Vendredi,sèche,dédouané avant arrivée,120.0,43.0,False,844650
CRI-04879,2025-03-14,Môle 1,Denrées alimentaires,1,382,Transporteur D,Kayes (Mali),930.3,Vendredi,sèche,dédouanement en cours,94.4,66.4,True,529078
CRI-04880,2025-03-14,Môle 3,Hydrocarbures,1,421,Transporteur indépendant,Ziguinchor,470.2,Vendredi,sèche,dédouanement en cours,88.9,63.6,False,413753
CRI-04881,2025-03-14,Terminal à Conteneurs,Hydrocarbures,1,423,Transporteur indépendant,Kaolack,189.9,Vendredi,sèche,dédouanement en cours,88.4,50.6,False,399114
CRI-04882,2025-03-15,Terminal Roulier,Import général,1,340,Transporteur B,Tambacounda,469.2,Samedi,sèche,dédouanement en cours,96.6,46.7,False,410477
CRI-04883,2025-03-15,Terminal à Conteneurs,Matériaux de construction,1,404,Transporteur D,Dakar (local),19.6,Samedi,sèche,dédouané avant arrivée,64.8,54.2,False,298365
CRI-04884,2025-03-15,Môle 8,Denrées alimentaires,1,390,Transporteur E,Touba,176.4,Samedi,sèche,dédouané avant arrivée,68.8,48.3,False,260464
CRI-04885,2025-03-15,Môle 8,Import général,1,354,Transporteur C,Dakar (local),20.1,Samedi,sèche,dédouané avant arrivée,39.1,38.9,False,30627
CRI-04886,2025-03-15,Terminal à Conteneurs,Denrées alimentaires,2,389,Transporteur F,Ziguinchor,454.0,Samedi,sèche,dédouanement en cours,65.6,59.9,False,580355
CRI-04887,2025-03-15,Môle 1,Denrées alimentaires,1,379,Transporteur indépendant,Tambacounda,465.6,Samedi,sèche,dédouanement en cours,74.7,35.8,False,175805
CRI-04888,2025-03-15,Terminal à Conteneurs,Biens de consommation,1,320,Transporteur D,Touba,194.8,Samedi,sèche,dédouanement en cours,76.2,24.4,False,195338
CRI-04889,2025-03-15,Terminal à Conteneurs,Denrées alimentaires,1,321,Transporteur E,Kayes (Mali),911.4,Samedi,sèche,bloqué (litige/documents),129.0,57.3,False,614831
CRI-04890,2025-03-16,Môle 3,Import général,2,327,Transporteur C,Touba,192.7,Dimanche,sèche,dédouané avant arrivée,36.7,61.1,False,341038
CRI-04891,2025-03-16,Terminal Roulier,Import général,1,320,Transporteur G,Tambacounda,463.7,Dimanche,sèche,dédouanement en cours,51.1,44.2,False,154749
CRI-04892,2025-03-16,Terminal à Conteneurs,Denrées alimentaires,1,305,Transporteur D,Bamako (Mali),1165.1,Dimanche,sèche,dédouané avant arrivée,49.8,48.1,True,139767
CRI-04893,2025-03-16,Terminal Roulier,Import général,3,325,Transporteur D,Bamako (Mali),1214.3,Dimanche,sèche,bloqué (litige/documents),70.1,50.1,False,945273
CRI-04894,2025-03-16,Terminal Roulier,Matériaux de construction,1,326,Transporteur B,Tambacounda,483.5,Dimanche,sèche,bloqué (litige/documents),99.5,54.9,False,499988
CRI-04895,2025-03-16,Môle 1,Import général,1,257,Transporteur G,Bamako (Mali),1187.2,Dimanche,sèche,bloqué (litige/documents),86.7,36.1,False,295075
CRI-04896,2025-03-16,Môle 3,Biens de consommation,1,304,Transporteur F,Touba,194.5,Dimanche,sèche,dédouané avant arrivée,52.6,57.5,False,199226
CRI-04897,2025-03-16,Môle 8,Denrées alimentaires,1,347,Transporteur indépendant,Kaédi (Mauritanie),454.2,Dimanche,sèche,dédouanement en cours,68.6,42.3,False,212728
CRI-04898,2025-03-16,Terminal à Conteneurs,Import général,1,251,Transporteur A,Thiès,70.8,Dimanche,sèche,dédouanement en cours,87.3,57.7,False,379115
CRI-04899,2025-03-16,Terminal à Conteneurs,Biens de consommation,1,264,Transporteur A,Kaolack,189.7,Dimanche,sèche,dédouané avant arrivée,44.0,44.8,False,115916
CRI-04900,2025-03-16,Môle 1,Matériaux de construction,1,278,Transporteur A,Dakar (local),20.3,Dimanche,sèche,dédouané avant arrivée,75.5,27.9,False,144162
CRI-04901,2025-03-17,Môle 3,Import général,2,442,Transporteur G,Kaédi (Mauritanie),481.4,Lundi,sèche,bloqué (litige/documents),69.5,28.9,True,276715
CRI-04902,2025-03-17,Môle 8,Hydrocarbures,1,387,Transporteur A,Bamako (Mali),1243.6,Lundi,sèche,dédouané avant arrivée,46.0,41.9,True,104203
CRI-04903,2025-03-17,Terminal Roulier,Import général,1,434,Transporteur A,Kaolack,186.9,Lundi,sèche,bloqué (litige/documents),201.9,103.9,False,1334769
CRI-04904,2025-03-17,Môle 3,Import général,1,368,Transporteur E,Bamako (Mali),1236.0,Lundi,sèche,dédouanement en cours,64.7,70.4,True,322642
CRI-04905,2025-03-17,Terminal à Conteneurs,Import général,1,518,Transporteur E,Bamako (Mali),1193.0,Lundi,sèche,bloqué (litige/documents),177.6,48.9,True,731243
CRI-04906,2025-03-17,Môle 3,Biens de consommation,2,342,Transporteur indépendant,Bamako (Mali),1211.5,Lundi,sèche,dédouanement en cours,81.7,56.4,True,772777
CRI-04907,2025-03-17,Môle 1,Matériaux de construction,2,428,Transporteur C,Kaolack,181.1,Lundi,sèche,bloqué (litige/documents),126.0,60.5,False,1435380
CRI-04908,2025-03-17,Môle 1,Hydrocarbures,2,443,Transporteur G,Kaédi (Mauritanie),481.9,Lundi,sèche,dédouané avant arrivée,100.9,38.0,False,686290
CRI-04909,2025-03-18,Môle 3,Denrées alimentaires,2,425,Transporteur G,Bamako (Mali),1278.0,Mardi,sèche,dédouanement en cours,43.3,50.6,True,217597
CRI-04910,2025-03-18,Terminal Roulier,Matériaux de construction,1,425,Transporteur G,Bamako (Mali),1258.7,Mardi,sèche,dédouanement en cours,99.2,53.3,True,463242
CRI-04911,2025-03-18,Terminal à Conteneurs,Denrées alimentaires,1,360,Transporteur D,Dakar (local),18.2,Mardi,sèche,dédouanement en cours,36.8,84.7,False,266236
CRI-04912,2025-03-18,Môle 3,Import général,1,433,Transporteur G,Touba,184.8,Mardi,sèche,dédouanement en cours,72.3,49.3,False,294865
CRI-04913,2025-03-18,Môle 8,Biens de consommation,1,505,Transporteur G,Touba,183.3,Mardi,sèche,dédouané avant arrivée,105.0,56.8,False,514250
CRI-04914,2025-03-18,Terminal Roulier,Import général,2,420,Transporteur B,Dakar (local),20.9,Mardi,sèche,dédouané avant arrivée,82.5,37.1,False,617449
CRI-04915,2025-03-18,Terminal Roulier,Denrées alimentaires,3,427,Transporteur G,Dakar (local),19.3,Mardi,sèche,dédouané avant arrivée,49.4,47.2,False,336056
CRI-04916,2025-03-18,Môle 3,Import général,1,352,Transporteur C,Thiès,69.2,Mardi,sèche,dédouané avant arrivée,49.4,40.3,False,101836
CRI-04917,2025-03-19,Terminal Roulier,Biens de consommation,1,329,Transporteur B,Dakar (local),21.7,Mercredi,sèche,dédouanement en cours,65.6,46.3,False,235980
CRI-04918,2025-03-19,Môle 1,Équipements industriels,1,423,Transporteur G,Tambacounda,467.7,Mercredi,sèche,dédouanement en cours,65.8,104.7,False,657637
CRI-04919,2025-03-19,Môle 8,Hydrocarbures,2,449,Transporteur E,Dakar (local),20.3,Mercredi,sèche,dédouané avant arrivée,68.6,84.5,False,1063253
CRI-04920,2025-03-19,Môle 8,Matériaux de construction,4,294,Transporteur G,Thiès,71.5,Mercredi,sèche,dédouané avant arrivée,22.9,43.2,False,0
CRI-04921,2025-03-19,Môle 1,Denrées alimentaires,1,436,Transporteur indépendant,Bamako (Mali),1238.8,Mercredi,sèche,dédouanement en cours,95.2,68.7,True,554669
CRI-04922,2025-03-19,Terminal à Conteneurs,Matériaux de construction,1,358,Transporteur indépendant,Kayes (Mali),941.9,Mercredi,sèche,dédouanement en cours,125.3,48.1,True,487687
CRI-04923,2025-03-19,Terminal à Conteneurs,Import général,3,446,Transporteur indépendant,Touba,185.6,Mercredi,sèche,dédouané avant arrivée,54.3,52.0,True,675856
CRI-04924,2025-03-19,Terminal à Conteneurs,Import général,1,400,Transporteur D,Kaédi (Mauritanie),488.6,Mercredi,sèche,dédouanement en cours,101.0,66.1,False,514988
CRI-04925,2025-03-19,Môle 1,Denrées alimentaires,2,315,Transporteur indépendant,Thiès,68.7,Mercredi,sèche,dédouanement en cours,55.0,48.5,False,396973
CRI-04926,2025-03-19,Terminal à Conteneurs,Denrées alimentaires,1,452,Transporteur B,Touba,191.1,Mercredi,sèche,dédouané avant arrivée,78.4,39.5,False,292984
CRI-04927,2025-03-20,Terminal Roulier,Import général,1,365,Transporteur E,Kaolack,178.1,Jeudi,sèche,dédouanement en cours,70.2,31.1,False,136328
CRI-04928,2025-03-20,Terminal à Conteneurs,Import général,2,422,Transporteur A,Dakar (local),20.0,Jeudi,sèche,bloqué (litige/documents),139.8,47.7,False,1043784
CRI-04929,2025-03-20,Terminal Roulier,Denrées alimentaires,2,472,Transporteur indépendant,Kaolack,187.9,Jeudi,sèche,dédouanement en cours,114.0,61.4,True,1102087
CRI-04930,2025-03-20,Terminal à Conteneurs,Import général,1,411,Transporteur E,Dakar (local),19.5,Jeudi,sèche,dédouané avant arrivée,60.4,37.3,False,121541
CRI-04931,2025-03-20,Môle 8,Denrées alimentaires,4,398,Transporteur B,Bamako (Mali),1271.3,Jeudi,sèche,dédouanement en cours,27.1,67.2,True,496588
CRI-04932,2025-03-20,Terminal à Conteneurs,Hydrocarbures,1,420,Transporteur A,Bamako (Mali),1175.0,Jeudi,sèche,dédouané avant arrivée,67.3,69.3,True,342726
CRI-04933,2025-03-20,Môle 3,Import général,1,339,Transporteur B,Dakar (local),20.4,Jeudi,sèche,bloqué (litige/documents),80.6,74.7,False,481102
CRI-04934,2025-03-20,Môle 3,Matériaux de construction,2,359,Transporteur G,Bamako (Mali),1188.1,Jeudi,sèche,dédouané avant arrivée,78.2,51.4,True,774211
CRI-04935,2025-03-20,Môle 8,Équipements industriels,1,415,Transporteur B,Dakar (local),19.4,Jeudi,sèche,dédouanement en cours,90.8,36.5,False,325632
CRI-04936,2025-03-20,Môle 3,Import général,1,369,Transporteur F,Tambacounda,479.5,Jeudi,sèche,dédouanement en cours,67.7,56.7,False,282346
CRI-04937,2025-03-21,Terminal à Conteneurs,Équipements industriels,2,396,Transporteur indépendant,Ziguinchor,444.3,Vendredi,sèche,dédouanement en cours,67.9,36.5,True,370663
CRI-04938,2025-03-21,Môle 3,Import général,3,380,Transporteur B,Dakar (local),20.3,Vendredi,sèche,dédouané avant arrivée,62.8,45.3,False,749693
CRI-04939,2025-03-21,Môle 8,Hydrocarbures,2,402,Transporteur D,Thiès,69.1,Vendredi,sèche,dédouanement en cours,47.0,38.9,False,125258
CRI-04940,2025-03-21,Môle 1,Matériaux de construction,2,432,Transporteur D,Tambacounda,468.2,Vendredi,sèche,dédouané avant arrivée,88.5,38.3,True,596809
CRI-04941,2025-03-21,Terminal Roulier,Import général,3,388,Transporteur F,Dakar (local),19.8,Vendredi,sèche,dédouané avant arrivée,40.8,58.7,False,545708
CRI-04942,2025-03-21,Môle 1,Hydrocarbures,1,447,Transporteur E,Bamako (Mali),1263.6,Vendredi,sèche,dédouanement en cours,80.9,61.9,True,451967
CRI-04943,2025-03-21,Terminal à Conteneurs,Import général,1,416,Transporteur F,Dakar (local),20.6,Vendredi,sèche,dédouané avant arrivée,48.4,34.5,False,56175
CRI-04944,2025-03-21,Môle 3,Denrées alimentaires,2,361,Transporteur A,Tambacounda,459.0,Vendredi,sèche,dédouanement en cours,56.1,29.8,False,184168
CRI-04945,2025-03-22,Môle 8,Équipements industriels,1,402,Transporteur C,Touba,197.3,Samedi,sèche,dédouanement en cours,95.4,48.4,False,339195
CRI-04946,2025-03-22,Môle 8,Import général,1,440,Transporteur E,Tambacounda,490.4,Samedi,sèche,dédouané avant arrivée,69.3,65.0,True,344897
CRI-04947,2025-03-22,Terminal à Conteneurs,Import général,2,307,Transporteur F,Bamako (Mali),1219.5,Samedi,sèche,dédouané avant arrivée,54.3,47.7,False,290873
CRI-04948,2025-03-22,Môle 3,Matériaux de construction,2,408,Transporteur E,Dakar (local),21.1,Samedi,sèche,dédouané avant arrivée,75.3,45.5,False,665680
CRI-04949,2025-03-22,Terminal à Conteneurs,Hydrocarbures,1,292,Transporteur B,Dakar (local),19.2,Samedi,sèche,dédouané avant arrivée,57.7,48.8,False,182929
CRI-04950,2025-03-22,Môle 1,Biens de consommation,1,353,Transporteur F,Bamako (Mali),1195.1,Samedi,sèche,dédouanement en cours,82.6,30.8,False,238488
CRI-04951,2025-03-22,Terminal à Conteneurs,Import général,3,379,Transporteur indépendant,Kaédi (Mauritanie),458.8,Samedi,sèche,dédouané avant arrivée,80.6,43.6,False,917620
CRI-04952,2025-03-22,Môle 3,Denrées alimentaires,2,316,Transporteur indépendant,Kaédi (Mauritanie),477.7,Samedi,sèche,dédouanement en cours,62.6,42.8,True,359111
CRI-04953,2025-03-22,Môle 1,Denrées alimentaires,1,379,Transporteur B,Kaolack,190.6,Samedi,sèche,dédouanement en cours,117.3,45.9,False,536544
CRI-04954,2025-03-22,Môle 3,Biens de consommation,3,463,Transporteur B,Thiès,70.7,Samedi,sèche,dédouanement en cours,86.6,83.8,False,1428590
CRI-04955,2025-03-22,Môle 1,Denrées alimentaires,1,355,Transporteur D,Thiès,72.2,Samedi,sèche,dédouané avant arrivée,39.1,45.8,False,61490
CRI-04956,2025-03-22,Môle 1,Denrées alimentaires,1,299,Transporteur B,Tambacounda,454.2,Samedi,sèche,dédouané avant arrivée,57.9,45.0,False,177689
CRI-04957,2025-03-22,Môle 8,Import général,2,382,Transporteur C,Bamako (Mali),1262.8,Samedi,sèche,dédouanement en cours,93.1,28.2,True,633682
CRI-04958,2025-03-22,Môle 1,Équipements industriels,1,375,Transporteur G,Bamako (Mali),1184.5,Samedi,sèche,dédouanement en cours,101.0,27.1,True,313203
CRI-04959,2025-03-22,Terminal à Conteneurs,Import général,1,375,Transporteur G,Dakar (local),19.8,Samedi,sèche,dédouanement en cours,54.5,34.8,False,105778
CRI-04960,2025-03-22,Terminal Roulier,Import général,1,390,Transporteur A,Dakar (local),18.7,Samedi,sèche,dédouané avant arrivée,50.1,40.0,False,109423
CRI-04961,2025-03-22,Terminal à Conteneurs,Matériaux de construction,2,400,Transporteur G,Kaédi (Mauritanie),461.7,Samedi,sèche,dédouané avant arrivée,93.4,31.6,True,662323
CRI-04962,2025-03-22,Môle 8,Import général,1,397,Transporteur G,Kaolack,183.8,Samedi,sèche,dédouané avant arrivée,94.7,36.5,False,364658
CRI-04963,2025-03-22,Terminal à Conteneurs,Import général,1,350,Transporteur D,Bamako (Mali),1298.4,Samedi,sèche,bloqué (litige/documents),184.0,38.2,False,702091
CRI-04964,2025-03-22,Terminal Roulier,Matériaux de construction,1,380,Transporteur indépendant,Dakar (local),19.4,Samedi,sèche,dédouané avant arrivée,103.2,64.3,False,576992
CRI-04965,2025-03-23,Môle 3,Denrées alimentaires,1,278,Transporteur G,Bamako (Mali),1295.3,Dimanche,sèche,dédouané avant arrivée,47.9,27.5,True,19973
CRI-04966,2025-03-23,Terminal à Conteneurs,Hydrocarbures,1,364,Transporteur E,Dakar (local),19.9,Dimanche,sèche,dédouané avant arrivée,53.2,56.7,False,187390
CRI-04967,2025-03-23,Terminal Roulier,Biens de consommation,1,272,Transporteur C,Dakar (local),19.5,Dimanche,sèche,dédouanement en cours,51.4,43.1,False,127073
CRI-04968,2025-03-23,Môle 1,Import général,3,285,Transporteur A,Dakar (local),19.8,Dimanche,sèche,dédouané avant arrivée,23.1,28.9,False,0
CRI-04969,2025-03-23,Terminal à Conteneurs,Biens de consommation,2,248,Transporteur C,Kayes (Mali),998.6,Dimanche,sèche,dédouanement en cours,93.9,21.5,False,429918
CRI-04970,2025-03-23,Terminal à Conteneurs,Import général,1,261,Transporteur G,Bamako (Mali),1255.4,Dimanche,sèche,dédouanement en cours,43.9,30.4,True,11717
CRI-04971,2025-03-23,Terminal Roulier,Matériaux de construction,4,297,Transporteur B,Tambacounda,478.1,Dimanche,sèche,dédouanement en cours,64.9,55.5,False,1187283
CRI-04972,2025-03-23,Terminal à Conteneurs,Matériaux de construction,2,283,Transporteur G,Thiès,70.0,Dimanche,sèche,dédouanement en cours,76.3,26.4,False,282287
CRI-04973,2025-03-23,Môle 3,Import général,2,327,Transporteur B,Tambacounda,451.2,Dimanche,sèche,dédouané avant arrivée,33.3,39.9,False,15449
CRI-04974,2025-03-23,Terminal à Conteneurs,Denrées alimentaires,1,298,Transporteur E,Kayes (Mali),982.4,Dimanche,sèche,dédouanement en cours,62.6,41.1,True,220153
CRI-04975,2025-03-23,Terminal Roulier,Biens de consommation,3,280,Transporteur D,Touba,192.1,Dimanche,sèche,dédouanement en cours,64.1,19.4,False,159161
CRI-04976,2025-03-24,Môle 1,Import général,1,414,Transporteur D,Dakar (local),20.1,Lundi,sèche,dédouanement en cours,117.6,40.5,False,541503
CRI-04977,2025-03-24,Môle 3,Import général,1,507,Transporteur indépendant,Bamako (Mali),1258.8,Lundi,sèche,dédouané avant arrivée,65.5,53.6,True,240253
CRI-04978,2025-03-24,Terminal à Conteneurs,Matériaux de construction,2,338,Transporteur indépendant,Bamako (Mali),1164.4,Lundi,sèche,dédouané avant arrivée,106.5,62.5,True,1130631
CRI-04979,2025-03-24,Terminal à Conteneurs,Import général,1,608,Transporteur G,Bamako (Mali),1214.9,Lundi,sèche,dédouané avant arrivée,103.1,68.7,True,603572
CRI-04980,2025-03-24,Terminal à Conteneurs,Hydrocarbures,3,440,Transporteur B,Thiès,67.9,Lundi,sèche,dédouanement en cours,104.7,32.5,False,1127095
CRI-04981,2025-03-24,Môle 1,Import général,1,447,Transporteur A,Dakar (local),19.6,Lundi,sèche,dédouané avant arrivée,58.3,37.5,False,137669
CRI-04982,2025-03-24,Môle 8,Équipements industriels,1,393,Transporteur G,Kaolack,191.5,Lundi,sèche,dédouanement en cours,72.9,46.0,False,241308
CRI-04983,2025-03-24,Môle 3,Import général,1,477,Transporteur G,Bamako (Mali),1139.1,Lundi,sèche,dédouanement en cours,96.4,43.5,True,411319
CRI-04984,2025-03-24,Môle 1,Import général,1,519,Transporteur E,Dakar (local),21.4,Lundi,sèche,dédouanement en cours,117.9,43.5,False,515661
CRI-04985,2025-03-24,Terminal à Conteneurs,Équipements industriels,1,466,Transporteur indépendant,Kaédi (Mauritanie),463.1,Lundi,sèche,dédouanement en cours,75.2,35.4,True,262106
CRI-04986,2025-03-25,Terminal à Conteneurs,Équipements industriels,2,431,Transporteur F,Kaédi (Mauritanie),450.1,Mardi,sèche,dédouané avant arrivée,53.8,31.0,False,164064
CRI-04987,2025-03-25,Môle 3,Import général,2,517,Transporteur indépendant,Bamako (Mali),1196.2,Mardi,sèche,dédouané avant arrivée,67.6,86.2,True,1108385
CRI-04988,2025-03-25,Môle 1,Import général,2,366,Transporteur E,Bamako (Mali),1258.1,Mardi,sèche,bloqué (litige/documents),81.2,51.4,True,609939
CRI-04989,2025-03-25,Terminal à Conteneurs,Import général,1,493,Transporteur indépendant,Dakar (local),19.9,Mardi,sèche,dédouané avant arrivée,97.1,74.9,False,604006
CRI-04990,2025-03-25,Terminal à Conteneurs,Hydrocarbures,3,440,Transporteur F,Kaédi (Mauritanie),453.0,Mardi,sèche,bloqué (litige/documents),93.9,38.4,True,834728
CRI-04991,2025-03-25,Môle 1,Import général,2,404,Transporteur G,Kaolack,192.8,Mardi,sèche,dédouanement en cours,84.8,31.9,False,474068
CRI-04992,2025-03-25,Môle 8,Denrées alimentaires,1,411,Transporteur indépendant,Bamako (Mali),1176.4,Mardi,sèche,dédouané avant arrivée,68.9,37.6,True,194717
CRI-04993,2025-03-25,Terminal à Conteneurs,Import général,2,439,Transporteur C,Thiès,66.7,Mardi,sèche,dédouané avant arrivée,54.3,49.2,False,392299
CRI-04994,2025-03-25,Môle 8,Denrées alimentaires,1,417,Transporteur E,Touba,185.8,Mardi,sèche,dédouané avant arrivée,41.2,54.0,False,157352
CRI-04995,2025-03-25,Môle 1,Hydrocarbures,1,418,Transporteur F,Dakar (local),20.7,Mardi,sèche,dédouané avant arrivée,94.8,44.3,False,361343
CRI-04996,2025-03-25,Terminal à Conteneurs,Denrées alimentaires,1,435,Transporteur E,Kayes (Mali),927.6,Mardi,sèche,dédouané avant arrivée,44.6,64.3,False,166164
CRI-04997,2025-03-25,Môle 1,Import général,4,466,Transporteur G,Kayes (Mali),976.0,Mardi,sèche,dédouanement en cours,47.5,36.4,True,312031
CRI-04998,2025-03-26,Môle 8,Import général,2,348,Transporteur F,Dakar (local),19.5,Mercredi,sèche,dédouané avant arrivée,49.1,69.4,False,457397
CRI-04999,2025-03-26,Terminal à Conteneurs,Hydrocarbures,1,365,Transporteur A,Kayes (Mali),927.5,Mercredi,sèche,dédouanement en cours,69.5,51.4,False,246383
CRI-05000,2025-03-26,Terminal à Conteneurs,Équipements industriels,2,372,Transporteur D,Kaédi (Mauritanie),472.7,Mercredi,sèche,dédouané avant arrivée,108.8,40.6,False,842021
CRI-05001,2025-03-26,Terminal Roulier,Import général,1,329,Transporteur E,Touba,193.7,Mercredi,sèche,bloqué (litige/documents),66.8,50.0,False,292171
CRI-05002,2025-03-26,Môle 3,Denrées alimentaires,1,448,Transporteur F,Tambacounda,433.0,Mercredi,sèche,dédouanement en cours,171.9,36.7,False,771546
CRI-05003,2025-03-26,Môle 8,Import général,3,331,Transporteur G,Touba,188.5,Mercredi,sèche,dédouané avant arrivée,40.4,23.1,False,0
CRI-05004,2025-03-26,Môle 3,Denrées alimentaires,1,326,Transporteur B,Touba,194.5,Mercredi,sèche,dédouané avant arrivée,85.8,21.1,False,193999
CRI-05005,2025-03-26,Môle 1,Import général,2,401,Transporteur G,Bamako (Mali),1168.5,Mercredi,sèche,dédouané avant arrivée,76.7,78.2,True,814440
CRI-05006,2025-03-26,Môle 8,Hydrocarbures,1,376,Transporteur A,Dakar (local),19.4,Mercredi,sèche,dédouanement en cours,63.3,57.0,False,284039
CRI-05007,2025-03-26,Môle 1,Import général,1,445,Transporteur indépendant,Dakar (local),20.5,Mercredi,sèche,bloqué (litige/documents),162.4,44.5,False,794519
CRI-05008,2025-03-26,Môle 3,Matériaux de construction,2,385,Transporteur G,Thiès,69.8,Mercredi,sèche,dédouané avant arrivée,42.0,45.6,False,197531
CRI-05009,2025-03-27,Môle 3,Matériaux de construction,1,367,Transporteur E,Dakar (local),19.6,Jeudi,sèche,dédouané avant arrivée,75.3,34.6,False,257730
CRI-05010,2025-03-27,Terminal à Conteneurs,Biens de consommation,2,358,Transporteur D,Kaolack,190.6,Jeudi,sèche,dédouanement en cours,92.1,68.2,False,1078560
CRI-05011,2025-03-27,Terminal à Conteneurs,Biens de consommation,1,393,Transporteur G,Dakar (local),20.3,Jeudi,sèche,bloqué (litige/documents),117.8,60.2,False,563063
CRI-05012,2025-03-27,Terminal à Conteneurs,Biens de consommation,4,404,Transporteur A,Dakar (local),20.0,Jeudi,sèche,dédouané avant arrivée,60.1,34.1,False,575666
CRI-05013,2025-03-27,Môle 8,Hydrocarbures,3,384,Transporteur B,Ziguinchor,463.3,Jeudi,sèche,bloqué (litige/documents),91.0,53.2,False,1020125
CRI-05014,2025-03-27,Môle 3,Biens de consommation,1,391,Transporteur F,Thiès,66.8,Jeudi,sèche,dédouanement en cours,53.3,13.2,False,0
CRI-05015,2025-03-27,Môle 3,Import général,1,375,Transporteur C,Kayes (Mali),979.5,Jeudi,sèche,dédouanement en cours,60.1,50.4,True,190581
CRI-05016,2025-03-27,Môle 8,Import général,2,449,Transporteur F,Bamako (Mali),1190.4,Jeudi,sèche,dédouanement en cours,77.0,61.7,True,655226
CRI-05017,2025-03-27,Terminal à Conteneurs,Matériaux de construction,1,421,Transporteur B,Thiès,71.1,Jeudi,sèche,dédouanement en cours,109.3,84.4,False,654577
CRI-05018,2025-03-27,Môle 8,Import général,1,339,Transporteur D,Bamako (Mali),1235.3,Jeudi,sèche,dédouanement en cours,23.5,31.1,True,0
CRI-05019,2025-03-27,Terminal à Conteneurs,Matériaux de construction,4,331,Transporteur F,Ziguinchor,415.0,Jeudi,sèche,dédouané avant arrivée,62.8,40.5,False,715347
CRI-05020,2025-03-27,Môle 8,Biens de consommation,1,476,Transporteur D,Kayes (Mali),973.9,Jeudi,sèche,dédouanement en cours,71.0,66.7,True,354288
CRI-05021,2025-03-27,Môle 1,Denrées alimentaires,2,381,Transporteur D,Dakar (local),18.4,Jeudi,sèche,dédouané avant arrivée,50.6,29.6,False,78268
CRI-05022,2025-03-27,Môle 8,Import général,1,461,Transporteur indépendant,Dakar (local),19.9,Jeudi,sèche,dédouané avant arrivée,61.2,69.7,False,387582
CRI-05023,2025-03-28,Môle 1,Biens de consommation,3,318,Transporteur D,Touba,187.0,Vendredi,sèche,dédouanement en cours,55.1,50.0,False,581983
CRI-05024,2025-03-28,Terminal à Conteneurs,Équipements industriels,2,417,Transporteur E,Kaolack,180.1,Vendredi,sèche,dédouané avant arrivée,71.4,56.8,False,748408
CRI-05025,2025-03-28,Môle 1,Import général,2,372,Transporteur D,Ziguinchor,450.5,Vendredi,sèche,dédouanement en cours,96.9,40.8,False,715835
CRI-05026,2025-03-28,Terminal à Conteneurs,Import général,1,476,Transporteur B,Dakar (local),20.3,Vendredi,sèche,dédouané avant arrivée,63.6,44.7,False,232447
CRI-05027,2025-03-28,Terminal à Conteneurs,Import général,1,390,Transporteur A,Kaolack,194.2,Vendredi,sèche,dédouané avant arrivée,61.1,63.6,False,261895
CRI-05028,2025-03-28,Terminal Roulier,Biens de consommation,1,436,Transporteur E,Kaolack,197.2,Vendredi,sèche,dédouanement en cours,93.5,73.7,False,463592
CRI-05029,2025-03-28,Terminal Roulier,Biens de consommation,2,430,Transporteur D,Dakar (local),20.4,Vendredi,sèche,bloqué (litige/documents),151.3,42.8,False,1395418
CRI-05030,2025-03-28,Terminal à Conteneurs,Import général,1,423,Transporteur C,Tambacounda,449.5,Vendredi,sèche,bloqué (litige/documents),133.6,55.4,False,762164
CRI-05031,2025-03-28,Terminal à Conteneurs,Biens de consommation,3,306,Transporteur G,Bamako (Mali),1232.7,Vendredi,sèche,dédouanement en cours,61.4,43.2,True,567432
CRI-05032,2025-03-28,Terminal à Conteneurs,Matériaux de construction,2,377,Transporteur C,Tambacounda,477.8,Vendredi,sèche,bloqué (litige/documents),188.4,14.7,False,1788146
CRI-05033,2025-03-28,Terminal Roulier,Hydrocarbures,1,385,Transporteur B,Dakar (local),19.9,Vendredi,sèche,dédouanement en cours,97.7,76.7,False,570365
CRI-05034,2025-03-28,Terminal Roulier,Import général,1,406,Transporteur A,Bamako (Mali),1161.3,Vendredi,sèche,dédouanement en cours,89.3,55.7,True,423147
CRI-05035,2025-03-29,Môle 1,Matériaux de construction,1,407,Transporteur C,Touba,193.1,Samedi,sèche,bloqué (litige/documents),83.4,58.3,False,356857
CRI-05036,2025-03-29,Terminal à Conteneurs,Biens de consommation,3,326,Transporteur A,Ziguinchor,452.7,Samedi,sèche,dédouanement en cours,76.7,31.3,False,545393
CRI-05037,2025-03-29,Terminal à Conteneurs,Équipements industriels,1,425,Transporteur C,Kayes (Mali),943.9,Samedi,sèche,dédouanement en cours,71.3,49.5,True,284556
CRI-05038,2025-03-29,Môle 3,Biens de consommation,1,435,Transporteur G,Dakar (local),20.7,Samedi,sèche,bloqué (litige/documents),118.4,68.0,False,711421
CRI-05039,2025-03-29,Terminal Roulier,Hydrocarbures,1,490,Transporteur D,Dakar (local),20.8,Samedi,sèche,bloqué (litige/documents),198.5,32.9,False,909361
CRI-05040,2025-03-29,Terminal à Conteneurs,Import général,1,434,Transporteur B,Dakar (local),20.8,Samedi,sèche,dédouanement en cours,150.0,68.0,False,737415
CRI-05041,2025-03-29,Terminal à Conteneurs,Matériaux de construction,1,442,Transporteur B,Kaolack,190.5,Samedi,sèche,dédouané avant arrivée,67.9,50.2,False,256166
CRI-05042,2025-03-29,Môle 3,Hydrocarbures,1,439,Transporteur G,Tambacounda,484.0,Samedi,sèche,dédouané avant arrivée,81.9,54.7,False,320707
CRI-05043,2025-03-29,Terminal à Conteneurs,Import général,1,408,Transporteur A,Bamako (Mali),1195.7,Samedi,sèche,bloqué (litige/documents),98.2,64.0,False,517959
CRI-05044,2025-03-29,Terminal Roulier,Import général,1,362,Transporteur G,Dakar (local),20.0,Samedi,sèche,dédouanement en cours,88.7,42.7,False,407237
CRI-05045,2025-03-29,Terminal à Conteneurs,Import général,2,471,Transporteur C,Kayes (Mali),979.6,Samedi,sèche,dédouané avant arrivée,67.9,62.6,True,616539
CRI-05046,2025-03-30,Terminal à Conteneurs,Import général,2,304,Transporteur D,Tambacounda,475.2,Dimanche,sèche,dédouané avant arrivée,107.7,32.0,False,770838
CRI-05047,2025-03-30,Terminal à Conteneurs,Denrées alimentaires,2,267,Transporteur A,Dakar (local),20.5,Dimanche,sèche,dédouanement en cours,66.2,23.1,False,217868
CRI-05048,2025-03-30,Terminal Roulier,Import général,1,279,Transporteur D,Bamako (Mali),1207.3,Dimanche,sèche,dédouanement en cours,64.3,33.2,True,166136
CRI-05049,2025-03-30,Terminal à Conteneurs,Hydrocarbures,1,305,Transporteur indépendant,Kaolack,192.5,Dimanche,sèche,dédouané avant arrivée,46.6,22.3,False,0
CRI-05050,2025-03-30,Terminal à Conteneurs,Biens de consommation,3,333,Transporteur F,Thiès,72.4,Dimanche,sèche,dédouané avant arrivée,59.5,30.7,False,376155
CRI-05051,2025-03-30,Terminal à Conteneurs,Import général,1,289,Transporteur D,Bamako (Mali),1191.1,Dimanche,sèche,dédouané avant arrivée,71.2,52.1,True,297710
CRI-05052,2025-03-30,Terminal à Conteneurs,Hydrocarbures,1,294,Transporteur G,Tambacounda,440.1,Dimanche,sèche,dédouané avant arrivée,49.3,41.0,False,88361
CRI-05053,2025-03-30,Môle 8,Import général,1,322,Transporteur B,Kaolack,193.8,Dimanche,sèche,dédouané avant arrivée,38.9,47.5,False,97259
CRI-05054,2025-03-30,Terminal à Conteneurs,Biens de consommation,2,261,Transporteur A,Dakar (local),20.5,Dimanche,sèche,dédouané avant arrivée,47.6,19.7,False,0
CRI-05055,2025-03-30,Môle 8,Import général,1,359,Transporteur B,Kayes (Mali),936.0,Dimanche,sèche,dédouané avant arrivée,64.2,53.0,False,220579
CRI-05056,2025-03-30,Terminal à Conteneurs,Import général,1,279,Transporteur F,Touba,178.0,Dimanche,sèche,dédouanement en cours,70.9,21.3,False,127925
CRI-05057,2025-03-31,Terminal à Conteneurs,Denrées alimentaires,2,354,Transporteur D,Kayes (Mali),958.3,Lundi,sèche,dédouané avant arrivée,36.8,48.1,True,172575
CRI-05058,2025-03-31,Môle 1,Biens de consommation,1,469,Transporteur indépendant,Bamako (Mali),1179.8,Lundi,sèche,dédouanement en cours,118.5,51.6,True,571517
CRI-05059,2025-03-31,Terminal à Conteneurs,Biens de consommation,1,512,Transporteur F,Thiès,65.2,Lundi,sèche,dédouané avant arrivée,110.1,73.5,True,652837
CRI-05060,2025-03-31,Terminal à Conteneurs,Équipements industriels,1,459,Transporteur E,Touba,194.2,Lundi,sèche,dédouanement en cours,74.5,79.8,False,484292
CRI-05061,2025-03-31,Terminal à Conteneurs,Hydrocarbures,1,456,Transporteur indépendant,Bamako (Mali),1162.1,Lundi,sèche,dédouané avant arrivée,54.6,25.4,True,46417
CRI-05062,2025-03-31,Terminal à Conteneurs,Matériaux de construction,1,399,Transporteur C,Dakar (local),18.8,Lundi,sèche,dédouanement en cours,96.6,60.6,False,553167
CRI-05063,2025-03-31,Môle 8,Denrées alimentaires,1,465,Transporteur A,Tambacounda,483.4,Lundi,sèche,dédouané avant arrivée,70.5,108.8,False,493033
CRI-05064,2025-03-31,Terminal Roulier,Import général,1,459,Transporteur F,Bamako (Mali),1198.9,Lundi,sèche,dédouanement en cours,69.9,30.9,True,152119
CRI-05065,2025-03-31,Terminal Roulier,Import général,1,450,Transporteur B,Touba,189.8,Lundi,sèche,dédouané avant arrivée,67.5,47.9,False,244677
CRI-05066,2025-03-31,Môle 1,Matériaux de construction,1,370,Transporteur C,Kayes (Mali),896.1,Lundi,sèche,dédouané avant arrivée,48.8,58.9,False,194674
CRI-05067,2025-03-31,Môle 1,Matériaux de construction,2,494,Transporteur C,Bamako (Mali),1198.5,Lundi,sèche,dédouané avant arrivée,60.7,48.9,True,427417
CRI-05068,2025-03-31,Môle 3,Import général,2,412,Transporteur B,Dakar (local),20.0,Lundi,sèche,dédouanement en cours,122.6,77.1,False,1786703
CRI-05069,2025-03-31,Terminal à Conteneurs,Denrées alimentaires,1,455,Transporteur G,Kaédi (Mauritanie),461.0,Lundi,sèche,dédouané avant arrivée,62.4,34.0,False,128325
CRI-05070,2025-03-31,Terminal à Conteneurs,Import général,1,492,Transporteur F,Touba,188.9,Lundi,sèche,dédouané avant arrivée,94.5,75.5,False,601222
CRI-05071,2025-04-01,Môle 3,Denrées alimentaires,1,510,Transporteur C,Dakar (local),19.7,Mardi,sèche,dédouanement en cours,58.0,51.0,True,190973
CRI-05072,2025-04-01,Terminal à Conteneurs,Import général,2,463,Transporteur F,Kaédi (Mauritanie),482.8,Mardi,sèche,dédouanement en cours,84.2,32.8,False,406245
CRI-05073,2025-04-01,Terminal à Conteneurs,Biens de consommation,1,476,Transporteur D,Kaolack,186.1,Mardi,sèche,dédouané avant arrivée,84.3,42.9,True,268685
CRI-05074,2025-04-01,Môle 1,Denrées alimentaires,2,366,Transporteur D,Dakar (local),21.0,Mardi,sèche,dédouanement en cours,40.3,35.0,False,43253
CRI-05075,2025-04-01,Môle 1,Matériaux de construction,1,408,Transporteur D,Touba,184.6,Mardi,sèche,bloqué (litige/documents),148.5,37.0,False,657809
CRI-05076,2025-04-01,Terminal à Conteneurs,Hydrocarbures,3,432,Transporteur G,Bamako (Mali),1242.7,Mardi,sèche,dédouanement en cours,154.3,53.3,True,2614372
CRI-05077,2025-04-01,Môle 3,Import général,4,549,Transporteur B,Touba,184.6,Mardi,sèche,dédouanement en cours,42.6,98.8,False,1849544
CRI-05078,2025-04-01,Terminal Roulier,Import général,1,334,Transporteur D,Ziguinchor,463.0,Mardi,sèche,dédouanement en cours,61.4,34.5,False,115922
CRI-05079,2025-04-01,Terminal à Conteneurs,Import général,2,433,Transporteur E,Tambacounda,456.6,Mardi,sèche,dédouanement en cours,83.3,74.4,False,989655
CRI-05080,2025-04-01,Môle 1,Biens de consommation,2,445,Transporteur F,Bamako (Mali),1263.7,Mardi,sèche,dédouanement en cours,67.2,59.3,True,728063
CRI-05081,2025-04-01,Terminal à Conteneurs,Import général,2,374,Transporteur indépendant,Kaolack,189.2,Mardi,sèche,dédouané avant arrivée,64.9,49.6,False,587561
CRI-05082,2025-04-02,Terminal Roulier,Biens de consommation,1,294,Transporteur B,Dakar (local),20.3,Mercredi,sèche,bloqué (litige/documents),135.9,36.5,False,681509
CRI-05083,2025-04-02,Môle 3,Hydrocarbures,1,429,Transporteur indépendant,Bamako (Mali),1231.0,Mercredi,sèche,dédouanement en cours,83.3,82.7,True,454803
CRI-05084,2025-04-02,Terminal à Conteneurs,Import général,1,327,Transporteur G,Kayes (Mali),898.7,Mercredi,sèche,dédouanement en cours,61.7,45.1,False,209842
CRI-05085,2025-04-02,Môle 3,Biens de consommation,2,448,Transporteur F,Tambacounda,474.3,Mercredi,sèche,dédouané avant arrivée,65.0,61.5,False,566858
CRI-05086,2025-04-02,Terminal à Conteneurs,Équipements industriels,2,399,Transporteur D,Thiès,66.9,Mercredi,sèche,dédouané avant arrivée,69.9,41.8,False,468011
CRI-05087,2025-04-02,Môle 1,Import général,2,374,Transporteur F,Kaolack,192.2,Mercredi,sèche,bloqué (litige/documents),168.9,86.2,False,2176411
CRI-05088,2025-04-02,Môle 3,Biens de consommation,2,422,Transporteur C,Kayes (Mali),942.0,Mercredi,sèche,dédouané avant arrivée,41.2,34.8,True,46526
CRI-05089,2025-04-02,Terminal à Conteneurs,Import général,2,367,Transporteur B,Dakar (local),19.8,Mercredi,sèche,dédouané avant arrivée,33.9,25.9,False,0
CRI-05090,2025-04-02,Môle 3,Hydrocarbures,3,406,Transporteur A,Dakar (local),20.4,Mercredi,sèche,dédouané avant arrivée,83.6,67.8,False,1173357
CRI-05091,2025-04-02,Terminal à Conteneurs,Import général,1,406,Transporteur A,Touba,185.9,Mercredi,sèche,dédouanement en cours,97.4,31.5,False,369639
CRI-05092,2025-04-02,Môle 8,Matériaux de construction,1,354,Transporteur G,Tambacounda,439.4,Mercredi,sèche,dédouané avant arrivée,51.3,69.8,False,274029
CRI-05093,2025-04-02,Môle 8,Import général,1,351,Transporteur B,Dakar (local),20.0,Mercredi,sèche,dédouanement en cours,70.1,66.2,False,415371
CRI-05094,2025-04-02,Môle 1,Équipements industriels,1,362,Transporteur A,Dakar (local),20.3,Mercredi,sèche,dédouané avant arrivée,38.9,49.5,False,106006
CRI-05095,2025-04-02,Terminal à Conteneurs,Import général,3,369,Transporteur D,Thiès,69.1,Mercredi,sèche,dédouané avant arrivée,61.8,37.6,False,538930
CRI-05096,2025-04-03,Môle 1,Biens de consommation,1,389,Transporteur A,Dakar (local),20.2,Jeudi,sèche,dédouané avant arrivée,42.7,47.2,False,107353
CRI-05097,2025-04-03,Terminal Roulier,Matériaux de construction,1,356,Transporteur F,Bamako (Mali),1230.2,Jeudi,sèche,dédouané avant arrivée,53.6,27.4,True,56568
CRI-05098,2025-04-03,Môle 8,Import général,1,358,Transporteur B,Kaolack,186.6,Jeudi,sèche,dédouanement en cours,127.5,56.1,False,661615
CRI-05099,2025-04-03,Terminal à Conteneurs,Import général,1,371,Transporteur B,Thiès,71.5,Jeudi,sèche,dédouané avant arrivée,64.4,28.9,False,98105
CRI-05100,2025-04-03,Môle 3,Matériaux de construction,1,372,Transporteur F,Touba,184.6,Jeudi,sèche,dédouané avant arrivée,32.7,45.5,False,36088
CRI-05101,2025-04-03,Terminal Roulier,Matériaux de construction,2,344,Transporteur G,Thiès,72.9,Jeudi,sèche,dédouané avant arrivée,53.4,49.2,False,346308
CRI-05102,2025-04-03,Terminal Roulier,Import général,4,500,Transporteur C,Kaolack,196.7,Jeudi,sèche,dédouanement en cours,85.7,58.0,False,1882762
CRI-05103,2025-04-03,Môle 3,Biens de consommation,2,378,Transporteur indépendant,Bamako (Mali),1172.7,Jeudi,sèche,dédouané avant arrivée,51.1,39.8,True,190560
CRI-05104,2025-04-03,Terminal Roulier,Import général,2,328,Transporteur F,Bamako (Mali),1221.1,Jeudi,sèche,dédouané avant arrivée,47.9,38.1,True,161214
CRI-05105,2025-04-03,Terminal à Conteneurs,Import général,1,397,Transporteur indépendant,Dakar (local),19.5,Jeudi,sèche,dédouanement en cours,64.2,77.5,False,344440
CRI-05106,2025-04-03,Terminal Roulier,Matériaux de construction,3,350,Transporteur D,Tambacounda,452.6,Jeudi,sèche,dédouané avant arrivée,34.3,31.3,False,0
CRI-05107,2025-04-04,Môle 1,Import général,2,370,Transporteur D,Tambacounda,459.2,Vendredi,sèche,dédouanement en cours,96.2,53.8,False,765764
CRI-05108,2025-04-04,Terminal à Conteneurs,Biens de consommation,2,344,Transporteur indépendant,Kaolack,191.2,Vendredi,sèche,dédouané avant arrivée,39.8,55.2,False,254307
CRI-05109,2025-04-04,Môle 8,Import général,1,279,Transporteur A,Touba,188.0,Vendredi,sèche,dédouané avant arrivée,52.3,31.0,False,52467
CRI-05110,2025-04-04,Terminal à Conteneurs,Import général,2,393,Transporteur C,Dakar (local),20.3,Vendredi,sèche,dédouané avant arrivée,125.6,78.1,False,1835233
CRI-05111,2025-04-04,Terminal Roulier,Import général,4,459,Transporteur B,Ziguinchor,438.9,Vendredi,sèche,dédouanement en cours,84.8,99.0,False,2987802
CRI-05112,2025-04-04,Môle 3,Hydrocarbures,1,439,Transporteur B,Dakar (local),20.8,Vendredi,sèche,dédouanement en cours,74.8,85.2,False,559255
CRI-05113,2025-04-04,Môle 3,Hydrocarbures,1,441,Transporteur E,Kaolack,200.2,Vendredi,sèche,dédouané avant arrivée,73.3,38.9,False,261267
CRI-05114,2025-04-04,Môle 8,Import général,1,341,Transporteur E,Tambacounda,462.9,Vendredi,sèche,dédouanement en cours,69.1,36.6,False,219380
CRI-05115,2025-04-04,Môle 1,Import général,2,341,Transporteur D,Thiès,70.6,Vendredi,sèche,dédouané avant arrivée,41.7,23.4,False,0
CRI-05116,2025-04-04,Terminal à Conteneurs,Import général,1,393,Transporteur B,Kaédi (Mauritanie),456.9,Vendredi,sèche,dédouanement en cours,138.9,46.1,False,648030
CRI-05117,2025-04-04,Terminal à Conteneurs,Denrées alimentaires,3,333,Transporteur B,Dakar (local),20.0,Vendredi,sèche,bloqué (litige/documents),100.4,51.1,False,1623591
CRI-05118,2025-04-04,Terminal à Conteneurs,Import général,1,366,Transporteur F,Dakar (local),20.3,Vendredi,sèche,dédouané avant arrivée,58.6,53.8,False,246234
CRI-05119,2025-04-04,Terminal Roulier,Matériaux de construction,4,402,Transporteur D,Bamako (Mali),1285.6,Vendredi,sèche,dédouané avant arrivée,43.4,52.3,True,521184
CRI-05120,2025-04-04,Môle 1,Équipements industriels,1,330,Transporteur D,Bamako (Mali),1211.3,Vendredi,sèche,dédouané avant arrivée,39.9,34.5,True,11656
CRI-05121,2025-04-04,Môle 1,Matériaux de construction,1,333,Transporteur G,Bamako (Mali),1302.7,Vendredi,sèche,dédouané avant arrivée,69.4,29.7,True,123492
CRI-05122,2025-04-04,Terminal à Conteneurs,Biens de consommation,1,362,Transporteur E,Tambacounda,470.6,Vendredi,sèche,dédouanement en cours,89.0,58.3,True,481110
CRI-05123,2025-04-04,Terminal Roulier,Import général,2,458,Transporteur B,Bamako (Mali),1196.9,Vendredi,sèche,dédouanement en cours,115.6,62.5,True,1080253
CRI-05124,2025-04-04,Terminal à Conteneurs,Denrées alimentaires,2,327,Transporteur G,Bamako (Mali),1196.7,Vendredi,sèche,bloqué (litige/documents),142.5,48.0,False,1621805
CRI-05125,2025-04-04,Terminal Roulier,Hydrocarbures,3,351,Transporteur indépendant,Dakar (local),19.6,Vendredi,sèche,dédouanement en cours,44.4,32.3,False,96217
CRI-05126,2025-04-05,Terminal Roulier,Matériaux de construction,2,414,Transporteur A,Thiès,72.4,Samedi,sèche,dédouanement en cours,151.3,21.0,False,907422
CRI-05127,2025-04-05,Môle 3,Équipements industriels,1,425,Transporteur indépendant,Bamako (Mali),1194.5,Samedi,sèche,dédouané avant arrivée,55.7,60.0,True,305808
CRI-05128,2025-04-05,Terminal Roulier,Hydrocarbures,1,340,Transporteur D,Kaédi (Mauritanie),479.7,Samedi,sèche,dédouané avant arrivée,106.8,39.7,False,444336
CRI-05129,2025-04-05,Terminal à Conteneurs,Import général,2,336,Transporteur C,Bamako (Mali),1240.4,Samedi,sèche,dédouanement en cours,79.1,27.9,True,468400
CRI-05130,2025-04-05,Terminal à Conteneurs,Biens de consommation,2,321,Transporteur F,Thiès,71.8,Samedi,sèche,dédouané avant arrivée,54.1,62.2,False,448430
CRI-05131,2025-04-05,Terminal à Conteneurs,Import général,1,383,Transporteur A,Bamako (Mali),1241.7,Samedi,sèche,dédouané avant arrivée,37.6,53.1,False,103030
CRI-05132,2025-04-05,Môle 8,Hydrocarbures,1,412,Transporteur E,Bamako (Mali),1199.1,Samedi,sèche,bloqué (litige/documents),58.7,33.3,True,115330
CRI-05133,2025-04-05,Môle 8,Matériaux de construction,2,400,Transporteur C,Bamako (Mali),1232.8,Samedi,sèche,dédouané avant arrivée,82.7,55.6,True,669921
CRI-05134,2025-04-05,Terminal à Conteneurs,Équipements industriels,1,359,Transporteur A,Dakar (local),19.3,Samedi,sèche,dédouanement en cours,69.7,37.8,False,224348
CRI-05135,2025-04-05,Terminal à Conteneurs,Biens de consommation,2,427,Transporteur C,Kayes (Mali),920.8,Samedi,sèche,dédouané avant arrivée,92.6,60.2,False,916531
CRI-05136,2025-04-05,Terminal à Conteneurs,Hydrocarbures,3,416,Transporteur indépendant,Ziguinchor,459.1,Samedi,sèche,dédouanement en cours,57.0,47.7,True,575111
CRI-05137,2025-04-05,Terminal Roulier,Import général,2,476,Transporteur E,Kayes (Mali),924.1,Samedi,sèche,dédouanement en cours,75.5,73.9,True,849309
CRI-05138,2025-04-06,Môle 1,Import général,1,289,Transporteur indépendant,Kaolack,189.2,Dimanche,sèche,dédouanement en cours,46.1,45.0,False,107973
CRI-05139,2025-04-06,Môle 1,Matériaux de construction,1,283,Transporteur E,Thiès,66.4,Dimanche,sèche,dédouanement en cours,82.2,27.7,False,191522
CRI-05140,2025-04-06,Môle 3,Matériaux de construction,1,269,Transporteur F,Kaédi (Mauritanie),476.4,Dimanche,sèche,dédouané avant arrivée,56.5,16.5,False,4932
CRI-05141,2025-04-06,Terminal Roulier,Import général,2,301,Transporteur D,Tambacounda,459.3,Dimanche,sèche,dédouané avant arrivée,50.9,29.4,False,74614
CRI-05142,2025-04-06,Terminal à Conteneurs,Hydrocarbures,2,305,Transporteur A,Ziguinchor,429.8,Dimanche,sèche,dédouanement en cours,50.6,25.6,False,50315
CRI-05143,2025-04-06,Terminal à Conteneurs,Import général,2,262,Transporteur D,Tambacounda,466.3,Dimanche,sèche,dédouanement en cours,90.5,37.3,False,566363
CRI-05144,2025-04-06,Terminal à Conteneurs,Matériaux de construction,1,298,Transporteur A,Ziguinchor,447.6,Dimanche,sèche,dédouané avant arrivée,53.4,45.7,False,149178
CRI-05145,2025-04-06,Môle 3,Matériaux de construction,1,261,Transporteur G,Bamako (Mali),1225.4,Dimanche,sèche,dédouané avant arrivée,40.6,35.8,True,30259
CRI-05146,2025-04-06,Môle 1,Import général,1,317,Transporteur B,Ziguinchor,442.7,Dimanche,sèche,dédouanement en cours,71.0,70.4,False,434476
CRI-05147,2025-04-06,Terminal Roulier,Import général,2,258,Transporteur F,Ziguinchor,457.2,Dimanche,sèche,dédouanement en cours,130.9,16.8,False,867203
CRI-05148,2025-04-06,Môle 1,Équipements industriels,2,286,Transporteur indépendant,Touba,188.8,Dimanche,sèche,dédouané avant arrivée,62.3,34.3,False,314991
CRI-05149,2025-04-06,Terminal Roulier,Matériaux de construction,3,271,Transporteur B,Dakar (local),19.5,Dimanche,sèche,dédouané avant arrivée,49.4,42.7,False,330706
CRI-05150,2025-04-06,Terminal à Conteneurs,Biens de consommation,1,283,Transporteur indépendant,Kayes (Mali),960.3,Dimanche,sèche,dédouanement en cours,46.8,26.5,True,6212
CRI-05151,2025-04-06,Môle 3,Import général,2,276,Transporteur indépendant,Tambacounda,447.4,Dimanche,sèche,dédouanement en cours,54.1,19.6,False,18275
CRI-05152,2025-04-07,Terminal Roulier,Import général,2,436,Transporteur F,Kayes (Mali),991.1,Lundi,sèche,dédouané avant arrivée,92.7,78.6,True,1343765
CRI-05153,2025-04-07,Môle 1,Biens de consommation,1,516,Transporteur C,Ziguinchor,442.0,Lundi,sèche,dédouané avant arrivée,92.8,76.5,True,614832
CRI-05154,2025-04-07,Terminal à Conteneurs,Import général,2,430,Transporteur E,Thiès,70.4,Lundi,sèche,dédouanement en cours,91.3,21.3,False,516970
CRI-05155,2025-04-07,Môle 1,Hydrocarbures,1,458,Transporteur G,Touba,184.3,Lundi,sèche,dédouané avant arrivée,143.7,56.5,False,690660
CRI-05156,2025-04-07,Terminal Roulier,Denrées alimentaires,1,425,Transporteur G,Kaolack,190.9,Lundi,sèche,bloqué (litige/documents),159.3,50.5,False,924090
CRI-05157,2025-04-07,Terminal Roulier,Équipements industriels,1,368,Transporteur indépendant,Tambacounda,464.0,Lundi,sèche,dédouanement en cours,75.1,71.2,True,335185
CRI-05158,2025-04-07,Terminal à Conteneurs,Import général,1,459,Transporteur C,Kaolack,192.0,Lundi,sèche,dédouané avant arrivée,61.4,61.8,True,262239
CRI-05159,2025-04-07,Môle 3,Import général,2,487,Transporteur B,Kayes (Mali),945.7,Lundi,sèche,dédouané avant arrivée,141.4,122.7,True,1819329
CRI-05160,2025-04-07,Terminal Roulier,Matériaux de construction,2,398,Transporteur E,Touba,182.4,Lundi,sèche,bloqué (litige/documents),132.7,51.7,False,1508669
CRI-05161,2025-04-08,Môle 1,Denrées alimentaires,2,523,Transporteur indépendant,Dakar (local),20.5,Mardi,sèche,dédouanement en cours,71.2,58.7,True,533919
CRI-05162,2025-04-08,Terminal à Conteneurs,Import général,1,486,Transporteur D,Tambacounda,478.6,Mardi,sèche,bloqué (litige/documents),169.6,83.5,False,1190956
CRI-05163,2025-04-08,Terminal à Conteneurs,Matériaux de construction,2,463,Transporteur E,Kaolack,190.4,Mardi,sèche,dédouanement en cours,143.7,45.4,False,1264918
CRI-05164,2025-04-08,Terminal à Conteneurs,Denrées alimentaires,1,588,Transporteur indépendant,Touba,185.1,Mardi,sèche,dédouané avant arrivée,85.8,129.0,True,956892
CRI-05165,2025-04-08,Terminal à Conteneurs,Matériaux de construction,1,433,Transporteur G,Bamako (Mali),1210.6,Mardi,sèche,dédouanement en cours,76.9,77.8,True,379273
CRI-05166,2025-04-08,Môle 8,Import général,2,458,Transporteur A,Bamako (Mali),1238.2,Mardi,sèche,dédouanement en cours,94.3,56.9,True,1023355
CRI-05167,2025-04-08,Terminal à Conteneurs,Import général,1,497,Transporteur D,Tambacounda,498.6,Mardi,sèche,dédouanement en cours,145.3,36.3,True,584589
CRI-05168,2025-04-08,Terminal à Conteneurs,Matériaux de construction,3,467,Transporteur A,Dakar (local),20.2,Mardi,sèche,dédouané avant arrivée,38.3,28.1,False,0
CRI-05169,2025-04-08,Terminal à Conteneurs,Équipements industriels,4,481,Transporteur B,Thiès,69.1,Mardi,sèche,dédouanement en cours,81.0,61.2,False,1328974
CRI-05170,2025-04-08,Môle 3,Denrées alimentaires,1,479,Transporteur B,Thiès,68.6,Mardi,sèche,dédouané avant arrivée,55.6,59.8,False,264146
CRI-05171,2025-04-09,Môle 3,Import général,2,461,Transporteur C,Touba,190.6,Mercredi,sèche,bloqué (litige/documents),121.5,68.9,False,1539244
CRI-05172,2025-04-09,Terminal Roulier,Denrées alimentaires,2,493,Transporteur E,Tambacounda,460.9,Mercredi,sèche,dédouanement en cours,82.8,67.0,True,881523
CRI-05173,2025-04-09,Terminal à Conteneurs,Import général,1,423,Transporteur C,Dakar (local),20.1,Mercredi,sèche,bloqué (litige/documents),71.9,54.9,False,261131
CRI-05174,2025-04-09,Môle 1,Import général,4,348,Transporteur B,Bamako (Mali),1319.4,Mercredi,sèche,bloqué (litige/documents),146.0,69.3,False,2720730
CRI-05175,2025-04-09,Terminal à Conteneurs,Import général,2,444,Transporteur B,Touba,191.7,Mercredi,sèche,bloqué (litige/documents),154.1,26.0,False,1432276
CRI-05176,2025-04-09,Terminal à Conteneurs,Biens de consommation,2,415,Transporteur D,Dakar (local),20.1,Mercredi,sèche,dédouanement en cours,31.9,19.6,False,0
CRI-05177,2025-04-09,Terminal à Conteneurs,Denrées alimentaires,3,274,Transporteur indépendant,Dakar (local),20.2,Mercredi,sèche,dédouané avant arrivée,90.2,48.5,False,1049637
CRI-05178,2025-04-09,Môle 3,Import général,1,372,Transporteur E,Dakar (local),19.3,Mercredi,sèche,bloqué (litige/documents),125.0,60.9,False,684803
CRI-05179,2025-04-09,Terminal à Conteneurs,Denrées alimentaires,2,351,Transporteur A,Touba,178.4,Mercredi,sèche,dédouanement en cours,136.4,31.5,False,1086256
CRI-05180,2025-04-09,Môle 3,Import général,2,435,Transporteur B,Touba,184.9,Mercredi,sèche,dédouané avant arrivée,83.5,38.6,False,484950
CRI-05181,2025-04-09,Môle 1,Matériaux de construction,4,382,Transporteur A,Tambacounda,471.3,Mercredi,sèche,dédouanement en cours,84.4,30.2,False,1063221
CRI-05182,2025-04-09,Terminal à Conteneurs,Matériaux de construction,1,327,Transporteur C,Bamako (Mali),1207.8,Mercredi,sèche,bloqué (litige/documents),47.0,30.3,False,28071
CRI-05183,2025-04-09,Môle 3,Import général,1,362,Transporteur D,Dakar (local),19.9,Mercredi,sèche,dédouané avant arrivée,62.2,27.9,False,120679
CRI-05184,2025-04-09,Terminal à Conteneurs,Denrées alimentaires,1,387,Transporteur D,Bamako (Mali),1209.2,Mercredi,sèche,dédouané avant arrivée,92.9,66.2,True,406890
CRI-05185,2025-04-09,Môle 1,Denrées alimentaires,1,353,Transporteur G,Dakar (local),19.7,Mercredi,sèche,dédouané avant arrivée,38.0,36.8,False,14501
CRI-05186,2025-04-09,Môle 3,Matériaux de construction,1,397,Transporteur E,Dakar (local),20.7,Mercredi,sèche,dédouané avant arrivée,28.2,81.3,False,200419
CRI-05187,2025-04-09,Terminal à Conteneurs,Matériaux de construction,2,381,Transporteur E,Tambacounda,472.7,Mercredi,sèche,dédouané avant arrivée,62.4,46.1,False,395121
CRI-05188,2025-04-09,Môle 1,Matériaux de construction,1,375,Transporteur A,Bamako (Mali),1208.9,Mercredi,sèche,bloqué (litige/documents),105.8,59.1,True,624899
CRI-05189,2025-04-10,Terminal Roulier,Matériaux de construction,1,392,Transporteur F,Bamako (Mali),1196.8,Jeudi,sèche,dédouané avant arrivée,96.9,62.7,True,428110
CRI-05190,2025-04-10,Môle 1,Denrées alimentaires,2,481,Transporteur A,Dakar (local),19.9,Jeudi,sèche,dédouanement en cours,81.6,61.8,False,823085
CRI-05191,2025-04-10,Môle 8,Biens de consommation,1,325,Transporteur C,Kaolack,197.2,Jeudi,sèche,dédouanement en cours,77.3,21.3,False,161488
CRI-05192,2025-04-10,Terminal à Conteneurs,Denrées alimentaires,4,493,Transporteur A,Dakar (local),20.3,Jeudi,sèche,dédouané avant arrivée,66.9,47.0,False,838071
CRI-05193,2025-04-10,Môle 3,Denrées alimentaires,1,421,Transporteur F,Bamako (Mali),1299.3,Jeudi,sèche,dédouané avant arrivée,79.9,31.6,True,253151
CRI-05194,2025-04-10,Terminal à Conteneurs,Hydrocarbures,1,400,Transporteur D,Dakar (local),20.3,Jeudi,sèche,dédouané avant arrivée,58.8,21.0,False,38264
CRI-05195,2025-04-10,Terminal Roulier,Biens de consommation,1,315,Transporteur B,Tambacounda,462.9,Jeudi,sèche,bloqué (litige/documents),58.3,29.8,False,95079
CRI-05196,2025-04-10,Terminal à Conteneurs,Import général,2,388,Transporteur D,Bamako (Mali),1208.3,Jeudi,sèche,bloqué (litige/documents),133.2,38.1,False,1275550
CRI-05197,2025-04-11,Terminal Roulier,Import général,2,329,Transporteur B,Touba,186.3,Vendredi,sèche,dédouané avant arrivée,68.8,53.9,False,561621
CRI-05198,2025-04-11,Terminal Roulier,Import général,1,419,Transporteur F,Bamako (Mali),1188.8,Vendredi,sèche,dédouané avant arrivée,89.3,51.4,True,367816
CRI-05199,2025-04-11,Môle 1,Équipements industriels,4,337,Transporteur F,Bamako (Mali),1222.2,Vendredi,sèche,dédouané avant arrivée,48.2,21.9,True,0
CRI-05200,2025-04-11,Terminal à Conteneurs,Import général,2,467,Transporteur indépendant,Kayes (Mali),953.8,Vendredi,sèche,dédouanement en cours,83.5,44.4,True,533300
CRI-05201,2025-04-11,Môle 8,Import général,4,306,Transporteur C,Touba,176.2,Vendredi,sèche,dédouané avant arrivée,68.7,33.3,False,716923
CRI-05202,2025-04-11,Môle 8,Import général,3,443,Transporteur D,Kaédi (Mauritanie),478.9,Vendredi,sèche,bloqué (litige/documents),173.2,63.0,False,2637725
CRI-05203,2025-04-11,Terminal à Conteneurs,Denrées alimentaires,1,491,Transporteur indépendant,Bamako (Mali),1225.3,Vendredi,sèche,dédouané avant arrivée,93.6,49.3,True,322733
CRI-05204,2025-04-11,Terminal Roulier,Import général,1,428,Transporteur F,Tambacounda,478.3,Vendredi,sèche,dédouanement en cours,103.9,42.7,False,358179
CRI-05205,2025-04-11,Môle 1,Import général,1,423,Transporteur C,Kayes (Mali),996.8,Vendredi,sèche,dédouané avant arrivée,57.8,37.4,True,109970
CRI-05206,2025-04-11,Terminal à Conteneurs,Denrées alimentaires,1,294,Transporteur E,Kayes (Mali),962.3,Vendredi,sèche,dédouané avant arrivée,48.0,21.1,False,0
CRI-05207,2025-04-11,Môle 3,Équipements industriels,1,437,Transporteur F,Dakar (local),20.3,Vendredi,sèche,dédouanement en cours,76.4,72.8,False,373608
CRI-05208,2025-04-12,Môle 1,Matériaux de construction,1,355,Transporteur E,Tambacounda,454.4,Samedi,sèche,dédouanement en cours,95.8,26.9,True,238641
CRI-05209,2025-04-12,Môle 8,Denrées alimentaires,2,352,Transporteur B,Thiès,67.2,Samedi,sèche,dédouané avant arrivée,53.5,61.7,False,470474
CRI-05210,2025-04-12,Môle 1,Matériaux de construction,1,386,Transporteur G,Bamako (Mali),1236.8,Samedi,sèche,bloqué (litige/documents),71.3,35.7,False,191135
CRI-05211,2025-04-12,Terminal Roulier,Import général,1,374,Transporteur A,Bamako (Mali),1251.0,Samedi,sèche,bloqué (litige/documents),81.4,38.1,False,239829
CRI-05212,2025-04-12,Terminal à Conteneurs,Denrées alimentaires,2,431,Transporteur F,Kayes (Mali),967.8,Samedi,sèche,dédouané avant arrivée,68.6,19.8,True,155370
CRI-05213,2025-04-12,Môle 3,Biens de consommation,1,346,Transporteur B,Bamako (Mali),1225.5,Samedi,sèche,dédouané avant arrivée,68.6,33.9,False,189140
CRI-05214,2025-04-12,Môle 3,Hydrocarbures,2,401,Transporteur E,Touba,190.1,Samedi,sèche,dédouané avant arrivée,48.5,53.6,False,418598
CRI-05215,2025-04-13,Terminal Roulier,Biens de consommation,1,261,Transporteur C,Thiès,72.3,Dimanche,sèche,bloqué (litige/documents),85.1,29.6,False,265859
CRI-05216,2025-04-13,Terminal à Conteneurs,Denrées alimentaires,2,314,Transporteur C,Dakar (local),20.1,Dimanche,sèche,dédouanement en cours,75.2,50.2,False,545431
CRI-05217,2025-04-13,Môle 3,Biens de consommation,1,288,Transporteur C,Kaolack,195.3,Dimanche,sèche,dédouané avant arrivée,60.9,25.8,False,71281
CRI-05218,2025-04-13,Terminal Roulier,Biens de consommation,1,326,Transporteur A,Thiès,65.1,Dimanche,sèche,dédouané avant arrivée,67.2,37.1,False,219287
CRI-05219,2025-04-13,Môle 8,Matériaux de construction,1,261,Transporteur F,Ziguinchor,437.9,Dimanche,sèche,bloqué (litige/documents),176.5,44.4,False,728852
CRI-05220,2025-04-13,Terminal Roulier,Denrées alimentaires,2,304,Transporteur C,Ziguinchor,452.8,Dimanche,sèche,dédouanement en cours,58.6,36.4,False,244147
CRI-05221,2025-04-13,Môle 1,Biens de consommation,3,217,Transporteur G,Dakar (local),18.9,Dimanche,sèche,dédouanement en cours,60.7,28.5,False,349862
CRI-05222,2025-04-13,Terminal à Conteneurs,Import général,1,345,Transporteur C,Kaédi (Mauritanie),467.8,Dimanche,sèche,dédouanement en cours,46.7,62.3,False,196037
CRI-05223,2025-04-13,Terminal Roulier,Biens de consommation,2,270,Transporteur C,Bamako (Mali),1227.6,Dimanche,sèche,dédouanement en cours,47.0,34.4,True,107233
CRI-05224,2025-04-13,Terminal Roulier,Équipements industriels,2,302,Transporteur D,Touba,193.9,Dimanche,sèche,dédouanement en cours,76.5,34.7,False,367641
CRI-05225,2025-04-13,Môle 8,Équipements industriels,1,346,Transporteur F,Kayes (Mali),927.3,Dimanche,sèche,dédouané avant arrivée,46.4,67.8,False,215772
CRI-05226,2025-04-14,Môle 1,Denrées alimentaires,2,364,Transporteur B,Dakar (local),20.4,Lundi,sèche,bloqué (litige/documents),96.7,58.5,False,756221
CRI-05227,2025-04-14,Terminal Roulier,Import général,4,466,Transporteur indépendant,Kaolack,185.4,Lundi,sèche,dédouanement en cours,155.8,71.2,False,3700000
CRI-05228,2025-04-14,Môle 8,Matériaux de construction,1,420,Transporteur B,Kayes (Mali),949.2,Lundi,sèche,bloqué (litige/documents),82.1,56.3,False,330597
CRI-05229,2025-04-14,Môle 1,Matériaux de construction,1,455,Transporteur indépendant,Kayes (Mali),973.6,Lundi,sèche,dédouané avant arrivée,65.2,28.4,False,116533
CRI-05230,2025-04-14,Terminal Roulier,Hydrocarbures,1,391,Transporteur F,Bamako (Mali),1270.6,Lundi,sèche,dédouané avant arrivée,42.8,81.1,True,303402
CRI-05231,2025-04-15,Terminal à Conteneurs,Denrées alimentaires,1,376,Transporteur E,Kaédi (Mauritanie),471.1,Mardi,sèche,dédouané avant arrivée,87.2,31.3,False,296772
CRI-05232,2025-04-15,Môle 8,Hydrocarbures,1,536,Transporteur C,Kayes (Mali),976.5,Mardi,sèche,dédouané avant arrivée,99.2,57.8,True,498964
CRI-05233,2025-04-15,Terminal Roulier,Matériaux de construction,1,505,Transporteur D,Dakar (local),20.5,Mardi,sèche,dédouané avant arrivée,101.9,77.4,False,516033
CRI-05234,2025-04-15,Môle 1,Matériaux de construction,3,416,Transporteur G,Thiès,68.5,Mardi,sèche,dédouané avant arrivée,91.1,24.8,False,707354
CRI-05235,2025-04-15,Môle 1,Import général,1,512,Transporteur F,Kaolack,178.8,Mardi,sèche,dédouanement en cours,160.2,91.6,False,901735
CRI-05236,2025-04-15,Terminal à Conteneurs,Denrées alimentaires,1,507,Transporteur D,Kayes (Mali),910.7,Mardi,sèche,dédouanement en cours,81.1,72.9,True,374805
CRI-05237,2025-04-15,Môle 8,Denrées alimentaires,1,530,Transporteur E,Tambacounda,458.1,Mardi,sèche,dédouané avant arrivée,70.8,111.5,True,702100
CRI-05238,2025-04-15,Terminal Roulier,Hydrocarbures,1,465,Transporteur indépendant,Dakar (local),19.8,Mardi,sèche,dédouanement en cours,83.9,68.0,False,481411
CRI-05239,2025-04-16,Môle 1,Import général,1,418,Transporteur C,Dakar (local),18.9,Mercredi,sèche,bloqué (litige/documents),126.4,46.5,False,459334
CRI-05240,2025-04-16,Terminal à Conteneurs,Matériaux de construction,2,346,Transporteur indépendant,Touba,189.5,Mercredi,sèche,bloqué (litige/documents),132.1,66.7,False,1598139
CRI-05241,2025-04-16,Môle 8,Matériaux de construction,2,395,Transporteur G,Kaolack,185.7,Mercredi,sèche,dédouanement en cours,89.2,31.9,False,639052
CRI-05242,2025-04-16,Terminal à Conteneurs,Import général,1,367,Transporteur A,Thiès,69.3,Mercredi,sèche,dédouanement en cours,43.2,51.3,False,110727
CRI-05243,2025-04-16,Môle 3,Biens de consommation,2,414,Transporteur F,Ziguinchor,430.5,Mercredi,sèche,dédouanement en cours,55.5,66.6,False,578770
CRI-05244,2025-04-16,Môle 1,Import général,1,359,Transporteur B,Tambacounda,466.6,Mercredi,sèche,dédouanement en cours,71.2,45.5,False,250939
CRI-05245,2025-04-16,Terminal à Conteneurs,Équipements industriels,2,453,Transporteur B,Kayes (Mali),935.0,Mercredi,sèche,dédouanement en cours,115.1,69.8,True,1438481
CRI-05246,2025-04-16,Môle 1,Import général,1,381,Transporteur indépendant,Dakar (local),19.7,Mercredi,sèche,dédouané avant arrivée,45.9,68.4,False,244985
CRI-05247,2025-04-16,Terminal à Conteneurs,Matériaux de construction,2,307,Transporteur C,Bamako (Mali),1201.8,Mercredi,sèche,dédouanement en cours,76.8,35.9,False,511801
CRI-05248,2025-04-16,Terminal Roulier,Denrées alimentaires,1,465,Transporteur B,Dakar (local),19.6,Mercredi,sèche,bloqué (litige/documents),106.4,33.0,False,376667
CRI-05249,2025-04-16,Môle 3,Denrées alimentaires,1,365,Transporteur indépendant,Kaolack,180.3,Mercredi,sèche,dédouané avant arrivée,50.0,59.8,False,208866
CRI-05250,2025-04-16,Terminal à Conteneurs,Hydrocarbures,2,415,Transporteur B,Kayes (Mali),1001.9,Mercredi,sèche,dédouanement en cours,77.6,53.5,True,589966
CRI-05251,2025-04-16,Terminal à Conteneurs,Import général,1,454,Transporteur E,Dakar (local),20.2,Mercredi,sèche,dédouané avant arrivée,58.0,48.1,False,207819
CRI-05252,2025-04-17,Terminal Roulier,Denrées alimentaires,1,349,Transporteur E,Thiès,72.2,Jeudi,sèche,dédouané avant arrivée,88.2,31.4,False,267332
CRI-05253,2025-04-17,Môle 1,Biens de consommation,1,428,Transporteur C,Bamako (Mali),1189.7,Jeudi,sèche,dédouanement en cours,90.0,48.8,True,382071
CRI-05254,2025-04-17,Môle 8,Import général,4,359,Transporteur F,Kayes (Mali),950.8,Jeudi,sèche,dédouanement en cours,65.6,47.3,False,926054
CRI-05255,2025-04-17,Môle 3,Matériaux de construction,2,366,Transporteur D,Bamako (Mali),1190.7,Jeudi,sèche,dédouanement en cours,97.0,79.4,True,1233368
CRI-05256,2025-04-17,Môle 8,Denrées alimentaires,4,340,Transporteur G,Kayes (Mali),964.9,Jeudi,sèche,dédouané avant arrivée,61.0,46.7,True,953488
CRI-05257,2025-04-17,Môle 8,Import général,3,374,Transporteur indépendant,Bamako (Mali),1232.2,Jeudi,sèche,dédouané avant arrivée,73.8,79.6,True,1424609
CRI-05258,2025-04-17,Terminal à Conteneurs,Import général,1,400,Transporteur indépendant,Bamako (Mali),1220.7,Jeudi,sèche,dédouanement en cours,79.4,52.1,True,411075
CRI-05259,2025-04-17,Terminal à Conteneurs,Denrées alimentaires,2,338,Transporteur C,Touba,188.3,Jeudi,sèche,dédouanement en cours,70.4,16.9,False,144357
CRI-05260,2025-04-17,Terminal à Conteneurs,Biens de consommation,2,383,Transporteur F,Tambacounda,448.1,Jeudi,sèche,dédouané avant arrivée,72.5,59.2,False,595801
CRI-05261,2025-04-17,Terminal à Conteneurs,Import général,2,304,Transporteur A,Dakar (local),19.2,Jeudi,sèche,bloqué (litige/documents),138.0,36.1,False,1326074
CRI-05262,2025-04-17,Terminal Roulier,Biens de consommation,2,410,Transporteur E,Touba,183.9,Jeudi,sèche,bloqué (litige/documents),123.6,54.4,False,1184857
CRI-05263,2025-04-17,Terminal à Conteneurs,Denrées alimentaires,1,313,Transporteur E,Thiès,70.0,Jeudi,sèche,dédouané avant arrivée,47.1,21.7,False,0
CRI-05264,2025-04-17,Môle 1,Équipements industriels,2,406,Transporteur B,Tambacounda,484.0,Jeudi,sèche,dédouanement en cours,43.4,50.0,False,198098
CRI-05265,2025-04-17,Môle 8,Biens de consommation,1,434,Transporteur E,Dakar (local),20.0,Jeudi,sèche,bloqué (litige/documents),63.2,40.0,False,192516
CRI-05266,2025-04-18,Terminal Roulier,Import général,2,420,Transporteur indépendant,Ziguinchor,431.3,Vendredi,sèche,dédouané avant arrivée,44.8,40.3,True,147019
CRI-05267,2025-04-18,Terminal à Conteneurs,Import général,4,433,Transporteur D,Bamako (Mali),1244.4,Vendredi,sèche,dédouanement en cours,100.5,40.9,True,1629892
CRI-05268,2025-04-18,Môle 1,Matériaux de construction,1,477,Transporteur C,Dakar (local),19.1,Vendredi,sèche,dédouanement en cours,54.6,52.1,False,199765
CRI-05269,2025-04-18,Môle 3,Équipements industriels,2,372,Transporteur A,Dakar (local),20.5,Vendredi,sèche,dédouané avant arrivée,73.2,18.3,False,268298
CRI-05270,2025-04-18,Terminal à Conteneurs,Équipements industriels,2,398,Transporteur B,Dakar (local),20.4,Vendredi,sèche,dédouanement en cours,52.2,70.2,False,668978
CRI-05271,2025-04-18,Terminal à Conteneurs,Import général,1,380,Transporteur B,Touba,190.5,Vendredi,sèche,bloqué (litige/documents),102.9,18.2,False,341956
CRI-05272,2025-04-19,Terminal Roulier,Denrées alimentaires,1,381,Transporteur F,Bamako (Mali),1245.2,Samedi,sèche,dédouané avant arrivée,66.8,76.6,True,431695
CRI-05273,2025-04-19,Terminal Roulier,Import général,4,369,Transporteur C,Thiès,70.6,Samedi,sèche,dédouané avant arrivée,80.0,39.9,False,998251
CRI-05274,2025-04-19,Terminal à Conteneurs,Équipements industriels,1,355,Transporteur F,Tambacounda,474.1,Samedi,sèche,dédouanement en cours,71.1,52.0,True,351433
CRI-05275,2025-04-19,Môle 1,Biens de consommation,4,340,Transporteur A,Dakar (local),20.9,Samedi,sèche,dédouanement en cours,78.0,37.9,False,1039213
CRI-05276,2025-04-19,Môle 3,Matériaux de construction,1,354,Transporteur E,Kayes (Mali),936.2,Samedi,sèche,dédouanement en cours,54.0,21.1,True,18850
CRI-05277,2025-04-19,Môle 8,Biens de consommation,2,415,Transporteur C,Kaolack,202.9,Samedi,sèche,dédouanement en cours,123.2,109.6,False,1879843
CRI-05278,2025-04-19,Môle 3,Biens de consommation,2,394,Transporteur D,Tambacounda,476.0,Samedi,sèche,bloqué (litige/documents),72.4,42.7,False,564338
CRI-05279,2025-04-19,Terminal à Conteneurs,Denrées alimentaires,1,458,Transporteur indépendant,Dakar (local),20.3,Samedi,sèche,dédouané avant arrivée,106.2,72.5,False,491350
CRI-05280,2025-04-19,Môle 8,Import général,1,372,Transporteur B,Kaédi (Mauritanie),495.7,Samedi,sèche,dédouané avant arrivée,36.5,24.0,False,0
CRI-05281,2025-04-19,Terminal à Conteneurs,Import général,1,315,Transporteur B,Kaolack,195.3,Samedi,sèche,dédouané avant arrivée,73.1,48.0,False,280790
CRI-05282,2025-04-19,Môle 3,Denrées alimentaires,1,368,Transporteur F,Dakar (local),19.7,Samedi,sèche,dédouané avant arrivée,52.8,38.6,False,110292
CRI-05283,2025-04-19,Môle 1,Import général,3,287,Transporteur E,Kaolack,187.0,Samedi,sèche,dédouané avant arrivée,45.2,53.4,False,420597
CRI-05284,2025-04-20,Terminal à Conteneurs,Biens de consommation,3,246,Transporteur indépendant,Kayes (Mali),925.3,Dimanche,sèche,dédouanement en cours,61.6,28.1,True,351967
CRI-05285,2025-04-20,Môle 8,Biens de consommation,1,301,Transporteur C,Tambacounda,463.8,Dimanche,sèche,dédouanement en cours,39.4,55.4,False,158428
CRI-05286,2025-04-20,Môle 1,Équipements industriels,4,266,Transporteur B,Bamako (Mali),1194.7,Dimanche,sèche,dédouané avant arrivée,42.5,40.0,False,228790
CRI-05287,2025-04-20,Terminal à Conteneurs,Biens de consommation,2,337,Transporteur F,Dakar (local),20.3,Dimanche,sèche,dédouanement en cours,69.5,59.9,False,692640
CRI-05288,2025-04-20,Môle 3,Hydrocarbures,1,308,Transporteur E,Bamako (Mali),1226.4,Dimanche,sèche,dédouané avant arrivée,38.2,39.0,True,27278
CRI-05289,2025-04-20,Terminal à Conteneurs,Hydrocarbures,1,319,Transporteur E,Dakar (local),20.1,Dimanche,sèche,dédouané avant arrivée,67.9,42.4,False,194510
CRI-05290,2025-04-20,Terminal Roulier,Import général,2,261,Transporteur D,Thiès,69.9,Dimanche,sèche,dédouané avant arrivée,75.5,54.6,False,603472
CRI-05291,2025-04-20,Môle 3,Import général,2,287,Transporteur indépendant,Kaédi (Mauritanie),434.8,Dimanche,sèche,dédouanement en cours,99.1,33.1,False,655605
CRI-05292,2025-04-20,Môle 1,Import général,2,292,Transporteur C,Kayes (Mali),1016.0,Dimanche,sèche,dédouanement en cours,38.6,38.8,False,50199
CRI-05293,2025-04-20,Terminal Roulier,Import général,1,344,Transporteur F,Ziguinchor,453.2,Dimanche,sèche,dédouané avant arrivée,60.5,33.7,False,123378
CRI-05294,2025-04-20,Terminal à Conteneurs,Denrées alimentaires,1,288,Transporteur G,Kayes (Mali),917.2,Dimanche,sèche,dédouanement en cours,66.2,44.8,False,252024
CRI-05295,2025-04-21,Terminal Roulier,Biens de consommation,1,398,Transporteur E,Kayes (Mali),915.4,Lundi,sèche,dédouanement en cours,90.7,61.8,True,368532
CRI-05296,2025-04-21,Môle 3,Import général,1,437,Transporteur indépendant,Bamako (Mali),1207.3,Lundi,sèche,dédouané avant arrivée,47.0,50.1,True,160419
CRI-05297,2025-04-21,Terminal à Conteneurs,Import général,1,394,Transporteur D,Bamako (Mali),1257.3,Lundi,sèche,dédouané avant arrivée,50.6,40.8,True,98982
CRI-05298,2025-04-21,Môle 1,Hydrocarbures,3,336,Transporteur G,Thiès,71.0,Lundi,sèche,dédouanement en cours,70.1,52.9,False,718474
CRI-05299,2025-04-21,Terminal à Conteneurs,Équipements industriels,4,426,Transporteur A,Kayes (Mali),962.3,Lundi,sèche,dédouané avant arrivée,74.5,33.9,True,683017
CRI-05300,2025-04-21,Môle 8,Équipements industriels,1,263,Transporteur indépendant,Bamako (Mali),1237.6,Lundi,sèche,dédouané avant arrivée,46.6,35.0,True,53409
CRI-05301,2025-04-21,Môle 3,Import général,1,463,Transporteur F,Touba,183.3,Lundi,sèche,dédouanement en cours,146.1,35.0,False,762900
CRI-05302,2025-04-21,Terminal Roulier,Import général,1,465,Transporteur indépendant,Bamako (Mali),1219.9,Lundi,sèche,dédouanement en cours,65.0,53.5,True,267290
CRI-05303,2025-04-22,Môle 1,Matériaux de construction,1,402,Transporteur G,Kaolack,188.4,Mardi,sèche,dédouanement en cours,111.7,38.1,False,538498
CRI-05304,2025-04-22,Terminal à Conteneurs,Matériaux de construction,2,479,Transporteur A,Dakar (local),19.7,Mardi,sèche,dédouané avant arrivée,79.7,88.8,False,1313724
CRI-05305,2025-04-22,Môle 1,Denrées alimentaires,1,489,Transporteur indépendant,Kaolack,195.0,Mardi,sèche,dédouané avant arrivée,60.4,20.2,True,50607
CRI-05306,2025-04-22,Terminal à Conteneurs,Matériaux de construction,1,398,Transporteur F,Bamako (Mali),1233.7,Mardi,sèche,dédouané avant arrivée,72.5,84.2,True,416849
CRI-05307,2025-04-22,Môle 3,Import général,1,515,Transporteur C,Dakar (local),19.9,Mardi,sèche,dédouané avant arrivée,57.6,50.3,False,198577
CRI-05308,2025-04-22,Môle 3,Import général,2,434,Transporteur D,Tambacounda,458.1,Mardi,sèche,dédouané avant arrivée,70.1,43.3,False,481787
CRI-05309,2025-04-22,Terminal à Conteneurs,Équipements industriels,1,447,Transporteur E,Touba,201.6,Mardi,sèche,dédouanement en cours,111.9,70.6,False,599206
CRI-05310,2025-04-22,Môle 8,Équipements industriels,2,369,Transporteur F,Dakar (local),21.2,Mardi,sèche,dédouanement en cours,93.1,47.3,False,784261
CRI-05311,2025-04-23,Môle 3,Hydrocarbures,2,442,Transporteur B,Tambacounda,454.0,Mercredi,sèche,dédouané avant arrivée,73.1,46.0,False,487248
CRI-05312,2025-04-23,Môle 1,Denrées alimentaires,1,316,Transporteur B,Ziguinchor,440.5,Mercredi,sèche,dédouané avant arrivée,60.2,21.2,False,57411
CRI-05313,2025-04-23,Môle 3,Import général,3,393,Transporteur E,Bamako (Mali),1276.2,Mercredi,sèche,bloqué (litige/documents),169.2,58.3,True,3163287
CRI-05314,2025-04-23,Terminal Roulier,Import général,3,345,Transporteur E,Kaolack,193.3,Mercredi,sèche,bloqué (litige/documents),95.6,46.7,False,1312104
CRI-05315,2025-04-23,Môle 3,Denrées alimentaires,2,384,Transporteur A,Thiès,70.0,Mercredi,sèche,dédouanement en cours,86.5,41.9,False,626057
CRI-05316,2025-04-23,Terminal Roulier,Import général,1,366,Transporteur F,Touba,187.7,Mercredi,sèche,dédouané avant arrivée,56.9,49.6,False,163962
CRI-05317,2025-04-23,Môle 3,Import général,1,445,Transporteur F,Touba,180.5,Mercredi,sèche,dédouané avant arrivée,77.9,41.7,False,280020
CRI-05318,2025-04-23,Môle 1,Import général,3,282,Transporteur A,Kaolack,178.6,Mercredi,sèche,bloqué (litige/documents),104.4,23.4,False,930172
CRI-05319,2025-04-24,Môle 1,Équipements industriels,1,306,Transporteur G,Thiès,68.6,Jeudi,sèche,dédouanement en cours,66.8,42.7,False,199730
CRI-05320,2025-04-24,Terminal à Conteneurs,Matériaux de construction,1,366,Transporteur G,Kayes (Mali),934.0,Jeudi,sèche,dédouané avant arrivée,60.5,37.3,False,134956
CRI-05321,2025-04-24,Môle 1,Import général,2,449,Transporteur B,Ziguinchor,460.5,Jeudi,sèche,bloqué (litige/documents),144.2,54.3,False,1556027
CRI-05322,2025-04-24,Terminal à Conteneurs,Équipements industriels,1,376,Transporteur B,Bamako (Mali),1245.3,Jeudi,sèche,dédouané avant arrivée,48.9,58.2,True,170245
CRI-05323,2025-04-24,Môle 1,Biens de consommation,2,405,Transporteur A,Kaolack,189.9,Jeudi,sèche,dédouané avant arrivée,44.1,43.9,False,148904
CRI-05324,2025-04-24,Terminal à Conteneurs,Hydrocarbures,1,423,Transporteur F,Dakar (local),19.9,Jeudi,sèche,dédouanement en cours,81.8,64.0,False,425268
CRI-05325,2025-04-24,Terminal à Conteneurs,Import général,3,396,Transporteur C,Bamako (Mali),1205.4,Jeudi,sèche,dédouanement en cours,52.6,25.3,True,98627
CRI-05326,2025-04-24,Môle 8,Denrées alimentaires,2,387,Transporteur G,Bamako (Mali),1199.4,Jeudi,sèche,dédouané avant arrivée,69.5,58.9,True,687434
CRI-05327,2025-04-24,Terminal Roulier,Équipements industriels,4,443,Transporteur B,Bamako (Mali),1178.1,Jeudi,sèche,dédouanement en cours,114.6,39.4,True,2126667
CRI-05328,2025-04-24,Môle 1,Denrées alimentaires,1,338,Transporteur F,Tambacounda,459.3,Jeudi,sèche,dédouanement en cours,57.2,33.4,False,111008
CRI-05329,2025-04-24,Môle 3,Biens de consommation,2,383,Transporteur C,Dakar (local),20.0,Jeudi,sèche,dédouanement en cours,60.8,55.5,False,412463
CRI-05330,2025-04-24,Môle 3,Import général,1,370,Transporteur F,Kaédi (Mauritanie),445.6,Jeudi,sèche,dédouané avant arrivée,56.4,58.4,False,239630
CRI-05331,2025-04-24,Môle 1,Équipements industriels,1,420,Transporteur E,Bamako (Mali),1178.9,Jeudi,sèche,dédouanement en cours,80.5,60.8,True,472057
CRI-05332,2025-04-25,Terminal Roulier,Denrées alimentaires,2,418,Transporteur B,Bamako (Mali),1203.8,Vendredi,sèche,dédouané avant arrivée,94.4,48.6,True,746239
CRI-05333,2025-04-25,Terminal à Conteneurs,Matériaux de construction,2,413,Transporteur A,Kaolack,189.9,Vendredi,sèche,dédouanement en cours,103.6,48.5,False,817044
CRI-05334,2025-04-25,Môle 3,Matériaux de construction,1,407,Transporteur A,Kayes (Mali),930.7,Vendredi,sèche,dédouanement en cours,98.4,38.5,False,321817
CRI-05335,2025-04-25,Terminal à Conteneurs,Denrées alimentaires,2,377,Transporteur C,Ziguinchor,454.6,Vendredi,sèche,dédouanement en cours,46.3,47.3,False,194966
CRI-05336,2025-04-25,Terminal Roulier,Import général,3,471,Transporteur B,Dakar (local),20.3,Vendredi,sèche,dédouanement en cours,62.9,46.3,False,689301
CRI-05337,2025-04-25,Terminal à Conteneurs,Import général,2,446,Transporteur C,Kayes (Mali),958.9,Vendredi,sèche,dédouané avant arrivée,80.4,48.8,True,600606
CRI-05338,2025-04-25,Terminal à Conteneurs,Denrées alimentaires,2,406,Transporteur D,Thiès,69.1,Vendredi,sèche,dédouané avant arrivée,50.2,46.5,False,331336
CRI-05339,2025-04-25,Môle 3,Matériaux de construction,1,347,Transporteur D,Dakar (local),19.6,Vendredi,sèche,dédouanement en cours,122.7,50.5,False,655066
CRI-05340,2025-04-26,Terminal à Conteneurs,Import général,1,373,Transporteur D,Bamako (Mali),1202.5,Samedi,sèche,dédouanement en cours,60.3,51.2,True,214356
CRI-05341,2025-04-26,Terminal Roulier,Matériaux de construction,2,356,Transporteur C,Ziguinchor,442.7,Samedi,sèche,dédouanement en cours,75.3,47.0,False,549702
CRI-05342,2025-04-26,Terminal à Conteneurs,Hydrocarbures,1,419,Transporteur G,Dakar (local),19.5,Samedi,sèche,dédouané avant arrivée,71.3,46.0,False,267571
CRI-05343,2025-04-26,Môle 8,Import général,2,379,Transporteur G,Kayes (Mali),917.5,Samedi,sèche,bloqué (litige/documents),111.9,65.5,True,1022067
CRI-05344,2025-04-26,Môle 3,Denrées alimentaires,1,434,Transporteur F,Dakar (local),19.7,Samedi,sèche,bloqué (litige/documents),118.1,49.2,False,487226
CRI-05345,2025-04-26,Terminal Roulier,Matériaux de construction,1,377,Transporteur C,Bamako (Mali),1247.3,Samedi,sèche,dédouané avant arrivée,40.5,32.0,True,3136
CRI-05346,2025-04-26,Terminal Roulier,Matériaux de construction,1,296,Transporteur C,Bamako (Mali),1183.2,Samedi,sèche,dédouané avant arrivée,56.1,27.7,True,64117
CRI-05347,2025-04-26,Terminal Roulier,Import général,2,361,Transporteur B,Touba,196.3,Samedi,sèche,dédouané avant arrivée,47.5,71.4,False,447657
CRI-05348,2025-04-26,Terminal à Conteneurs,Denrées alimentaires,1,347,Transporteur B,Kaolack,190.0,Samedi,sèche,dédouané avant arrivée,89.1,38.5,False,320697
CRI-05349,2025-04-26,Terminal à Conteneurs,Matériaux de construction,2,375,Transporteur indépendant,Thiès,69.3,Samedi,sèche,dédouané avant arrivée,77.2,41.7,False,546332
CRI-05350,2025-04-27,Terminal Roulier,Biens de consommation,2,322,Transporteur B,Tambacounda,479.5,Dimanche,sèche,dédouanement en cours,55.1,30.8,False,134878
CRI-05351,2025-04-27,Môle 3,Biens de consommation,2,302,Transporteur G,Kaolack,194.7,Dimanche,sèche,dédouanement en cours,57.9,26.7,False,119435
CRI-05352,2025-04-27,Terminal Roulier,Biens de consommation,3,290,Transporteur A,Kaédi (Mauritanie),458.6,Dimanche,sèche,dédouanement en cours,54.4,34.0,False,340204
CRI-05353,2025-04-27,Môle 8,Import général,1,314,Transporteur F,Kayes (Mali),973.4,Dimanche,sèche,dédouanement en cours,81.7,64.1,False,338068
CRI-05354,2025-04-27,Môle 8,Import général,1,221,Transporteur C,Kaédi (Mauritanie),439.9,Dimanche,sèche,dédouanement en cours,47.3,19.3,False,0
CRI-05355,2025-04-27,Terminal Roulier,Import général,2,346,Transporteur F,Bamako (Mali),1302.0,Dimanche,sèche,dédouanement en cours,35.1,41.0,False,37223
CRI-05356,2025-04-27,Terminal à Conteneurs,Hydrocarbures,1,335,Transporteur F,Ziguinchor,474.7,Dimanche,sèche,dédouanement en cours,77.6,50.4,False,380725
CRI-05357,2025-04-27,Terminal à Conteneurs,Biens de consommation,2,205,Transporteur D,Touba,189.1,Dimanche,sèche,dédouané avant arrivée,33.3,28.8,False,0
CRI-05358,2025-04-27,Terminal à Conteneurs,Denrées alimentaires,1,323,Transporteur B,Dakar (local),20.1,Dimanche,sèche,dédouané avant arrivée,63.7,67.1,False,291666
CRI-05359,2025-04-28,Môle 3,Import général,1,440,Transporteur indépendant,Kaolack,182.8,Lundi,sèche,dédouanement en cours,116.2,73.5,False,604344
CRI-05360,2025-04-28,Terminal à Conteneurs,Hydrocarbures,1,443,Transporteur E,Tambacounda,482.5,Lundi,sèche,bloqué (litige/documents),123.9,61.8,True,521050
CRI-05361,2025-04-28,Môle 1,Biens de consommation,1,447,Transporteur A,Tambacounda,501.9,Lundi,sèche,dédouanement en cours,59.9,71.1,False,277053
CRI-05362,2025-04-28,Môle 8,Matériaux de construction,3,405,Transporteur D,Dakar (local),20.2,Lundi,sèche,dédouanement en cours,98.9,88.3,False,2127706
CRI-05363,2025-04-28,Môle 8,Import général,2,400,Transporteur A,Dakar (local),19.9,Lundi,sèche,dédouané avant arrivée,77.5,49.0,False,751387
CRI-05364,2025-04-28,Terminal à Conteneurs,Biens de consommation,1,528,Transporteur indépendant,Dakar (local),19.7,Lundi,sèche,dédouané avant arrivée,127.2,44.5,True,626539
CRI-05365,2025-04-28,Môle 1,Import général,1,451,Transporteur C,Ziguinchor,439.0,Lundi,sèche,dédouané avant arrivée,69.6,44.1,False,238579
CRI-05366,2025-04-28,Terminal à Conteneurs,Matériaux de construction,1,460,Transporteur F,Bamako (Mali),1227.5,Lundi,sèche,dédouané avant arrivée,55.0,63.0,True,292683
CRI-05367,2025-04-29,Terminal à Conteneurs,Denrées alimentaires,1,477,Transporteur B,Kaolack,183.4,Mardi,sèche,bloqué (litige/documents),125.8,85.6,True,798416
CRI-05368,2025-04-29,Môle 3,Import général,1,402,Transporteur F,Thiès,68.1,Mardi,sèche,dédouané avant arrivée,61.7,43.7,False,230395
CRI-05369,2025-04-29,Môle 3,Import général,2,498,Transporteur F,Bamako (Mali),1276.2,Mardi,sèche,bloqué (litige/documents),83.5,36.6,True,530649
CRI-05370,2025-04-29,Môle 8,Biens de consommation,1,383,Transporteur indépendant,Bamako (Mali),1150.4,Mardi,sèche,bloqué (litige/documents),170.2,65.3,True,864521
CRI-05371,2025-04-29,Môle 3,Équipements industriels,3,336,Transporteur F,Ziguinchor,442.1,Mardi,sèche,dédouané avant arrivée,73.1,49.5,False,784332
CRI-05372,2025-04-29,Môle 8,Biens de consommation,2,444,Transporteur A,Dakar (local),19.6,Mardi,sèche,bloqué (litige/documents),221.0,87.6,False,3126106
CRI-05373,2025-04-29,Môle 1,Équipements industriels,2,466,Transporteur A,Bamako (Mali),1249.1,Mardi,sèche,dédouané avant arrivée,86.0,44.8,True,714127
CRI-05374,2025-04-29,Terminal à Conteneurs,Import général,1,464,Transporteur B,Dakar (local),20.5,Mardi,sèche,dédouanement en cours,129.8,72.7,False,797649
CRI-05375,2025-04-29,Môle 3,Denrées alimentaires,1,384,Transporteur indépendant,Tambacounda,466.8,Mardi,sèche,dédouané avant arrivée,71.9,86.1,True,523479
CRI-05376,2025-04-29,Môle 3,Import général,1,495,Transporteur F,Kayes (Mali),1013.3,Mardi,sèche,dédouanement en cours,59.8,87.2,True,423539
CRI-05377,2025-04-29,Môle 3,Import général,1,594,Transporteur A,Ziguinchor,446.9,Mardi,sèche,dédouané avant arrivée,76.2,76.4,True,538035
CRI-05378,2025-04-30,Môle 3,Import général,1,384,Transporteur E,Ziguinchor,426.2,Mercredi,sèche,dédouané avant arrivée,39.7,54.1,True,105071
CRI-05379,2025-04-30,Môle 1,Import général,2,372,Transporteur F,Bamako (Mali),1251.8,Mercredi,sèche,dédouanement en cours,107.5,43.0,True,1028099
CRI-05380,2025-04-30,Terminal à Conteneurs,Biens de consommation,1,405,Transporteur G,Ziguinchor,436.5,Mercredi,sèche,dédouané avant arrivée,77.9,47.5,False,370516
CRI-05381,2025-04-30,Terminal Roulier,Matériaux de construction,2,388,Transporteur G,Bamako (Mali),1236.7,Mercredi,sèche,dédouanement en cours,91.3,61.5,True,806093
CRI-05382,2025-04-30,Môle 1,Import général,3,402,Transporteur indépendant,Dakar (local),19.8,Mercredi,sèche,dédouanement en cours,59.4,49.4,False,602835
CRI-05383,2025-04-30,Terminal à Conteneurs,Import général,3,373,Transporteur C,Touba,189.6,Mercredi,sèche,bloqué (litige/documents),90.0,70.4,False,1300201
CRI-05384,2025-04-30,Môle 1,Import général,2,371,Transporteur C,Bamako (Mali),1263.2,Mercredi,sèche,dédouané avant arrivée,50.9,59.8,True,487096
CRI-05385,2025-05-01,Terminal Roulier,Import général,1,396,Transporteur A,Dakar (local),20.1,Jeudi,sèche,dédouanement en cours,122.5,93.2,False,716715
CRI-05386,2025-05-01,Môle 3,Import général,1,473,Transporteur C,Bamako (Mali),1218.8,Jeudi,sèche,dédouané avant arrivée,85.0,88.2,True,466390
CRI-05387,2025-05-01,Terminal Roulier,Import général,1,379,Transporteur C,Tambacounda,471.2,Jeudi,sèche,dédouané avant arrivée,56.9,20.5,False,24746
CRI-05388,2025-05-01,Môle 3,Matériaux de construction,1,408,Transporteur A,Kayes (Mali),974.5,Jeudi,sèche,dédouané avant arrivée,78.4,57.1,False,370830
CRI-05389,2025-05-01,Terminal à Conteneurs,Import général,1,327,Transporteur B,Kayes (Mali),953.1,Jeudi,sèche,dédouanement en cours,57.1,30.4,True,90103
CRI-05390,2025-05-01,Terminal à Conteneurs,Import général,3,286,Transporteur D,Dakar (local),20.2,Jeudi,sèche,bloqué (litige/documents),149.8,33.1,False,2304712
CRI-05391,2025-05-01,Terminal Roulier,Denrées alimentaires,1,344,Transporteur F,Thiès,68.0,Jeudi,sèche,dédouanement en cours,87.8,55.8,False,400399
CRI-05392,2025-05-02,Terminal à Conteneurs,Import général,1,415,Transporteur B,Dakar (local),19.9,Vendredi,sèche,dédouanement en cours,51.7,86.2,False,312331
CRI-05393,2025-05-02,Môle 3,Denrées alimentaires,2,371,Transporteur B,Bamako (Mali),1207.5,Vendredi,sèche,dédouané avant arrivée,59.2,53.9,False,526386
CRI-05394,2025-05-02,Terminal à Conteneurs,Biens de consommation,3,419,Transporteur C,Thiès,71.0,Vendredi,sèche,bloqué (litige/documents),92.9,44.7,False,1015952
CRI-05395,2025-05-02,Môle 8,Import général,2,355,Transporteur F,Tambacounda,469.8,Vendredi,sèche,dédouanement en cours,112.4,46.9,False,971665
CRI-05396,2025-05-02,Terminal à Conteneurs,Biens de consommation,1,441,Transporteur indépendant,Touba,196.7,Vendredi,sèche,dédouanement en cours,117.1,42.9,True,471440
CRI-05397,2025-05-02,Môle 1,Import général,1,334,Transporteur F,Bamako (Mali),1195.1,Vendredi,sèche,dédouané avant arrivée,80.0,51.9,False,281570
CRI-05398,2025-05-02,Môle 3,Matériaux de construction,1,418,Transporteur E,Touba,197.4,Vendredi,sèche,dédouané avant arrivée,91.8,49.3,True,434763
CRI-05399,2025-05-02,Môle 1,Import général,2,434,Transporteur E,Ziguinchor,470.5,Vendredi,sèche,dédouané avant arrivée,70.6,48.8,False,433818
CRI-05400,2025-05-02,Terminal Roulier,Biens de consommation,1,406,Transporteur D,Kayes (Mali),1000.4,Vendredi,sèche,dédouanement en cours,52.7,48.0,False,170393
CRI-05401,2025-05-02,Terminal Roulier,Biens de consommation,1,412,Transporteur indépendant,Bamako (Mali),1230.9,Vendredi,sèche,dédouanement en cours,56.8,54.7,True,261926
CRI-05402,2025-05-02,Môle 1,Biens de consommation,1,394,Transporteur G,Kaolack,186.1,Vendredi,sèche,dédouanement en cours,113.3,55.7,False,598606
CRI-05403,2025-05-02,Terminal à Conteneurs,Denrées alimentaires,1,387,Transporteur G,Ziguinchor,459.7,Vendredi,sèche,bloqué (litige/documents),140.4,69.2,False,647258
CRI-05404,2025-05-02,Môle 8,Biens de consommation,1,360,Transporteur indépendant,Dakar (local),20.2,Vendredi,sèche,dédouanement en cours,101.6,46.0,False,525122
CRI-05405,2025-05-03,Terminal à Conteneurs,Denrées alimentaires,2,411,Transporteur indépendant,Bamako (Mali),1252.2,Samedi,sèche,dédouanement en cours,89.5,68.6,True,949218
CRI-05406,2025-05-03,Terminal Roulier,Équipements industriels,1,371,Transporteur G,Bamako (Mali),1205.3,Samedi,sèche,dédouanement en cours,68.4,31.2,False,129419
CRI-05407,2025-05-03,Môle 1,Hydrocarbures,1,409,Transporteur B,Dakar (local),19.7,Samedi,sèche,dédouané avant arrivée,49.4,63.7,False,274114
CRI-05408,2025-05-03,Môle 8,Biens de consommation,3,407,Transporteur D,Tambacounda,440.1,Samedi,sèche,dédouané avant arrivée,55.1,31.0,False,233735
CRI-05409,2025-05-03,Môle 1,Denrées alimentaires,2,396,Transporteur D,Thiès,69.3,Samedi,sèche,dédouanement en cours,76.4,44.5,False,619141
CRI-05410,2025-05-04,Môle 8,Biens de consommation,1,280,Transporteur C,Kayes (Mali),957.4,Dimanche,sèche,bloqué (litige/documents),134.0,27.4,True,415492
CRI-05411,2025-05-04,Môle 1,Import général,2,311,Transporteur C,Tambacounda,454.8,Dimanche,sèche,dédouanement en cours,85.6,26.7,False,413574
CRI-05412,2025-05-04,Môle 3,Matériaux de construction,1,279,Transporteur G,Thiès,70.4,Dimanche,sèche,dédouanement en cours,68.8,55.5,False,271314
CRI-05413,2025-05-04,Môle 8,Import général,1,321,Transporteur E,Dakar (local),21.1,Dimanche,sèche,dédouané avant arrivée,60.0,29.0,False,81809
CRI-05414,2025-05-04,Terminal à Conteneurs,Matériaux de construction,1,294,Transporteur A,Thiès,71.0,Dimanche,sèche,dédouané avant arrivée,63.7,69.9,False,381099
CRI-05415,2025-05-04,Terminal Roulier,Biens de consommation,1,405,Transporteur C,Thiès,73.3,Dimanche,sèche,dédouané avant arrivée,34.9,49.2,False,69732
CRI-05416,2025-05-04,Terminal à Conteneurs,Hydrocarbures,1,238,Transporteur indépendant,Tambacounda,442.9,Dimanche,sèche,bloqué (litige/documents),91.8,43.4,False,388065
CRI-05417,2025-05-04,Môle 1,Biens de consommation,1,273,Transporteur indépendant,Touba,185.7,Dimanche,sèche,dédouané avant arrivée,35.7,45.4,False,58930
CRI-05418,2025-05-05,Môle 1,Biens de consommation,4,410,Transporteur E,Kaolack,197.3,Lundi,sèche,bloqué (litige/documents),178.7,48.9,False,3150294
CRI-05419,2025-05-05,Terminal à Conteneurs,Denrées alimentaires,1,444,Transporteur G,Kayes (Mali),933.8,Lundi,sèche,dédouanement en cours,80.8,52.1,True,419688
CRI-05420,2025-05-05,Terminal à Conteneurs,Hydrocarbures,3,441,Transporteur C,Touba,202.9,Lundi,sèche,dédouané avant arrivée,70.0,35.8,False,653449
CRI-05421,2025-05-05,Terminal à Conteneurs,Denrées alimentaires,1,471,Transporteur C,Dakar (local),20.3,Lundi,sèche,bloqué (litige/documents),71.0,38.0,False,168626
CRI-05422,2025-05-05,Terminal à Conteneurs,Matériaux de construction,3,435,Transporteur G,Dakar (local),19.3,Lundi,sèche,dédouané avant arrivée,60.9,101.0,False,1856174
CRI-05423,2025-05-05,Môle 1,Hydrocarbures,3,461,Transporteur A,Bamako (Mali),1250.5,Lundi,sèche,dédouanement en cours,128.1,58.8,True,1788407
CRI-05424,2025-05-05,Môle 3,Équipements industriels,1,577,Transporteur D,Bamako (Mali),1229.9,Lundi,sèche,bloqué (litige/documents),98.0,97.7,True,643976
CRI-05425,2025-05-06,Terminal à Conteneurs,Import général,3,491,Transporteur C,Bamako (Mali),1268.1,Mardi,sèche,dédouané avant arrivée,89.2,115.0,True,1948931
CRI-05426,2025-05-06,Terminal à Conteneurs,Denrées alimentaires,2,429,Transporteur D,Dakar (local),18.6,Mardi,sèche,dédouané avant arrivée,104.2,58.5,False,1007108
CRI-05427,2025-05-06,Môle 3,Import général,1,498,Transporteur G,Kaolack,194.3,Mardi,sèche,dédouanement en cours,109.4,88.4,False,638242
CRI-05428,2025-05-06,Môle 3,Import général,1,386,Transporteur A,Kaolack,201.3,Mardi,sèche,dédouanement en cours,93.9,44.0,False,446511
CRI-05429,2025-05-06,Terminal à Conteneurs,Matériaux de construction,2,420,Transporteur B,Ziguinchor,455.9,Mardi,sèche,dédouanement en cours,131.5,80.7,False,1679366
CRI-05430,2025-05-06,Terminal à Conteneurs,Denrées alimentaires,2,412,Transporteur A,Kaédi (Mauritanie),447.8,Mardi,sèche,dédouané avant arrivée,50.6,41.3,False,201857
CRI-05431,2025-05-06,Terminal à Conteneurs,Hydrocarbures,2,569,Transporteur B,Bamako (Mali),1263.5,Mardi,sèche,dédouanement en cours,106.2,90.8,True,1364971
CRI-05432,2025-05-06,Môle 8,Biens de consommation,1,478,Transporteur F,Kaédi (Mauritanie),488.6,Mardi,sèche,dédouané avant arrivée,72.7,66.8,True,387143
CRI-05433,2025-05-06,Môle 3,Biens de consommation,2,520,Transporteur F,Tambacounda,477.6,Mardi,sèche,dédouanement en cours,107.8,36.4,True,804066
CRI-05434,2025-05-06,Terminal Roulier,Hydrocarbures,1,430,Transporteur indépendant,Touba,197.5,Mardi,sèche,bloqué (litige/documents),139.4,42.4,False,554707
CRI-05435,2025-05-06,Terminal à Conteneurs,Équipements industriels,2,464,Transporteur D,Touba,198.9,Mardi,sèche,dédouané avant arrivée,70.7,42.6,False,540441
CRI-05436,2025-05-07,Terminal Roulier,Import général,1,432,Transporteur B,Dakar (local),20.5,Mercredi,sèche,dédouanement en cours,79.2,70.7,False,530652
CRI-05437,2025-05-07,Terminal à Conteneurs,Denrées alimentaires,1,393,Transporteur D,Thiès,71.3,Mercredi,sèche,dédouanement en cours,87.1,41.2,False,298235
CRI-05438,2025-05-07,Terminal à Conteneurs,Import général,4,417,Transporteur indépendant,Touba,187.5,Mercredi,sèche,dédouané avant arrivée,37.1,71.2,True,863466
CRI-05439,2025-05-07,Môle 8,Import général,2,352,Transporteur A,Kaolack,190.2,Mercredi,sèche,dédouanement en cours,91.3,52.8,False,678129
CRI-05440,2025-05-07,Terminal à Conteneurs,Denrées alimentaires,1,364,Transporteur C,Dakar (local),19.6,Mercredi,sèche,dédouané avant arrivée,70.3,70.9,False,398987
CRI-05441,2025-05-07,Môle 3,Import général,1,451,Transporteur C,Tambacounda,461.3,Mercredi,sèche,dédouané avant arrivée,88.6,43.1,True,410190
CRI-05442,2025-05-07,Môle 1,Import général,2,416,Transporteur D,Dakar (local),20.6,Mercredi,sèche,dédouané avant arrivée,56.0,73.1,False,723949
CRI-05443,2025-05-07,Môle 3,Import général,2,393,Transporteur G,Touba,190.7,Mercredi,sèche,bloqué (litige/documents),68.9,47.7,False,615483
CRI-05444,2025-05-07,Môle 1,Import général,1,400,Transporteur A,Bamako (Mali),1199.7,Mercredi,sèche,dédouané avant arrivée,68.0,65.4,True,335385
CRI-05445,2025-05-07,Terminal à Conteneurs,Matériaux de construction,2,426,Transporteur C,Touba,193.2,Mercredi,sèche,dédouanement en cours,97.6,76.1,False,1409344
CRI-05446,2025-05-08,Terminal Roulier,Matériaux de construction,2,489,Transporteur A,Bamako (Mali),1280.7,Jeudi,sèche,dédouané avant arrivée,44.6,46.6,True,227560
CRI-05447,2025-05-08,Môle 3,Import général,1,378,Transporteur F,Dakar (local),20.2,Jeudi,sèche,dédouanement en cours,99.7,90.0,False,767664
CRI-05448,2025-05-08,Môle 1,Matériaux de construction,1,318,Transporteur C,Bamako (Mali),1204.6,Jeudi,sèche,dédouanement en cours,91.3,21.6,True,221186
CRI-05449,2025-05-08,Terminal Roulier,Import général,2,391,Transporteur B,Kaolack,196.8,Jeudi,sèche,bloqué (litige/documents),164.8,36.3,False,1353158
CRI-05450,2025-05-08,Terminal à Conteneurs,Import général,1,481,Transporteur C,Dakar (local),19.8,Jeudi,sèche,dédouanement en cours,123.3,54.6,False,713055
CRI-05451,2025-05-08,Terminal Roulier,Denrées alimentaires,1,388,Transporteur B,Kaolack,193.3,Jeudi,sèche,bloqué (litige/documents),86.0,40.2,False,281346
CRI-05452,2025-05-08,Terminal Roulier,Import général,3,436,Transporteur F,Touba,202.3,Jeudi,sèche,dédouanement en cours,78.1,38.3,False,693184
CRI-05453,2025-05-08,Môle 3,Denrées alimentaires,4,360,Transporteur E,Dakar (local),20.8,Jeudi,sèche,dédouanement en cours,90.1,64.5,False,2012027
CRI-05454,2025-05-08,Terminal à Conteneurs,Denrées alimentaires,1,402,Transporteur D,Dakar (local),18.9,Jeudi,sèche,dédouané avant arrivée,51.2,109.4,False,615248
CRI-05455,2025-05-08,Terminal à Conteneurs,Denrées alimentaires,2,439,Transporteur C,Bamako (Mali),1226.4,Jeudi,sèche,dédouané avant arrivée,58.7,37.1,True,252093
CRI-05456,2025-05-08,Terminal à Conteneurs,Import général,2,348,Transporteur B,Bamako (Mali),1234.0,Jeudi,sèche,dédouané avant arrivée,74.6,58.3,True,605642
CRI-05457,2025-05-08,Môle 1,Matériaux de construction,1,460,Transporteur indépendant,Bamako (Mali),1154.2,Jeudi,sèche,dédouanement en cours,90.3,50.4,True,429604
CRI-05458,2025-05-08,Môle 1,Hydrocarbures,4,358,Transporteur G,Dakar (local),20.6,Jeudi,sèche,dédouané avant arrivée,62.4,33.6,False,540282
CRI-05459,2025-05-08,Môle 3,Import général,1,424,Transporteur indépendant,Kayes (Mali),943.6,Jeudi,sèche,dédouanement en cours,57.9,54.0,True,262571
CRI-05460,2025-05-08,Terminal Roulier,Import général,1,445,Transporteur A,Dakar (local),19.8,Jeudi,sèche,dédouané avant arrivée,64.7,117.5,False,519160
CRI-05461,2025-05-08,Terminal à Conteneurs,Import général,2,398,Transporteur A,Bamako (Mali),1165.2,Jeudi,sèche,dédouané avant arrivée,69.7,44.5,False,541875
CRI-05462,2025-05-09,Terminal à Conteneurs,Denrées alimentaires,1,389,Transporteur G,Touba,201.0,Vendredi,sèche,dédouané avant arrivée,38.0,45.8,False,61051
CRI-05463,2025-05-09,Terminal à Conteneurs,Biens de consommation,1,400,Transporteur D,Thiès,68.8,Vendredi,sèche,dédouanement en cours,57.7,60.9,False,308088
CRI-05464,2025-05-09,Môle 3,Équipements industriels,2,332,Transporteur D,Kaolack,185.9,Vendredi,sèche,dédouané avant arrivée,53.1,33.4,False,152639
CRI-05465,2025-05-09,Terminal à Conteneurs,Hydrocarbures,1,359,Transporteur E,Tambacounda,474.1,Vendredi,sèche,dédouanement en cours,74.0,31.3,True,155694
CRI-05466,2025-05-09,Môle 3,Biens de consommation,2,503,Transporteur E,Dakar (local),19.7,Vendredi,sèche,bloqué (litige/documents),91.0,104.3,True,1636179
CRI-05467,2025-05-09,Môle 1,Biens de consommation,1,370,Transporteur G,Kaolack,189.2,Vendredi,sèche,dédouanement en cours,63.7,40.3,False,205449
CRI-05468,2025-05-09,Môle 1,Import général,2,394,Transporteur C,Ziguinchor,452.8,Vendredi,sèche,dédouané avant arrivée,65.4,54.5,False,519540
CRI-05469,2025-05-09,Terminal à Conteneurs,Import général,2,324,Transporteur E,Bamako (Mali),1224.4,Vendredi,sèche,dédouanement en cours,44.4,27.6,False,60
CRI-05470,2025-05-10,Terminal Roulier,Matériaux de construction,2,389,Transporteur E,Tambacounda,472.8,Samedi,sèche,dédouané avant arrivée,72.5,23.4,False,243272
CRI-05471,2025-05-10,Môle 1,Denrées alimentaires,2,440,Transporteur C,Bamako (Mali),1220.9,Samedi,sèche,dédouané avant arrivée,56.9,56.1,True,412548
CRI-05472,2025-05-10,Môle 1,Import général,3,350,Transporteur C,Touba,185.7,Samedi,sèche,dédouanement en cours,77.6,42.8,False,752528
CRI-05473,2025-05-10,Terminal Roulier,Denrées alimentaires,2,416,Transporteur E,Dakar (local),20.4,Samedi,sèche,dédouané avant arrivée,59.8,54.3,False,443775
CRI-05474,2025-05-10,Môle 1,Import général,1,397,Transporteur A,Kayes (Mali),987.8,Samedi,sèche,dédouanement en cours,88.6,67.4,False,519088
CRI-05475,2025-05-10,Môle 1,Import général,1,462,Transporteur D,Dakar (local),20.1,Samedi,sèche,dédouanement en cours,192.6,54.1,False,982546
CRI-05476,2025-05-10,Môle 1,Import général,1,311,Transporteur B,Kaolack,189.3,Samedi,sèche,dédouanement en cours,83.6,42.4,False,278063
CRI-05477,2025-05-10,Terminal à Conteneurs,Matériaux de construction,2,423,Transporteur indépendant,Thiès,69.4,Samedi,sèche,dédouané avant arrivée,107.5,41.3,False,1065368
CRI-05478,2025-05-10,Terminal à Conteneurs,Hydrocarbures,3,442,Transporteur F,Bamako (Mali),1211.0,Samedi,sèche,dédouané avant arrivée,52.9,37.0,True,279584
CRI-05479,2025-05-10,Môle 3,Matériaux de construction,1,406,Transporteur C,Touba,183.0,Samedi,sèche,dédouané avant arrivée,80.4,53.3,False,409565
CRI-05480,2025-05-11,Môle 1,Matériaux de construction,1,271,Transporteur D,Dakar (local),19.7,Dimanche,sèche,dédouanement en cours,109.6,41.7,False,519831
CRI-05481,2025-05-11,Môle 8,Import général,2,352,Transporteur B,Thiès,66.5,Dimanche,sèche,dédouané avant arrivée,34.0,38.1,False,262
CRI-05482,2025-05-11,Môle 8,Denrées alimentaires,4,297,Transporteur G,Dakar (local),20.4,Dimanche,sèche,dédouanement en cours,60.7,28.2,False,377278
CRI-05483,2025-05-11,Môle 1,Biens de consommation,2,304,Transporteur G,Kayes (Mali),995.1,Dimanche,sèche,dédouanement en cours,78.4,33.1,False,456988
CRI-05484,2025-05-11,Terminal Roulier,Biens de consommation,2,296,Transporteur F,Dakar (local),19.6,Dimanche,sèche,dédouanement en cours,45.7,54.7,False,260575
CRI-05485,2025-05-11,Terminal à Conteneurs,Hydrocarbures,2,277,Transporteur E,Touba,203.0,Dimanche,sèche,bloqué (litige/documents),202.8,14.9,False,1356625
CRI-05486,2025-05-11,Môle 3,Biens de consommation,1,281,Transporteur C,Kayes (Mali),980.1,Dimanche,sèche,dédouané avant arrivée,43.7,45.0,False,98515
CRI-05487,2025-05-11,Môle 1,Matériaux de construction,3,348,Transporteur D,Thiès,69.8,Dimanche,sèche,dédouanement en cours,72.8,35.9,False,548335
CRI-05488,2025-05-11,Môle 1,Denrées alimentaires,1,319,Transporteur F,Kaédi (Mauritanie),471.0,Dimanche,sèche,dédouané avant arrivée,48.5,57.3,False,219775
CRI-05489,2025-05-11,Môle 1,Import général,2,326,Transporteur F,Kaédi (Mauritanie),482.6,Dimanche,sèche,dédouané avant arrivée,49.5,40.4,False,248339
CRI-05490,2025-05-11,Môle 3,Denrées alimentaires,3,298,Transporteur indépendant,Kayes (Mali),948.2,Dimanche,sèche,dédouané avant arrivée,39.6,28.3,False,0
CRI-05491,2025-05-11,Môle 3,Hydrocarbures,1,313,Transporteur A,Kayes (Mali),949.3,Dimanche,sèche,dédouanement en cours,56.7,29.9,True,65935
CRI-05492,2025-05-12,Môle 3,Import général,4,462,Transporteur A,Bamako (Mali),1259.7,Lundi,sèche,dédouanement en cours,52.7,45.3,True,654079
CRI-05493,2025-05-12,Môle 1,Équipements industriels,4,479,Transporteur D,Dakar (local),20.1,Lundi,sèche,dédouanement en cours,77.9,37.5,False,1148865
CRI-05494,2025-05-12,Môle 8,Import général,1,409,Transporteur A,Kaédi (Mauritanie),480.8,Lundi,sèche,dédouanement en cours,126.4,53.2,False,646778
CRI-05495,2025-05-12,Terminal à Conteneurs,Biens de consommation,4,499,Transporteur F,Bamako (Mali),1176.5,Lundi,sèche,dédouané avant arrivée,100.9,55.8,True,2364249
CRI-05496,2025-05-12,Môle 3,Matériaux de construction,4,508,Transporteur C,Kaédi (Mauritanie),456.9,Lundi,sèche,dédouanement en cours,128.0,104.3,True,2967999
CRI-05497,2025-05-12,Môle 1,Biens de consommation,2,528,Transporteur E,Touba,191.5,Lundi,sèche,dédouanement en cours,80.3,76.4,True,914763
CRI-05498,2025-05-12,Môle 3,Import général,1,474,Transporteur B,Dakar (local),19.6,Lundi,sèche,dédouané avant arrivée,97.8,43.6,False,395414
CRI-05499,2025-05-12,Môle 1,Matériaux de construction,1,500,Transporteur E,Tambacounda,465.3,Lundi,sèche,dédouanement en cours,47.8,46.6,True,140172
CRI-05500,2025-05-12,Môle 1,Import général,2,478,Transporteur C,Kaolack,185.7,Lundi,sèche,dédouané avant arrivée,112.8,44.2,False,834916
CRI-05501,2025-05-12,Môle 3,Hydrocarbures,1,581,Transporteur B,Dakar (local),19.6,Lundi,sèche,dédouanement en cours,97.3,60.9,True,389513
CRI-05502,2025-05-12,Môle 1,Hydrocarbures,2,488,Transporteur indépendant,Bamako (Mali),1228.7,Lundi,sèche,dédouanement en cours,63.4,36.5,True,292590
CRI-05503,2025-05-12,Môle 1,Matériaux de construction,1,548,Transporteur D,Kaédi (Mauritanie),441.1,Lundi,sèche,bloqué (litige/documents),116.8,66.6,True,504155
CRI-05504,2025-05-12,Terminal à Conteneurs,Import général,1,462,Transporteur B,Touba,190.4,Lundi,sèche,dédouané avant arrivée,85.1,46.1,False,283608
CRI-05505,2025-05-12,Terminal à Conteneurs,Matériaux de construction,1,405,Transporteur D,Tambacounda,476.3,Lundi,sèche,dédouanement en cours,96.4,54.2,False,518952
CRI-05506,2025-05-12,Môle 8,Denrées alimentaires,2,452,Transporteur A,Tambacounda,499.4,Lundi,sèche,dédouanement en cours,86.9,62.5,False,932895
CRI-05507,2025-05-12,Môle 3,Import général,1,516,Transporteur C,Tambacounda,479.0,Lundi,sèche,dédouanement en cours,113.4,60.6,False,480293
CRI-05508,2025-05-13,Terminal Roulier,Équipements industriels,1,380,Transporteur G,Kayes (Mali),973.8,Mardi,sèche,dédouané avant arrivée,47.2,44.6,False,129708
CRI-05509,2025-05-13,Terminal à Conteneurs,Matériaux de construction,2,582,Transporteur D,Kaolack,190.6,Mardi,sèche,dédouané avant arrivée,78.6,88.5,True,1239758
CRI-05510,2025-05-13,Terminal à Conteneurs,Denrées alimentaires,1,469,Transporteur C,Kayes (Mali),908.3,Mardi,sèche,dédouané avant arrivée,90.1,38.4,True,346730
CRI-05511,2025-05-13,Môle 3,Équipements industriels,3,409,Transporteur F,Dakar (local),19.9,Mardi,sèche,bloqué (litige/documents),156.8,74.2,False,2455689
CRI-05512,2025-05-13,Môle 3,Matériaux de construction,3,411,Transporteur indépendant,Bamako (Mali),1248.7,Mardi,sèche,dédouanement en cours,50.7,53.6,True,461690
CRI-05513,2025-05-13,Terminal Roulier,Biens de consommation,1,461,Transporteur indépendant,Ziguinchor,443.9,Mardi,sèche,dédouané avant arrivée,77.0,27.3,True,197418
CRI-05514,2025-05-13,Terminal à Conteneurs,Denrées alimentaires,3,494,Transporteur B,Thiès,68.9,Mardi,sèche,dédouané avant arrivée,59.3,73.2,False,1233937
CRI-05515,2025-05-13,Terminal Roulier,Denrées alimentaires,2,436,Transporteur indépendant,Tambacounda,466.6,Mardi,sèche,dédouané avant arrivée,86.0,34.1,True,469065
CRI-05516,2025-05-13,Môle 1,Équipements industriels,3,454,Transporteur A,Ziguinchor,457.7,Mardi,sèche,dédouanement en cours,73.4,88.4,True,1508695
CRI-05517,2025-05-13,Terminal à Conteneurs,Biens de consommation,3,447,Transporteur C,Kayes (Mali),978.6,Mardi,sèche,dédouanement en cours,118.8,39.5,True,1538940
CRI-05518,2025-05-13,Terminal à Conteneurs,Matériaux de construction,1,462,Transporteur B,Kaolack,189.6,Mardi,sèche,dédouané avant arrivée,99.0,43.3,False,474144
CRI-05519,2025-05-13,Terminal à Conteneurs,Denrées alimentaires,1,421,Transporteur B,Kayes (Mali),974.4,Mardi,sèche,dédouanement en cours,81.8,54.6,False,317961
CRI-05520,2025-05-13,Môle 1,Équipements industriels,1,425,Transporteur G,Thiès,69.8,Mardi,sèche,dédouané avant arrivée,88.3,78.9,False,561813
CRI-05521,2025-05-13,Terminal Roulier,Matériaux de construction,1,425,Transporteur G,Bamako (Mali),1193.0,Mardi,sèche,dédouané avant arrivée,47.4,52.3,True,179758
CRI-05522,2025-05-13,Terminal à Conteneurs,Matériaux de construction,1,449,Transporteur indépendant,Thiès,74.0,Mardi,sèche,dédouanement en cours,121.4,39.4,False,459483
CRI-05523,2025-05-14,Môle 1,Import général,2,404,Transporteur E,Thiès,72.3,Mercredi,sèche,dédouané avant arrivée,83.2,66.5,False,804871
CRI-05524,2025-05-14,Môle 1,Biens de consommation,2,344,Transporteur A,Bamako (Mali),1270.4,Mercredi,sèche,bloqué (litige/documents),119.7,46.2,False,1166546
CRI-05525,2025-05-14,Môle 3,Import général,1,424,Transporteur C,Thiès,71.6,Mercredi,sèche,dédouanement en cours,126.0,72.5,False,757994
CRI-05526,2025-05-14,Terminal Roulier,Import général,1,353,Transporteur A,Tambacounda,473.5,Mercredi,sèche,dédouanement en cours,96.2,45.7,False,388592
CRI-05527,2025-05-14,Terminal à Conteneurs,Biens de consommation,1,326,Transporteur C,Kayes (Mali),946.8,Mercredi,sèche,dédouané avant arrivée,57.5,41.4,True,171854
CRI-05528,2025-05-14,Terminal à Conteneurs,Hydrocarbures,2,390,Transporteur A,Kaédi (Mauritanie),461.5,Mercredi,sèche,dédouanement en cours,53.3,80.3,False,663999
CRI-05529,2025-05-14,Terminal Roulier,Import général,3,382,Transporteur F,Bamako (Mali),1249.3,Mercredi,sèche,dédouanement en cours,88.8,22.5,True,584451
CRI-05530,2025-05-14,Terminal à Conteneurs,Biens de consommation,1,437,Transporteur indépendant,Kaédi (Mauritanie),459.7,Mercredi,sèche,dédouané avant arrivée,76.2,71.5,True,469071
CRI-05531,2025-05-14,Môle 1,Matériaux de construction,1,365,Transporteur E,Bamako (Mali),1189.3,Mercredi,sèche,dédouané avant arrivée,48.0,42.5,True,92864
CRI-05532,2025-05-14,Terminal à Conteneurs,Matériaux de construction,1,337,Transporteur G,Touba,190.6,Mercredi,sèche,dédouané avant arrivée,65.8,50.6,False,304989
CRI-05533,2025-05-14,Terminal à Conteneurs,Import général,2,359,Transporteur F,Kaédi (Mauritanie),473.3,Mercredi,sèche,dédouané avant arrivée,72.4,49.9,False,698748
CRI-05534,2025-05-14,Terminal à Conteneurs,Hydrocarbures,1,397,Transporteur F,Dakar (local),20.2,Mercredi,sèche,bloqué (litige/documents),76.2,27.6,False,165468
CRI-05535,2025-05-14,Terminal Roulier,Denrées alimentaires,2,419,Transporteur indépendant,Thiès,72.2,Mercredi,sèche,bloqué (litige/documents),130.7,45.1,False,956455
CRI-05536,2025-05-15,Terminal à Conteneurs,Denrées alimentaires,1,346,Transporteur D,Bamako (Mali),1252.4,Jeudi,sèche,dédouané avant arrivée,72.8,27.7,False,132622
CRI-05537,2025-05-15,Terminal à Conteneurs,Denrées alimentaires,1,333,Transporteur E,Bamako (Mali),1205.1,Jeudi,sèche,dédouané avant arrivée,54.6,78.4,True,415100
CRI-05538,2025-05-15,Terminal à Conteneurs,Hydrocarbures,1,317,Transporteur F,Dakar (local),20.5,Jeudi,sèche,dédouané avant arrivée,57.4,41.7,False,129339
CRI-05539,2025-05-15,Môle 1,Denrées alimentaires,1,483,Transporteur G,Touba,195.1,Jeudi,sèche,dédouanement en cours,64.7,91.1,False,499735
CRI-05540,2025-05-15,Môle 8,Import général,1,371,Transporteur B,Dakar (local),19.5,Jeudi,sèche,dédouanement en cours,61.5,30.3,False,101889
CRI-05541,2025-05-15,Terminal Roulier,Matériaux de construction,2,410,Transporteur D,Bamako (Mali),1266.8,Jeudi,sèche,dédouané avant arrivée,65.5,75.9,True,702253
CRI-05542,2025-05-15,Môle 3,Denrées alimentaires,1,247,Transporteur A,Bamako (Mali),1238.1,Jeudi,sèche,dédouané avant arrivée,47.6,18.4,False,0
CRI-05543,2025-05-15,Môle 1,Import général,2,377,Transporteur C,Bamako (Mali),1226.9,Jeudi,sèche,dédouané avant arrivée,56.2,64.1,True,667938
CRI-05544,2025-05-15,Môle 3,Hydrocarbures,2,341,Transporteur C,Dakar (local),20.0,Jeudi,sèche,dédouané avant arrivée,60.9,33.7,False,261965
CRI-05545,2025-05-15,Môle 1,Import général,1,398,Transporteur C,Bamako (Mali),1206.8,Jeudi,sèche,dédouanement en cours,59.1,62.2,False,339176
CRI-05546,2025-05-15,Môle 1,Import général,1,331,Transporteur D,Tambacounda,489.6,Jeudi,sèche,dédouané avant arrivée,53.0,32.8,False,71660
CRI-05547,2025-05-15,Terminal à Conteneurs,Hydrocarbures,1,308,Transporteur G,Dakar (local),19.5,Jeudi,sèche,dédouanement en cours,70.5,35.9,False,228307
CRI-05548,2025-05-15,Môle 1,Import général,1,434,Transporteur C,Bamako (Mali),1191.1,Jeudi,sèche,bloqué (litige/documents),130.3,29.3,True,443790
CRI-05549,2025-05-15,Terminal à Conteneurs,Denrées alimentaires,1,421,Transporteur F,Bamako (Mali),1287.4,Jeudi,sèche,dédouané avant arrivée,59.0,25.8,True,81343
CRI-05550,2025-05-15,Terminal à Conteneurs,Matériaux de construction,1,430,Transporteur G,Kayes (Mali),910.0,Jeudi,sèche,bloqué (litige/documents),119.9,63.7,True,724608
CRI-05551,2025-05-16,Terminal à Conteneurs,Biens de consommation,1,491,Transporteur C,Kayes (Mali),924.5,Vendredi,sèche,dédouané avant arrivée,99.9,119.2,True,713797
CRI-05552,2025-05-16,Môle 1,Denrées alimentaires,3,369,Transporteur E,Touba,199.0,Vendredi,sèche,dédouané avant arrivée,63.4,66.1,False,777393
CRI-05553,2025-05-16,Môle 1,Import général,1,351,Transporteur G,Thiès,70.3,Vendredi,sèche,dédouané avant arrivée,44.1,38.1,False,70537
CRI-05554,2025-05-16,Terminal Roulier,Équipements industriels,1,364,Transporteur C,Dakar (local),19.4,Vendredi,sèche,dédouanement en cours,67.1,24.1,False,133091
CRI-05555,2025-05-16,Môle 1,Matériaux de construction,2,405,Transporteur A,Touba,186.8,Vendredi,sèche,dédouané avant arrivée,59.9,49.8,False,460593
CRI-05556,2025-05-16,Môle 1,Matériaux de construction,1,460,Transporteur E,Bamako (Mali),1200.8,Vendredi,sèche,dédouané avant arrivée,58.8,90.5,True,428872
CRI-05557,2025-05-16,Môle 1,Matériaux de construction,1,338,Transporteur E,Tambacounda,457.9,Vendredi,sèche,dédouané avant arrivée,118.1,25.8,True,412995
CRI-05558,2025-05-16,Môle 1,Biens de consommation,2,403,Transporteur G,Touba,186.2,Vendredi,sèche,dédouanement en cours,118.7,54.4,False,1276820
CRI-05559,2025-05-16,Terminal à Conteneurs,Denrées alimentaires,1,341,Transporteur B,Tambacounda,465.5,Vendredi,sèche,dédouanement en cours,101.3,26.6,False,283683
CRI-05560,2025-05-16,Terminal à Conteneurs,Import général,1,333,Transporteur F,Kaédi (Mauritanie),477.3,Vendredi,sèche,dédouanement en cours,31.1,44.8,True,21319
CRI-05561,2025-05-16,Terminal à Conteneurs,Biens de consommation,2,413,Transporteur indépendant,Kayes (Mali),937.0,Vendredi,sèche,dédouané avant arrivée,54.7,59.5,True,557077
CRI-05562,2025-05-16,Môle 8,Biens de consommation,1,475,Transporteur C,Touba,194.4,Vendredi,sèche,dédouané avant arrivée,44.4,44.4,False,82700
CRI-05563,2025-05-16,Môle 8,Biens de consommation,1,338,Transporteur F,Bamako (Mali),1222.6,Vendredi,sèche,dédouané avant arrivée,43.4,48.2,True,107077
CRI-05564,2025-05-16,Terminal à Conteneurs,Denrées alimentaires,1,372,Transporteur D,Kayes (Mali),980.2,Vendredi,sèche,bloqué (litige/documents),154.2,47.2,False,765774
CRI-05565,2025-05-17,Môle 3,Biens de consommation,2,415,Transporteur C,Bamako (Mali),1183.8,Samedi,sèche,bloqué (litige/documents),134.3,58.9,True,1184324
CRI-05566,2025-05-17,Môle 1,Import général,1,432,Transporteur A,Thiès,70.4,Samedi,sèche,dédouané avant arrivée,72.2,25.8,False,161799
CRI-05567,2025-05-17,Terminal Roulier,Denrées alimentaires,1,429,Transporteur E,Dakar (local),20.6,Samedi,sèche,dédouané avant arrivée,59.2,61.5,False,240931
CRI-05568,2025-05-17,Terminal à Conteneurs,Import général,1,311,Transporteur C,Dakar (local),20.2,Samedi,sèche,bloqué (litige/documents),170.1,31.5,False,873403
CRI-05569,2025-05-17,Terminal à Conteneurs,Import général,2,409,Transporteur D,Tambacounda,477.9,Samedi,sèche,dédouané avant arrivée,63.6,79.3,True,693310
CRI-05570,2025-05-17,Môle 1,Denrées alimentaires,1,425,Transporteur D,Dakar (local),21.1,Samedi,sèche,dédouané avant arrivée,67.1,56.0,False,272387
CRI-05571,2025-05-17,Terminal à Conteneurs,Hydrocarbures,1,342,Transporteur F,Dakar (local),20.1,Samedi,sèche,dédouanement en cours,107.1,29.0,False,368499
CRI-05572,2025-05-17,Terminal à Conteneurs,Denrées alimentaires,1,427,Transporteur indépendant,Bamako (Mali),1241.3,Samedi,sèche,dédouanement en cours,103.2,39.5,True,401069
CRI-05573,2025-05-17,Môle 1,Import général,1,386,Transporteur G,Dakar (local),20.2,Samedi,sèche,dédouanement en cours,69.6,70.3,False,369579
CRI-05574,2025-05-17,Môle 3,Denrées alimentaires,1,408,Transporteur C,Kaédi (Mauritanie),445.9,Samedi,sèche,dédouané avant arrivée,58.0,47.7,False,235250
CRI-05575,2025-05-17,Terminal à Conteneurs,Biens de consommation,1,433,Transporteur E,Dakar (local),20.5,Samedi,sèche,dédouané avant arrivée,56.8,34.1,False,122281
CRI-05576,2025-05-17,Terminal à Conteneurs,Matériaux de construction,2,391,Transporteur G,Thiès,71.3,Samedi,sèche,dédouané avant arrivée,97.3,52.3,False,1068135
CRI-05577,2025-05-17,Terminal à Conteneurs,Import général,2,423,Transporteur A,Ziguinchor,440.2,Samedi,sèche,dédouanement en cours,89.4,43.0,False,545321
CRI-05578,2025-05-17,Môle 8,Biens de consommation,2,322,Transporteur B,Dakar (local),20.7,Samedi,sèche,dédouané avant arrivée,47.2,33.6,False,101840
CRI-05579,2025-05-17,Môle 3,Denrées alimentaires,2,425,Transporteur B,Bamako (Mali),1241.3,Samedi,sèche,bloqué (litige/documents),112.3,38.1,True,941518
CRI-05580,2025-05-17,Môle 1,Import général,1,377,Transporteur G,Kayes (Mali),996.6,Samedi,sèche,dédouané avant arrivée,45.1,40.1,True,74855
CRI-05581,2025-05-17,Terminal Roulier,Import général,2,382,Transporteur B,Ziguinchor,432.5,Samedi,sèche,dédouané avant arrivée,58.6,34.9,False,224973
CRI-05582,2025-05-17,Terminal à Conteneurs,Denrées alimentaires,2,394,Transporteur D,Kayes (Mali),975.4,Samedi,sèche,dédouané avant arrivée,68.4,66.9,True,608795
CRI-05583,2025-05-17,Terminal à Conteneurs,Denrées alimentaires,1,428,Transporteur A,Kaolack,194.3,Samedi,sèche,dédouanement en cours,115.4,39.2,False,565122
CRI-05584,2025-05-17,Terminal à Conteneurs,Denrées alimentaires,3,372,Transporteur C,Thiès,72.8,Samedi,sèche,dédouané avant arrivée,55.8,60.3,False,909062
CRI-05585,2025-05-18,Terminal à Conteneurs,Import général,1,279,Transporteur E,Kayes (Mali),977.8,Dimanche,sèche,dédouanement en cours,51.3,25.1,True,29735
CRI-05586,2025-05-18,Môle 3,Denrées alimentaires,1,300,Transporteur D,Kayes (Mali),961.3,Dimanche,sèche,dédouanement en cours,84.7,49.5,False,334920
CRI-05587,2025-05-18,Terminal Roulier,Hydrocarbures,3,266,Transporteur A,Dakar (local),20.8,Dimanche,sèche,dédouané avant arrivée,28.1,26.0,False,0
CRI-05588,2025-05-18,Môle 8,Biens de consommation,2,357,Transporteur E,Touba,197.2,Dimanche,sèche,dédouanement en cours,52.3,39.6,False,247855
CRI-05589,2025-05-18,Terminal Roulier,Denrées alimentaires,1,273,Transporteur D,Kaolack,180.6,Dimanche,sèche,dédouané avant arrivée,55.4,14.4,False,0
CRI-05590,2025-05-18,Môle 8,Équipements industriels,1,291,Transporteur D,Bamako (Mali),1182.6,Dimanche,sèche,dédouané avant arrivée,45.3,22.0,True,0
CRI-05591,2025-05-18,Môle 1,Matériaux de construction,2,320,Transporteur G,Dakar (local),20.3,Dimanche,sèche,bloqué (litige/documents),127.7,48.1,False,1228747
CRI-05592,2025-05-18,Terminal à Conteneurs,Import général,3,243,Transporteur indépendant,Dakar (local),20.6,Dimanche,sèche,dédouanement en cours,63.7,27.5,False,397407
CRI-05593,2025-05-18,Terminal Roulier,Import général,2,295,Transporteur B,Dakar (local),19.7,Dimanche,sèche,bloqué (litige/documents),79.4,30.7,False,533177
CRI-05594,2025-05-18,Terminal Roulier,Hydrocarbures,2,323,Transporteur A,Bamako (Mali),1220.1,Dimanche,sèche,dédouanement en cours,94.9,47.6,False,784895
CRI-05595,2025-05-18,Môle 1,Hydrocarbures,1,298,Transporteur E,Bamako (Mali),1209.8,Dimanche,sèche,dédouané avant arrivée,64.6,40.7,True,163107
CRI-05596,2025-05-18,Môle 3,Hydrocarbures,1,302,Transporteur G,Ziguinchor,428.2,Dimanche,sèche,dédouanement en cours,55.6,32.0,False,80491
CRI-05597,2025-05-18,Terminal à Conteneurs,Import général,1,239,Transporteur B,Kaolack,191.3,Dimanche,sèche,dédouanement en cours,79.4,38.6,False,274760
CRI-05598,2025-05-18,Môle 3,Matériaux de construction,2,274,Transporteur C,Bamako (Mali),1203.2,Dimanche,sèche,dédouané avant arrivée,41.0,25.0,True,0
CRI-05599,2025-05-18,Terminal Roulier,Matériaux de construction,2,278,Transporteur F,Kaolack,191.7,Dimanche,sèche,bloqué (litige/documents),186.5,27.5,False,1718573
CRI-05600,2025-05-19,Môle 3,Denrées alimentaires,1,416,Transporteur D,Ziguinchor,417.8,Lundi,sèche,dédouanement en cours,114.1,53.6,False,515728
CRI-05601,2025-05-19,Môle 8,Import général,1,548,Transporteur C,Bamako (Mali),1204.9,Lundi,sèche,dédouané avant arrivée,89.0,80.4,True,555592
CRI-05602,2025-05-19,Môle 3,Import général,1,378,Transporteur B,Touba,192.0,Lundi,sèche,bloqué (litige/documents),140.8,72.5,False,904477
CRI-05603,2025-05-19,Môle 1,Matériaux de construction,1,410,Transporteur indépendant,Bamako (Mali),1219.9,Lundi,sèche,dédouané avant arrivée,89.3,82.1,True,573282
CRI-05604,2025-05-19,Môle 1,Biens de consommation,1,425,Transporteur F,Ziguinchor,448.7,Lundi,sèche,bloqué (litige/documents),125.1,32.0,False,563323
CRI-05605,2025-05-19,Terminal à Conteneurs,Biens de consommation,2,368,Transporteur F,Bamako (Mali),1220.3,Lundi,sèche,dédouanement en cours,60.6,28.9,True,214449
CRI-05606,2025-05-20,Terminal à Conteneurs,Import général,1,444,Transporteur indépendant,Bamako (Mali),1184.5,Mardi,sèche,dédouanement en cours,98.0,45.6,True,412128
CRI-05607,2025-05-20,Môle 1,Denrées alimentaires,2,402,Transporteur F,Kaolack,186.1,Mardi,sèche,dédouané avant arrivée,79.8,67.3,True,820504
CRI-05608,2025-05-20,Môle 1,Matériaux de construction,1,437,Transporteur indépendant,Dakar (local),19.7,Mardi,sèche,bloqué (litige/documents),117.3,33.4,True,523008
CRI-05609,2025-05-20,Môle 1,Matériaux de construction,2,417,Transporteur B,Bamako (Mali),1176.5,Mardi,sèche,bloqué (litige/documents),136.2,34.6,True,946555
CRI-05610,2025-05-20,Terminal à Conteneurs,Import général,1,363,Transporteur B,Tambacounda,491.7,Mardi,sèche,dédouanement en cours,49.7,32.8,False,61976
CRI-05611,2025-05-20,Môle 1,Biens de consommation,2,413,Transporteur F,Tambacounda,476.8,Mardi,sèche,dédouanement en cours,101.5,71.2,True,1256140
CRI-05612,2025-05-20,Môle 3,Hydrocarbures,1,492,Transporteur F,Tambacounda,455.6,Mardi,sèche,dédouanement en cours,117.4,62.9,True,491721
CRI-05613,2025-05-20,Môle 3,Import général,4,431,Transporteur A,Kaédi (Mauritanie),469.2,Mardi,sèche,dédouanement en cours,118.9,52.9,False,2152677
CRI-05614,2025-05-20,Terminal à Conteneurs,Denrées alimentaires,1,444,Transporteur E,Bamako (Mali),1202.8,Mardi,sèche,dédouané avant arrivée,32.5,47.8,True,55327
CRI-05615,2025-05-20,Terminal à Conteneurs,Hydrocarbures,1,479,Transporteur A,Kayes (Mali),945.2,Mardi,sèche,dédouanement en cours,105.7,114.4,False,759638
CRI-05616,2025-05-20,Terminal à Conteneurs,Denrées alimentaires,2,539,Transporteur indépendant,Thiès,65.8,Mardi,sèche,dédouané avant arrivée,73.7,69.2,False,841576
CRI-05617,2025-05-20,Môle 3,Import général,2,454,Transporteur A,Kayes (Mali),932.4,Mardi,sèche,dédouané avant arrivée,41.2,60.9,True,292821
CRI-05618,2025-05-20,Terminal à Conteneurs,Denrées alimentaires,1,440,Transporteur A,Kayes (Mali),964.7,Mardi,sèche,dédouanement en cours,121.0,33.6,True,418599
CRI-05619,2025-05-20,Terminal Roulier,Biens de consommation,3,490,Transporteur G,Kaédi (Mauritanie),491.5,Mardi,sèche,dédouanement en cours,89.3,91.5,True,1977899
CRI-05620,2025-05-20,Terminal à Conteneurs,Hydrocarbures,2,512,Transporteur B,Kaolack,182.2,Mardi,sèche,dédouané avant arrivée,121.9,52.8,False,1427475
CRI-05621,2025-05-20,Môle 3,Équipements industriels,3,452,Transporteur B,Kayes (Mali),943.1,Mardi,sèche,dédouanement en cours,78.2,54.6,True,1272709
CRI-05622,2025-05-20,Terminal Roulier,Denrées alimentaires,2,428,Transporteur E,Kayes (Mali),962.8,Mardi,sèche,dédouané avant arrivée,67.0,44.9,True,430566
CRI-05623,2025-05-20,Môle 8,Équipements industriels,3,600,Transporteur A,Dakar (local),20.2,Mardi,sèche,dédouanement en cours,95.9,91.9,False,2207769
CRI-05624,2025-05-20,Terminal à Conteneurs,Import général,2,400,Transporteur indépendant,Dakar (local),19.2,Mardi,sèche,bloqué (litige/documents),69.0,50.5,False,659066
CRI-05625,2025-05-20,Terminal à Conteneurs,Import général,1,470,Transporteur B,Dakar (local),19.7,Mardi,sèche,dédouanement en cours,40.3,46.2,False,68590
CRI-05626,2025-05-21,Môle 1,Biens de consommation,1,341,Transporteur A,Kaolack,185.6,Mercredi,sèche,dédouanement en cours,106.0,35.2,False,338306
CRI-05627,2025-05-21,Terminal Roulier,Biens de consommation,3,365,Transporteur G,Tambacounda,478.5,Mercredi,sèche,dédouanement en cours,41.7,56.9,False,450526
CRI-05628,2025-05-21,Môle 1,Denrées alimentaires,4,402,Transporteur E,Dakar (local),19.4,Mercredi,sèche,dédouané avant arrivée,57.3,41.0,False,487714
CRI-05629,2025-05-21,Terminal à Conteneurs,Denrées alimentaires,1,438,Transporteur C,Dakar (local),19.8,Mercredi,sèche,dédouané avant arrivée,73.5,45.2,False,250088
CRI-05630,2025-05-21,Môle 1,Biens de consommation,3,403,Transporteur D,Dakar (local),19.3,Mercredi,sèche,dédouanement en cours,31.9,44.0,False,76031
CRI-05631,2025-05-21,Terminal à Conteneurs,Matériaux de construction,2,418,Transporteur B,Bamako (Mali),1227.1,Mercredi,sèche,dédouanement en cours,88.1,65.9,False,899866
CRI-05632,2025-05-21,Môle 1,Denrées alimentaires,1,385,Transporteur B,Dakar (local),20.7,Mercredi,sèche,dédouanement en cours,74.4,41.6,False,258928
CRI-05633,2025-05-21,Môle 1,Matériaux de construction,1,397,Transporteur C,Thiès,70.1,Mercredi,sèche,dédouanement en cours,60.9,70.0,False,388638
CRI-05634,2025-05-21,Môle 3,Hydrocarbures,1,394,Transporteur B,Tambacounda,458.4,Mercredi,sèche,dédouanement en cours,56.3,27.2,True,67694
CRI-05635,2025-05-21,Terminal à Conteneurs,Biens de consommation,1,392,Transporteur G,Dakar (local),19.5,Mercredi,sèche,dédouané avant arrivée,69.0,40.4,False,244670
CRI-05636,2025-05-21,Môle 3,Import général,3,394,Transporteur F,Touba,185.2,Mercredi,sèche,dédouanement en cours,76.0,39.6,False,665347
CRI-05637,2025-05-21,Terminal Roulier,Import général,3,393,Transporteur A,Tambacounda,464.7,Mercredi,sèche,bloqué (litige/documents),157.5,73.8,False,2248963
CRI-05638,2025-05-21,Terminal Roulier,Denrées alimentaires,2,397,Transporteur C,Kayes (Mali),965.8,Mercredi,sèche,dédouané avant arrivée,53.6,49.6,True,357392
CRI-05639,2025-05-21,Môle 3,Biens de consommation,1,386,Transporteur G,Thiès,70.0,Mercredi,sèche,dédouané avant arrivée,33.2,26.9,False,0
CRI-05640,2025-05-22,Môle 1,Import général,4,343,Transporteur E,Bamako (Mali),1235.2,Jeudi,sèche,dédouané avant arrivée,62.3,39.0,True,725265
CRI-05641,2025-05-22,Terminal Roulier,Denrées alimentaires,2,348,Transporteur D,Bamako (Mali),1258.7,Jeudi,sèche,dédouané avant arrivée,56.6,48.1,True,420004
CRI-05642,2025-05-22,Terminal à Conteneurs,Biens de consommation,2,467,Transporteur indépendant,Kayes (Mali),938.5,Jeudi,sèche,bloqué (litige/documents),106.7,68.3,True,1135905
CRI-05643,2025-05-22,Terminal à Conteneurs,Import général,1,418,Transporteur E,Bamako (Mali),1228.7,Jeudi,sèche,dédouané avant arrivée,55.9,85.3,True,384137
CRI-05644,2025-05-22,Terminal à Conteneurs,Import général,1,405,Transporteur A,Thiès,66.2,Jeudi,sèche,dédouané avant arrivée,93.5,36.7,False,269299
CRI-05645,2025-05-22,Môle 3,Biens de consommation,1,452,Transporteur indépendant,Tambacounda,454.1,Jeudi,sèche,bloqué (litige/documents),154.8,47.8,True,849062
CRI-05646,2025-05-22,Terminal Roulier,Import général,1,412,Transporteur B,Bamako (Mali),1225.7,Jeudi,sèche,dédouanement en cours,72.7,53.8,False,315278
CRI-05647,2025-05-22,Terminal à Conteneurs,Biens de consommation,1,343,Transporteur B,Dakar (local),20.1,Jeudi,sèche,dédouanement en cours,86.2,48.1,False,354084
CRI-05648,2025-05-22,Terminal Roulier,Biens de consommation,1,386,Transporteur F,Dakar (local),19.3,Jeudi,sèche,dédouanement en cours,68.0,33.3,False,152009
CRI-05649,2025-05-22,Terminal à Conteneurs,Matériaux de construction,4,356,Transporteur B,Ziguinchor,440.6,Jeudi,sèche,dédouané avant arrivée,65.3,49.1,False,1000724
CRI-05650,2025-05-23,Terminal à Conteneurs,Denrées alimentaires,1,361,Transporteur G,Kaolack,188.3,Vendredi,sèche,dédouanement en cours,79.1,55.2,False,300511
CRI-05651,2025-05-23,Môle 3,Denrées alimentaires,4,400,Transporteur C,Thiès,72.5,Vendredi,sèche,dédouané avant arrivée,59.1,49.3,False,850954
CRI-05652,2025-05-23,Môle 3,Matériaux de construction,3,469,Transporteur B,Kaédi (Mauritanie),477.2,Vendredi,sèche,dédouané avant arrivée,63.6,37.0,False,442956
CRI-05653,2025-05-23,Terminal à Conteneurs,Denrées alimentaires,1,432,Transporteur E,Bamako (Mali),1253.5,Vendredi,sèche,dédouané avant arrivée,37.1,31.0,True,0
CRI-05654,2025-05-23,Terminal à Conteneurs,Hydrocarbures,1,388,Transporteur C,Dakar (local),19.9,Vendredi,sèche,bloqué (litige/documents),202.7,55.4,False,1276986
CRI-05655,2025-05-23,Môle 1,Denrées alimentaires,1,398,Transporteur indépendant,Dakar (local),19.2,Vendredi,sèche,dédouané avant arrivée,90.7,20.3,False,182978
CRI-05656,2025-05-23,Môle 8,Denrées alimentaires,1,412,Transporteur E,Dakar (local),19.8,Vendredi,sèche,bloqué (litige/documents),105.8,58.3,False,467395
CRI-05657,2025-05-24,Terminal à Conteneurs,Équipements industriels,1,382,Transporteur A,Kaolack,185.1,Samedi,sèche,dédouané avant arrivée,67.9,37.4,False,215557
CRI-05658,2025-05-24,Môle 3,Biens de consommation,2,395,Transporteur D,Dakar (local),19.7,Samedi,sèche,bloqué (litige/documents),133.2,62.7,False,1405518
CRI-05659,2025-05-24,Terminal à Conteneurs,Matériaux de construction,1,384,Transporteur B,Dakar (local),20.2,Samedi,sèche,dédouané avant arrivée,37.3,45.4,False,65777
CRI-05660,2025-05-24,Môle 1,Import général,1,403,Transporteur F,Tambacounda,441.0,Samedi,sèche,dédouané avant arrivée,55.5,43.1,False,180474
CRI-05661,2025-05-24,Terminal Roulier,Import général,2,362,Transporteur D,Kaolack,185.8,Samedi,sèche,dédouanement en cours,64.7,50.0,False,568203
CRI-05662,2025-05-25,Terminal à Conteneurs,Import général,1,314,Transporteur D,Dakar (local),20.3,Dimanche,sèche,dédouanement en cours,115.1,33.5,False,474015
CRI-05663,2025-05-25,Terminal à Conteneurs,Denrées alimentaires,3,304,Transporteur indépendant,Dakar (local),20.6,Dimanche,sèche,dédouané avant arrivée,91.8,34.6,False,868310
CRI-05664,2025-05-25,Môle 8,Biens de consommation,2,226,Transporteur B,Tambacounda,464.1,Dimanche,sèche,dédouané avant arrivée,25.6,29.8,False,0
CRI-05665,2025-05-25,Terminal à Conteneurs,Matériaux de construction,1,244,Transporteur C,Kayes (Mali),920.8,Dimanche,sèche,dédouané avant arrivée,36.6,20.4,False,0
CRI-05666,2025-05-25,Terminal Roulier,Matériaux de construction,1,317,Transporteur F,Kayes (Mali),947.0,Dimanche,sèche,dédouanement en cours,69.9,66.7,False,388349
CRI-05667,2025-05-25,Môle 1,Biens de consommation,2,329,Transporteur G,Thiès,70.0,Dimanche,sèche,dédouané avant arrivée,76.9,48.9,False,644081
CRI-05668,2025-05-25,Terminal à Conteneurs,Denrées alimentaires,1,315,Transporteur D,Kayes (Mali),966.9,Dimanche,sèche,bloqué (litige/documents),84.2,24.4,False,178691
CRI-05669,2025-05-25,Terminal à Conteneurs,Import général,2,329,Transporteur F,Bamako (Mali),1178.9,Dimanche,sèche,dédouané avant arrivée,39.2,37.1,True,42343
CRI-05670,2025-05-25,Môle 8,Matériaux de construction,1,322,Transporteur C,Dakar (local),20.7,Dimanche,sèche,dédouanement en cours,77.7,62.9,False,479050
CRI-05671,2025-05-25,Terminal à Conteneurs,Matériaux de construction,1,322,Transporteur E,Bamako (Mali),1266.5,Dimanche,sèche,dédouanement en cours,84.7,35.2,False,266271
CRI-05672,2025-05-25,Môle 3,Biens de consommation,2,375,Transporteur B,Bamako (Mali),1223.7,Dimanche,sèche,dédouanement en cours,135.6,60.8,True,1539225
CRI-05673,2025-05-25,Terminal Roulier,Import général,1,294,Transporteur B,Thiès,70.8,Dimanche,sèche,dédouanement en cours,42.3,35.7,False,40156
CRI-05674,2025-05-25,Terminal à Conteneurs,Import général,1,278,Transporteur E,Bamako (Mali),1246.4,Dimanche,sèche,dédouanement en cours,85.7,31.8,True,260489
CRI-05675,2025-05-26,Môle 1,Denrées alimentaires,2,493,Transporteur indépendant,Bamako (Mali),1189.2,Lundi,sèche,dédouané avant arrivée,93.9,42.9,True,728022
CRI-05676,2025-05-26,Môle 3,Denrées alimentaires,2,467,Transporteur indépendant,Dakar (local),20.1,Lundi,sèche,dédouanement en cours,130.2,41.0,True,1051761
CRI-05677,2025-05-26,Terminal à Conteneurs,Matériaux de construction,1,325,Transporteur B,Dakar (local),19.8,Lundi,sèche,dédouanement en cours,47.6,43.0,False,126412
CRI-05678,2025-05-26,Terminal à Conteneurs,Matériaux de construction,2,432,Transporteur D,Kayes (Mali),935.0,Lundi,sèche,dédouané avant arrivée,43.6,41.6,True,144286
CRI-05679,2025-05-26,Terminal à Conteneurs,Équipements industriels,4,474,Transporteur G,Kaédi (Mauritanie),452.4,Lundi,sèche,bloqué (litige/documents),90.3,42.3,True,1232475
CRI-05680,2025-05-26,Môle 3,Import général,2,398,Transporteur F,Touba,183.1,Lundi,sèche,dédouanement en cours,51.3,49.3,False,300932
CRI-05681,2025-05-26,Terminal Roulier,Denrées alimentaires,4,472,Transporteur G,Kayes (Mali),964.3,Lundi,sèche,dédouanement en cours,97.5,57.5,True,1846456
CRI-05682,2025-05-26,Môle 1,Hydrocarbures,4,526,Transporteur G,Kaolack,186.6,Lundi,sèche,dédouanement en cours,59.4,44.6,True,665825
CRI-05683,2025-05-26,Môle 1,Biens de consommation,2,462,Transporteur C,Tambacounda,460.3,Lundi,sèche,dédouané avant arrivée,80.1,75.7,False,1031249
CRI-05684,2025-05-26,Terminal à Conteneurs,Import général,1,452,Transporteur A,Kayes (Mali),1037.2,Lundi,sèche,bloqué (litige/documents),80.8,59.9,True,388563
CRI-05685,2025-05-27,Terminal à Conteneurs,Denrées alimentaires,2,469,Transporteur G,Kaédi (Mauritanie),462.9,Mardi,sèche,dédouané avant arrivée,96.9,66.7,False,1003405
CRI-05686,2025-05-27,Terminal à Conteneurs,Import général,1,416,Transporteur A,Ziguinchor,436.7,Mardi,sèche,dédouané avant arrivée,36.0,65.8,False,180076
CRI-05687,2025-05-27,Terminal à Conteneurs,Matériaux de construction,1,392,Transporteur A,Bamako (Mali),1262.4,Mardi,sèche,dédouanement en cours,51.5,44.2,False,113440
CRI-05688,2025-05-27,Terminal à Conteneurs,Denrées alimentaires,2,548,Transporteur G,Dakar (local),19.6,Mardi,sèche,dédouanement en cours,160.9,64.8,False,2045426
CRI-05689,2025-05-27,Môle 1,Hydrocarbures,1,377,Transporteur D,Bamako (Mali),1191.5,Mardi,sèche,dédouané avant arrivée,57.6,78.4,True,351372
CRI-05690,2025-05-27,Terminal à Conteneurs,Matériaux de construction,2,364,Transporteur B,Dakar (local),19.4,Mardi,sèche,dédouanement en cours,64.6,73.2,False,594104
CRI-05691,2025-05-27,Terminal à Conteneurs,Denrées alimentaires,1,446,Transporteur C,Dakar (local),21.0,Mardi,sèche,dédouanement en cours,107.3,37.8,False,431436
CRI-05692,2025-05-27,Môle 8,Denrées alimentaires,2,373,Transporteur C,Dakar (local),20.3,Mardi,sèche,bloqué (litige/documents),156.4,35.2,False,1090415
CRI-05693,2025-05-27,Terminal à Conteneurs,Import général,3,481,Transporteur F,Dakar (local),19.2,Mardi,sèche,dédouanement en cours,83.3,53.4,False,931613
CRI-05694,2025-05-27,Terminal Roulier,Import général,1,498,Transporteur D,Ziguinchor,442.0,Mardi,sèche,dédouanement en cours,86.9,52.6,True,344025
CRI-05695,2025-05-27,Môle 3,Import général,1,478,Transporteur E,Tambacounda,485.6,Mardi,sèche,dédouanement en cours,77.8,52.0,False,403910
CRI-05696,2025-05-27,Terminal à Conteneurs,Import général,1,448,Transporteur D,Bamako (Mali),1214.7,Mardi,sèche,dédouanement en cours,63.3,49.0,True,200063
CRI-05697,2025-05-27,Môle 8,Matériaux de construction,2,396,Transporteur F,Touba,189.4,Mardi,sèche,dédouanement en cours,149.2,104.1,False,1999535
CRI-05698,2025-05-28,Môle 3,Matériaux de construction,2,354,Transporteur G,Kayes (Mali),960.1,Mercredi,sèche,dédouanement en cours,91.1,61.5,True,734884
CRI-05699,2025-05-28,Terminal Roulier,Import général,1,397,Transporteur A,Dakar (local),20.3,Mercredi,sèche,dédouanement en cours,94.2,48.4,False,405326
CRI-05700,2025-05-28,Môle 3,Import général,1,436,Transporteur F,Tambacounda,482.4,Mercredi,sèche,dédouané avant arrivée,64.8,39.2,False,187323
CRI-05701,2025-05-28,Môle 8,Équipements industriels,4,414,Transporteur indépendant,Dakar (local),20.3,Mercredi,sèche,dédouané avant arrivée,108.0,81.5,True,2328738
CRI-05702,2025-05-28,Terminal à Conteneurs,Hydrocarbures,3,394,Transporteur D,Tambacounda,443.2,Mercredi,sèche,dédouané avant arrivée,44.2,65.0,False,584844
CRI-05703,2025-05-28,Terminal à Conteneurs,Denrées alimentaires,1,344,Transporteur C,Tambacounda,492.5,Mercredi,sèche,dédouané avant arrivée,51.3,47.8,False,154660
CRI-05704,2025-05-29,Terminal à Conteneurs,Hydrocarbures,1,495,Transporteur E,Dakar (local),19.1,Jeudi,sèche,dédouanement en cours,85.4,65.8,False,527396
CRI-05705,2025-05-29,Môle 3,Matériaux de construction,1,310,Transporteur G,Kayes (Mali),949.5,Jeudi,sèche,dédouanement en cours,98.8,45.7,False,503781
CRI-05706,2025-05-29,Terminal à Conteneurs,Import général,1,391,Transporteur F,Tambacounda,493.2,Jeudi,sèche,bloqué (litige/documents),127.8,41.9,False,558426
CRI-05707,2025-05-29,Môle 3,Matériaux de construction,4,375,Transporteur indépendant,Touba,188.0,Jeudi,sèche,dédouané avant arrivée,60.1,52.1,False,995394
CRI-05708,2025-05-29,Terminal à Conteneurs,Matériaux de construction,1,374,Transporteur A,Dakar (local),21.2,Jeudi,sèche,dédouanement en cours,88.5,17.0,False,182969
CRI-05709,2025-05-29,Terminal à Conteneurs,Hydrocarbures,2,405,Transporteur C,Bamako (Mali),1234.1,Jeudi,sèche,dédouané avant arrivée,70.3,62.5,True,609482
CRI-05710,2025-05-29,Terminal Roulier,Denrées alimentaires,2,470,Transporteur B,Kayes (Mali),959.5,Jeudi,sèche,dédouanement en cours,88.0,37.1,True,602622
CRI-05711,2025-05-29,Terminal à Conteneurs,Hydrocarbures,3,448,Transporteur F,Thiès,71.4,Jeudi,sèche,dédouané avant arrivée,74.9,64.8,False,1337360
CRI-05712,2025-05-29,Môle 1,Import général,1,353,Transporteur E,Ziguinchor,451.8,Jeudi,sèche,dédouané avant arrivée,73.3,36.5,False,206566
CRI-05713,2025-05-29,Terminal à Conteneurs,Denrées alimentaires,1,420,Transporteur B,Dakar (local),19.8,Jeudi,sèche,dédouané avant arrivée,94.1,35.0,False,287240
CRI-05714,2025-05-29,Terminal à Conteneurs,Hydrocarbures,2,364,Transporteur B,Bamako (Mali),1221.7,Jeudi,sèche,dédouané avant arrivée,58.8,75.5,False,740911
CRI-05715,2025-05-29,Terminal à Conteneurs,Denrées alimentaires,2,448,Transporteur F,Touba,191.0,Jeudi,sèche,dédouanement en cours,74.8,51.2,False,687288
CRI-05716,2025-05-29,Môle 8,Matériaux de construction,1,472,Transporteur F,Thiès,73.1,Jeudi,sèche,bloqué (litige/documents),100.3,53.4,False,378905
CRI-05717,2025-05-29,Terminal Roulier,Import général,1,358,Transporteur F,Dakar (local),21.1,Jeudi,sèche,dédouanement en cours,48.8,36.6,False,63392
CRI-05718,2025-05-29,Môle 3,Hydrocarbures,1,363,Transporteur G,Thiès,69.8,Jeudi,sèche,dédouané avant arrivée,67.2,39.3,False,170315
CRI-05719,2025-05-30,Môle 3,Biens de consommation,1,395,Transporteur G,Dakar (local),19.0,Vendredi,sèche,dédouanement en cours,106.1,119.2,False,779023
CRI-05720,2025-05-30,Terminal à Conteneurs,Biens de consommation,1,345,Transporteur E,Bamako (Mali),1155.4,Vendredi,sèche,dédouané avant arrivée,56.5,38.1,False,134567
CRI-05721,2025-05-30,Môle 3,Biens de consommation,3,398,Transporteur A,Dakar (local),19.5,Vendredi,sèche,bloqué (litige/documents),175.2,63.3,False,2899001
CRI-05722,2025-05-30,Terminal Roulier,Biens de consommation,4,427,Transporteur F,Bamako (Mali),1153.7,Vendredi,sèche,dédouanement en cours,106.5,47.2,True,1796242
CRI-05723,2025-05-30,Môle 1,Import général,2,380,Transporteur C,Thiès,71.5,Vendredi,sèche,dédouanement en cours,66.2,34.0,False,346712
CRI-05724,2025-05-31,Terminal Roulier,Denrées alimentaires,4,307,Transporteur B,Dakar (local),20.4,Samedi,sèche,dédouané avant arrivée,27.9,34.7,False,0
CRI-05725,2025-05-31,Terminal à Conteneurs,Import général,2,373,Transporteur F,Kaédi (Mauritanie),470.3,Samedi,sèche,dédouanement en cours,98.2,75.8,False,1132438
CRI-05726,2025-05-31,Môle 1,Import général,1,364,Transporteur D,Dakar (local),19.9,Samedi,sèche,dédouané avant arrivée,74.9,51.9,False,334480
CRI-05727,2025-05-31,Terminal à Conteneurs,Denrées alimentaires,1,377,Transporteur D,Tambacounda,468.4,Samedi,sèche,dédouanement en cours,59.3,52.7,True,222423
CRI-05728,2025-05-31,Môle 3,Denrées alimentaires,1,474,Transporteur indépendant,Kayes (Mali),930.0,Samedi,sèche,dédouanement en cours,75.3,39.5,True,244814
CRI-05729,2025-05-31,Terminal à Conteneurs,Import général,1,370,Transporteur G,Touba,193.3,Samedi,sèche,dédouané avant arrivée,67.1,42.0,False,246274
CRI-05730,2025-05-31,Terminal à Conteneurs,Biens de consommation,1,437,Transporteur A,Kaédi (Mauritanie),475.8,Samedi,sèche,dédouané avant arrivée,67.6,55.6,False,273776
CRI-05731,2025-06-01,Môle 8,Équipements industriels,1,282,Transporteur C,Kaédi (Mauritanie),461.3,Dimanche,pluies,bloqué (litige/documents),115.3,62.3,True,496721
CRI-05732,2025-06-01,Môle 8,Import général,2,255,Transporteur F,Bamako (Mali),1303.2,Dimanche,pluies,dédouanement en cours,95.9,24.3,True,610035
CRI-05733,2025-06-01,Môle 8,Biens de consommation,1,312,Transporteur E,Ziguinchor,430.2,Dimanche,pluies,dédouané avant arrivée,60.8,44.5,True,160957
CRI-05734,2025-06-01,Môle 3,Import général,1,274,Transporteur indépendant,Bamako (Mali),1229.0,Dimanche,pluies,dédouané avant arrivée,35.8,32.9,True,0
CRI-05735,2025-06-01,Môle 1,Import général,2,263,Transporteur B,Thiès,67.5,Dimanche,pluies,dédouanement en cours,55.8,31.3,False,171430
CRI-05736,2025-06-01,Terminal à Conteneurs,Import général,1,229,Transporteur F,Bamako (Mali),1272.7,Dimanche,pluies,dédouanement en cours,69.0,23.9,True,107805
CRI-05737,2025-06-01,Terminal à Conteneurs,Import général,3,303,Transporteur D,Touba,192.2,Dimanche,pluies,dédouané avant arrivée,60.6,26.4,False,265665
CRI-05738,2025-06-01,Terminal à Conteneurs,Denrées alimentaires,2,271,Transporteur G,Kaolack,201.2,Dimanche,pluies,dédouané avant arrivée,66.2,31.8,False,338454
CRI-05739,2025-06-01,Terminal à Conteneurs,Matériaux de construction,1,300,Transporteur indépendant,Kaolack,182.9,Dimanche,pluies,dédouanement en cours,58.0,38.0,True,145234
CRI-05740,2025-06-01,Terminal Roulier,Biens de consommation,1,301,Transporteur G,Dakar (local),19.5,Dimanche,pluies,dédouané avant arrivée,58.0,27.5,False,85727
CRI-05741,2025-06-01,Môle 1,Import général,1,333,Transporteur indépendant,Dakar (local),20.0,Dimanche,pluies,dédouané avant arrivée,40.7,43.7,False,69374
CRI-05742,2025-06-01,Terminal Roulier,Import général,2,335,Transporteur E,Bamako (Mali),1144.7,Dimanche,pluies,dédouané avant arrivée,41.5,48.7,True,197245
CRI-05743,2025-06-02,Môle 1,Import général,1,426,Transporteur E,Tambacounda,457.9,Lundi,pluies,dédouanement en cours,88.1,41.8,True,263767
CRI-05744,2025-06-02,Terminal Roulier,Biens de consommation,1,370,Transporteur E,Kaolack,192.2,Lundi,pluies,dédouanement en cours,63.1,50.2,True,237938
CRI-05745,2025-06-02,Môle 8,Matériaux de construction,2,449,Transporteur E,Touba,186.5,Lundi,pluies,bloqué (litige/documents),95.6,81.3,True,984458
CRI-05746,2025-06-02,Terminal à Conteneurs,Import général,1,585,Transporteur F,Touba,196.1,Lundi,pluies,dédouanement en cours,84.6,59.6,True,417405
CRI-05747,2025-06-02,Terminal à Conteneurs,Denrées alimentaires,1,488,Transporteur D,Kaolack,187.2,Lundi,pluies,dédouanement en cours,120.2,60.8,True,521640
CRI-05748,2025-06-02,Môle 8,Denrées alimentaires,1,450,Transporteur E,Kayes (Mali),960.5,Lundi,pluies,dédouané avant arrivée,52.4,72.6,True,364442
CRI-05749,2025-06-02,Môle 1,Biens de consommation,1,442,Transporteur C,Touba,184.1,Lundi,pluies,dédouanement en cours,80.6,57.3,True,410912
CRI-05750,2025-06-02,Môle 8,Denrées alimentaires,2,344,Transporteur B,Dakar (local),21.6,Lundi,pluies,dédouanement en cours,79.4,43.8,False,529261
CRI-05751,2025-06-02,Terminal à Conteneurs,Import général,1,442,Transporteur G,Dakar (local),19.3,Lundi,pluies,dédouanement en cours,78.5,117.1,False,702959
CRI-05752,2025-06-02,Môle 1,Denrées alimentaires,1,541,Transporteur E,Kaolack,198.1,Lundi,pluies,dédouané avant arrivée,118.5,43.6,False,416934
CRI-05753,2025-06-02,Terminal à Conteneurs,Biens de consommation,2,351,Transporteur A,Thiès,70.3,Lundi,pluies,dédouanement en cours,77.1,53.3,False,808284
CRI-05754,2025-06-02,Terminal à Conteneurs,Denrées alimentaires,1,378,Transporteur G,Kaolack,192.9,Lundi,pluies,dédouané avant arrivée,44.2,81.6,False,317194
CRI-05755,2025-06-02,Terminal à Conteneurs,Biens de consommation,1,406,Transporteur B,Ziguinchor,442.2,Lundi,pluies,dédouané avant arrivée,81.7,49.1,True,276182
CRI-05756,2025-06-02,Terminal à Conteneurs,Denrées alimentaires,2,519,Transporteur D,Bamako (Mali),1230.8,Lundi,pluies,dédouanement en cours,98.0,60.9,True,999347
CRI-05757,2025-06-02,Môle 8,Biens de consommation,2,443,Transporteur F,Kayes (Mali),935.4,Lundi,pluies,dédouanement en cours,114.0,38.8,True,936852
CRI-05758,2025-06-02,Môle 1,Import général,2,437,Transporteur B,Kayes (Mali),988.9,Lundi,pluies,dédouanement en cours,94.8,56.2,True,716494
CRI-05759,2025-06-02,Môle 3,Matériaux de construction,2,522,Transporteur B,Ziguinchor,450.8,Lundi,pluies,bloqué (litige/documents),115.1,76.5,True,1157439
CRI-05760,2025-06-02,Môle 3,Denrées alimentaires,1,566,Transporteur C,Thiès,68.2,Lundi,pluies,dédouané avant arrivée,76.6,76.0,True,412201
CRI-05761,2025-06-02,Môle 1,Hydrocarbures,1,517,Transporteur F,Dakar (local),20.3,Lundi,pluies,dédouané avant arrivée,96.6,80.6,True,665888
CRI-05762,2025-06-03,Terminal Roulier,Matériaux de construction,1,488,Transporteur C,Kayes (Mali),909.2,Mardi,pluies,dédouanement en cours,71.5,61.4,True,335272
CRI-05763,2025-06-03,Môle 1,Denrées alimentaires,1,473,Transporteur B,Touba,194.8,Mardi,pluies,dédouané avant arrivée,64.4,49.8,True,282653
CRI-05764,2025-06-03,Terminal à Conteneurs,Denrées alimentaires,2,447,Transporteur E,Kayes (Mali),954.5,Mardi,pluies,dédouané avant arrivée,55.1,73.3,True,779407
CRI-05765,2025-06-03,Môle 8,Équipements industriels,2,382,Transporteur D,Kaolack,198.5,Mardi,pluies,dédouanement en cours,100.6,40.1,True,828616
CRI-05766,2025-06-03,Terminal à Conteneurs,Hydrocarbures,1,413,Transporteur G,Kaolack,186.2,Mardi,pluies,dédouanement en cours,51.8,66.2,True,228713
CRI-05767,2025-06-03,Môle 1,Import général,1,517,Transporteur E,Kaédi (Mauritanie),481.0,Mardi,pluies,dédouané avant arrivée,58.8,86.0,True,368017
CRI-05768,2025-06-03,Terminal à Conteneurs,Import général,3,446,Transporteur D,Kaolack,194.5,Mardi,pluies,bloqué (litige/documents),103.9,102.8,True,1996643
CRI-05769,2025-06-03,Terminal à Conteneurs,Hydrocarbures,3,520,Transporteur E,Ziguinchor,464.7,Mardi,pluies,dédouané avant arrivée,47.8,65.1,True,592745
CRI-05770,2025-06-03,Môle 1,Matériaux de construction,3,474,Transporteur E,Dakar (local),20.6,Mardi,pluies,dédouanement en cours,80.1,112.3,True,2524280
CRI-05771,2025-06-03,Terminal Roulier,Import général,1,448,Transporteur D,Tambacounda,466.8,Mardi,pluies,dédouané avant arrivée,72.2,56.7,True,358258
CRI-05772,2025-06-03,Môle 1,Matériaux de construction,1,441,Transporteur E,Touba,197.4,Mardi,pluies,dédouanement en cours,69.8,75.7,True,506484
CRI-05773,2025-06-03,Terminal à Conteneurs,Équipements industriels,2,409,Transporteur C,Kayes (Mali),992.5,Mardi,pluies,dédouanement en cours,77.6,31.2,True,430503
CRI-05774,2025-06-03,Môle 1,Denrées alimentaires,3,557,Transporteur G,Bamako (Mali),1192.6,Mardi,pluies,dédouanement en cours,122.1,105.0,True,3199020
CRI-05775,2025-06-03,Terminal à Conteneurs,Matériaux de construction,2,474,Transporteur E,Kayes (Mali),937.6,Mardi,pluies,dédouanement en cours,67.7,43.8,True,405606
CRI-05776,2025-06-04,Terminal Roulier,Import général,1,392,Transporteur D,Touba,188.0,Mercredi,pluies,dédouané avant arrivée,54.9,39.5,False,115197
CRI-05777,2025-06-04,Terminal Roulier,Denrées alimentaires,1,351,Transporteur G,Bamako (Mali),1189.0,Mercredi,pluies,dédouané avant arrivée,59.4,46.7,True,192842
CRI-05778,2025-06-04,Môle 3,Hydrocarbures,1,299,Transporteur D,Dakar (local),19.5,Mercredi,pluies,dédouanement en cours,60.0,39.7,True,163930
CRI-05779,2025-06-04,Terminal à Conteneurs,Hydrocarbures,2,484,Transporteur indépendant,Thiès,69.8,Mercredi,pluies,dédouanement en cours,118.5,31.8,True,766744
CRI-05780,2025-06-04,Terminal à Conteneurs,Denrées alimentaires,2,401,Transporteur E,Kaédi (Mauritanie),482.5,Mercredi,pluies,dédouané avant arrivée,84.3,80.5,True,1090391
CRI-05781,2025-06-04,Terminal à Conteneurs,Import général,1,474,Transporteur G,Thiès,73.2,Mercredi,pluies,dédouanement en cours,85.9,64.6,False,544380
CRI-05782,2025-06-04,Môle 3,Denrées alimentaires,2,423,Transporteur A,Dakar (local),19.9,Mercredi,pluies,dédouané avant arrivée,63.4,33.2,False,281142
CRI-05783,2025-06-04,Terminal à Conteneurs,Équipements industriels,1,369,Transporteur E,Dakar (local),21.1,Mercredi,pluies,dédouané avant arrivée,72.4,37.2,False,248864
CRI-05784,2025-06-04,Terminal Roulier,Import général,2,357,Transporteur C,Bamako (Mali),1244.6,Mercredi,pluies,dédouané avant arrivée,64.7,33.1,True,335666
CRI-05785,2025-06-05,Terminal Roulier,Matériaux de construction,2,347,Transporteur E,Dakar (local),19.5,Jeudi,pluies,dédouané avant arrivée,56.0,78.3,True,680648
CRI-05786,2025-06-05,Terminal à Conteneurs,Hydrocarbures,1,327,Transporteur F,Tambacounda,479.9,Jeudi,pluies,dédouané avant arrivée,76.8,33.8,True,234886
CRI-05787,2025-06-05,Môle 1,Équipements industriels,1,387,Transporteur F,Tambacounda,478.9,Jeudi,pluies,dédouanement en cours,46.0,38.8,True,74807
CRI-05788,2025-06-05,Môle 8,Denrées alimentaires,1,310,Transporteur C,Ziguinchor,447.6,Jeudi,pluies,dédouané avant arrivée,25.5,42.5,False,0
CRI-05789,2025-06-05,Terminal Roulier,Denrées alimentaires,1,423,Transporteur F,Bamako (Mali),1221.2,Jeudi,pluies,bloqué (litige/documents),180.4,39.6,True,1026976
CRI-05790,2025-06-05,Terminal Roulier,Matériaux de construction,1,446,Transporteur D,Kayes (Mali),966.2,Jeudi,pluies,dédouané avant arrivée,52.1,91.1,True,405480
CRI-05791,2025-06-06,Terminal Roulier,Matériaux de construction,2,309,Transporteur F,Kaédi (Mauritanie),468.3,Vendredi,pluies,dédouané avant arrivée,66.9,87.6,True,778836
CRI-05792,2025-06-06,Terminal à Conteneurs,Denrées alimentaires,1,362,Transporteur indépendant,Ziguinchor,455.2,Vendredi,pluies,dédouanement en cours,101.2,27.3,True,329251
CRI-05793,2025-06-06,Terminal à Conteneurs,Biens de consommation,1,395,Transporteur C,Dakar (local),19.4,Vendredi,pluies,dédouané avant arrivée,56.1,79.9,True,314940
CRI-05794,2025-06-06,Terminal Roulier,Biens de consommation,3,343,Transporteur F,Kayes (Mali),935.5,Vendredi,pluies,dédouané avant arrivée,76.5,32.0,True,745573
CRI-05795,2025-06-06,Môle 3,Équipements industriels,2,378,Transporteur indépendant,Dakar (local),20.9,Vendredi,pluies,dédouanement en cours,69.8,33.8,True,372967
CRI-05796,2025-06-06,Terminal Roulier,Matériaux de construction,2,390,Transporteur E,Kaédi (Mauritanie),477.8,Vendredi,pluies,bloqué (litige/documents),88.9,45.2,True,661332
CRI-05797,2025-06-06,Terminal à Conteneurs,Denrées alimentaires,3,437,Transporteur C,Tambacounda,462.3,Vendredi,pluies,dédouanement en cours,102.2,42.5,True,1360362
CRI-05798,2025-06-06,Terminal à Conteneurs,Matériaux de construction,1,456,Transporteur C,Kayes (Mali),980.2,Vendredi,pluies,dédouanement en cours,61.9,117.8,True,752149
CRI-05799,2025-06-06,Terminal Roulier,Import général,1,377,Transporteur E,Kaolack,182.7,Vendredi,pluies,dédouané avant arrivée,64.7,48.2,True,258826
CRI-05800,2025-06-06,Terminal à Conteneurs,Équipements industriels,4,314,Transporteur G,Bamako (Mali),1223.7,Vendredi,pluies,dédouanement en cours,48.6,38.5,True,348261
CRI-05801,2025-06-06,Terminal à Conteneurs,Import général,1,467,Transporteur C,Touba,197.3,Vendredi,pluies,dédouanement en cours,114.2,61.7,True,707291
CRI-05802,2025-06-07,Terminal à Conteneurs,Denrées alimentaires,1,395,Transporteur A,Dakar (local),20.2,Samedi,pluies,dédouanement en cours,104.1,50.8,False,418311
CRI-05803,2025-06-07,Terminal Roulier,Biens de consommation,1,290,Transporteur A,Tambacounda,473.3,Samedi,pluies,dédouanement en cours,71.3,38.9,False,194741
CRI-05804,2025-06-07,Môle 1,Matériaux de construction,1,413,Transporteur E,Tambacounda,486.1,Samedi,pluies,dédouanement en cours,90.9,17.8,False,250274
CRI-05805,2025-06-07,Môle 3,Import général,2,418,Transporteur indépendant,Ziguinchor,435.0,Samedi,pluies,dédouané avant arrivée,91.7,19.8,True,370692
CRI-05806,2025-06-07,Terminal à Conteneurs,Import général,1,371,Transporteur G,Bamako (Mali),1209.6,Samedi,pluies,dédouané avant arrivée,80.1,63.8,True,374243
CRI-05807,2025-06-07,Môle 8,Denrées alimentaires,1,449,Transporteur C,Kaolack,196.8,Samedi,pluies,dédouanement en cours,118.6,56.0,True,705883
CRI-05808,2025-06-07,Môle 3,Biens de consommation,1,357,Transporteur B,Dakar (local),19.7,Samedi,pluies,dédouané avant arrivée,40.2,21.0,False,0
CRI-05809,2025-06-07,Terminal Roulier,Biens de consommation,2,448,Transporteur F,Touba,183.6,Samedi,pluies,dédouané avant arrivée,68.7,65.5,True,624235
CRI-05810,2025-06-07,Terminal Roulier,Équipements industriels,2,418,Transporteur D,Tambacounda,474.0,Samedi,pluies,dédouané avant arrivée,101.1,21.9,True,496782
CRI-05811,2025-06-07,Môle 1,Équipements industriels,1,342,Transporteur F,Dakar (local),19.9,Samedi,pluies,bloqué (litige/documents),102.5,71.5,True,631956
CRI-05812,2025-06-07,Môle 1,Import général,3,336,Transporteur E,Tambacounda,458.7,Samedi,pluies,dédouané avant arrivée,38.9,40.5,True,146997
CRI-05813,2025-06-07,Môle 3,Équipements industriels,2,374,Transporteur E,Dakar (local),20.0,Samedi,pluies,dédouané avant arrivée,53.0,58.0,False,449034
CRI-05814,2025-06-07,Môle 1,Hydrocarbures,2,360,Transporteur G,Tambacounda,476.3,Samedi,pluies,dédouané avant arrivée,40.6,117.8,True,793288
CRI-05815,2025-06-07,Terminal à Conteneurs,Denrées alimentaires,3,396,Transporteur G,Thiès,68.8,Samedi,pluies,dédouané avant arrivée,60.5,64.5,False,746149
CRI-05816,2025-06-07,Terminal à Conteneurs,Matériaux de construction,1,438,Transporteur B,Dakar (local),20.6,Samedi,pluies,dédouanement en cours,75.2,59.7,True,371604
CRI-05817,2025-06-08,Môle 3,Biens de consommation,2,314,Transporteur G,Bamako (Mali),1187.7,Dimanche,pluies,dédouané avant arrivée,43.1,64.7,True,481330
CRI-05818,2025-06-08,Terminal à Conteneurs,Hydrocarbures,2,246,Transporteur D,Dakar (local),20.5,Dimanche,pluies,dédouanement en cours,48.9,48.8,True,345181
CRI-05819,2025-06-08,Môle 8,Import général,1,300,Transporteur D,Ziguinchor,434.1,Dimanche,pluies,dédouané avant arrivée,40.7,48.3,False,98954
CRI-05820,2025-06-08,Terminal Roulier,Biens de consommation,1,324,Transporteur C,Tambacounda,472.2,Dimanche,pluies,dédouané avant arrivée,66.6,43.4,True,217267
CRI-05821,2025-06-08,Terminal Roulier,Hydrocarbures,3,251,Transporteur F,Bamako (Mali),1253.7,Dimanche,pluies,bloqué (litige/documents),90.5,21.1,True,756113
CRI-05822,2025-06-08,Môle 1,Denrées alimentaires,1,318,Transporteur F,Thiès,72.2,Dimanche,pluies,dédouané avant arrivée,71.3,79.2,False,469830
CRI-05823,2025-06-08,Terminal à Conteneurs,Matériaux de construction,1,316,Transporteur A,Touba,186.5,Dimanche,pluies,bloqué (litige/documents),85.1,29.8,False,209694
CRI-05824,2025-06-08,Terminal à Conteneurs,Biens de consommation,1,226,Transporteur A,Kaédi (Mauritanie),486.6,Dimanche,pluies,dédouané avant arrivée,34.5,36.4,False,0
CRI-05825,2025-06-08,Môle 1,Import général,2,303,Transporteur B,Bamako (Mali),1249.1,Dimanche,pluies,bloqué (litige/documents),146.6,30.4,True,1337975
CRI-05826,2025-06-08,Môle 8,Import général,1,283,Transporteur A,Touba,188.1,Dimanche,pluies,dédouané avant arrivée,27.6,45.1,False,4137
CRI-05827,2025-06-08,Terminal à Conteneurs,Import général,2,283,Transporteur E,Thiès,67.0,Dimanche,pluies,dédouanement en cours,104.7,56.5,True,937619
CRI-05828,2025-06-08,Môle 3,Denrées alimentaires,1,300,Transporteur B,Touba,186.5,Dimanche,pluies,bloqué (litige/documents),82.8,53.7,False,379939
CRI-05829,2025-06-08,Môle 1,Hydrocarbures,2,346,Transporteur C,Kaolack,196.0,Dimanche,pluies,bloqué (litige/documents),94.2,22.4,False,550165
CRI-05830,2025-06-08,Môle 3,Denrées alimentaires,2,314,Transporteur E,Dakar (local),20.7,Dimanche,pluies,dédouané avant arrivée,67.3,31.7,True,270045
CRI-05831,2025-06-09,Môle 1,Biens de consommation,1,423,Transporteur A,Bamako (Mali),1216.4,Lundi,pluies,dédouanement en cours,72.2,77.6,True,398169
CRI-05832,2025-06-09,Môle 1,Matériaux de construction,1,459,Transporteur B,Dakar (local),19.6,Lundi,pluies,dédouané avant arrivée,86.7,77.6,True,440280
CRI-05833,2025-06-09,Môle 3,Denrées alimentaires,2,443,Transporteur B,Kaédi (Mauritanie),465.6,Lundi,pluies,dédouanement en cours,126.1,32.5,True,1035831
CRI-05834,2025-06-09,Terminal à Conteneurs,Import général,2,437,Transporteur C,Thiès,72.0,Lundi,pluies,dédouané avant arrivée,55.5,47.8,True,322068
CRI-05835,2025-06-09,Terminal à Conteneurs,Matériaux de construction,2,498,Transporteur B,Kayes (Mali),960.7,Lundi,pluies,dédouanement en cours,99.8,40.1,True,818964
CRI-05836,2025-06-10,Terminal à Conteneurs,Équipements industriels,1,507,Transporteur D,Ziguinchor,451.4,Mardi,pluies,dédouanement en cours,88.0,61.3,True,525221
CRI-05837,2025-06-10,Môle 8,Import général,2,503,Transporteur G,Touba,194.5,Mardi,pluies,bloqué (litige/documents),158.2,43.0,True,1438544
CRI-05838,2025-06-10,Terminal à Conteneurs,Biens de consommation,2,447,Transporteur E,Tambacounda,446.8,Mardi,pluies,dédouanement en cours,106.2,56.5,True,997917
CRI-05839,2025-06-10,Terminal Roulier,Import général,1,504,Transporteur F,Tambacounda,468.1,Mardi,pluies,dédouanement en cours,123.7,80.9,True,906191
CRI-05840,2025-06-10,Terminal à Conteneurs,Denrées alimentaires,2,428,Transporteur A,Dakar (local),20.3,Mardi,pluies,dédouané avant arrivée,87.5,28.9,True,517982
CRI-05841,2025-06-10,Terminal à Conteneurs,Biens de consommation,3,392,Transporteur G,Dakar (local),18.5,Mardi,pluies,dédouanement en cours,128.0,72.8,True,2208896
CRI-05842,2025-06-10,Terminal à Conteneurs,Matériaux de construction,1,513,Transporteur B,Bamako (Mali),1310.4,Mardi,pluies,dédouanement en cours,115.9,104.6,True,857938
CRI-05843,2025-06-10,Terminal à Conteneurs,Denrées alimentaires,2,405,Transporteur A,Kaolack,197.4,Mardi,pluies,dédouanement en cours,73.3,62.2,False,790845
CRI-05844,2025-06-10,Terminal à Conteneurs,Denrées alimentaires,1,429,Transporteur indépendant,Tambacounda,456.5,Mardi,pluies,dédouané avant arrivée,57.4,55.2,True,241961
CRI-05845,2025-06-10,Terminal à Conteneurs,Matériaux de construction,1,494,Transporteur C,Ziguinchor,474.1,Mardi,pluies,dédouanement en cours,97.0,45.6,True,334817
CRI-05846,2025-06-10,Terminal à Conteneurs,Import général,1,526,Transporteur B,Ziguinchor,426.4,Mardi,pluies,dédouané avant arrivée,134.2,76.3,True,919940
CRI-05847,2025-06-10,Terminal à Conteneurs,Équipements industriels,2,379,Transporteur C,Bamako (Mali),1253.7,Mardi,pluies,dédouané avant arrivée,34.8,76.0,True,540941
CRI-05848,2025-06-11,Terminal Roulier,Import général,3,407,Transporteur B,Bamako (Mali),1260.1,Mercredi,pluies,dédouané avant arrivée,58.9,30.6,True,269511
CRI-05849,2025-06-11,Terminal à Conteneurs,Équipements industriels,1,409,Transporteur D,Tambacounda,499.8,Mercredi,pluies,dédouané avant arrivée,42.4,47.4,True,96581
CRI-05850,2025-06-11,Terminal Roulier,Équipements industriels,4,455,Transporteur E,Dakar (local),20.4,Mercredi,pluies,dédouanement en cours,78.0,105.6,False,2737499
CRI-05851,2025-06-11,Môle 3,Biens de consommation,4,462,Transporteur E,Dakar (local),19.8,Mercredi,pluies,dédouanement en cours,113.0,99.8,True,2986772
CRI-05852,2025-06-11,Terminal Roulier,Biens de consommation,1,428,Transporteur indépendant,Dakar (local),20.1,Mercredi,pluies,dédouané avant arrivée,93.8,62.0,True,382002
CRI-05853,2025-06-11,Môle 1,Matériaux de construction,2,394,Transporteur E,Kaolack,183.8,Mercredi,pluies,dédouanement en cours,50.3,39.6,False,220800
CRI-05854,2025-06-11,Terminal à Conteneurs,Import général,2,388,Transporteur G,Kaédi (Mauritanie),466.3,Mercredi,pluies,dédouanement en cours,81.4,68.7,True,776769
CRI-05855,2025-06-11,Môle 3,Équipements industriels,1,437,Transporteur A,Bamako (Mali),1189.6,Mercredi,pluies,dédouanement en cours,120.9,61.4,True,600013
CRI-05856,2025-06-11,Môle 3,Hydrocarbures,1,326,Transporteur D,Kaédi (Mauritanie),487.6,Mercredi,pluies,dédouanement en cours,82.5,30.8,False,252349
CRI-05857,2025-06-12,Môle 1,Biens de consommation,1,417,Transporteur E,Dakar (local),21.4,Jeudi,pluies,dédouané avant arrivée,53.1,64.4,False,247681
CRI-05858,2025-06-12,Môle 1,Matériaux de construction,4,432,Transporteur A,Bamako (Mali),1226.5,Jeudi,pluies,bloqué (litige/documents),164.2,90.4,True,5037018
CRI-05859,2025-06-12,Terminal à Conteneurs,Matériaux de construction,1,369,Transporteur B,Kaolack,191.4,Jeudi,pluies,dédouané avant arrivée,63.4,65.2,False,385907
CRI-05860,2025-06-12,Terminal Roulier,Matériaux de construction,4,383,Transporteur A,Thiès,70.6,Jeudi,pluies,dédouané avant arrivée,57.7,57.9,False,906914
CRI-05861,2025-06-12,Terminal à Conteneurs,Import général,1,398,Transporteur F,Dakar (local),20.3,Jeudi,pluies,dédouanement en cours,96.9,47.9,False,409060
CRI-05862,2025-06-12,Terminal à Conteneurs,Import général,1,326,Transporteur A,Touba,188.8,Jeudi,pluies,dédouané avant arrivée,55.6,29.2,False,59684
CRI-05863,2025-06-12,Môle 8,Import général,2,358,Transporteur E,Kayes (Mali),969.8,Jeudi,pluies,dédouané avant arrivée,37.3,59.1,True,228462
CRI-05864,2025-06-12,Môle 3,Matériaux de construction,1,449,Transporteur D,Tambacounda,454.7,Jeudi,pluies,dédouané avant arrivée,86.2,46.3,True,406358
CRI-05865,2025-06-12,Môle 8,Biens de consommation,1,384,Transporteur E,Kayes (Mali),959.0,Jeudi,pluies,dédouané avant arrivée,50.9,51.3,True,191462
CRI-05866,2025-06-12,Môle 1,Denrées alimentaires,1,428,Transporteur F,Dakar (local),20.3,Jeudi,pluies,dédouanement en cours,61.7,63.5,True,309259
CRI-05867,2025-06-13,Môle 3,Import général,1,433,Transporteur F,Touba,181.9,Vendredi,pluies,bloqué (litige/documents),102.9,97.4,True,690805
CRI-05868,2025-06-13,Môle 3,Matériaux de construction,1,398,Transporteur indépendant,Tambacounda,462.0,Vendredi,pluies,dédouanement en cours,58.9,62.8,True,230828
CRI-05869,2025-06-13,Môle 1,Import général,1,383,Transporteur D,Tambacounda,477.3,Vendredi,pluies,dédouané avant arrivée,78.3,21.2,True,169823
CRI-05870,2025-06-13,Môle 1,Denrées alimentaires,1,326,Transporteur C,Touba,185.0,Vendredi,pluies,dédouané avant arrivée,39.4,42.7,True,49849
CRI-05871,2025-06-13,Terminal Roulier,Matériaux de construction,1,430,Transporteur E,Touba,195.2,Vendredi,pluies,bloqué (litige/documents),195.6,36.3,True,738756
CRI-05872,2025-06-13,Terminal à Conteneurs,Hydrocarbures,1,431,Transporteur C,Bamako (Mali),1232.3,Vendredi,pluies,dédouané avant arrivée,55.4,34.6,True,101493
CRI-05873,2025-06-13,Môle 3,Denrées alimentaires,2,335,Transporteur D,Dakar (local),20.0,Vendredi,pluies,bloqué (litige/documents),147.6,18.2,False,1153939
CRI-05874,2025-06-13,Môle 8,Import général,2,384,Transporteur indépendant,Thiès,73.6,Vendredi,pluies,dédouanement en cours,59.5,51.2,True,352406
CRI-05875,2025-06-13,Terminal à Conteneurs,Matériaux de construction,1,423,Transporteur D,Thiès,71.4,Vendredi,pluies,dédouanement en cours,82.9,45.4,True,393242
CRI-05876,2025-06-13,Terminal Roulier,Import général,3,415,Transporteur C,Kayes (Mali),972.4,Vendredi,pluies,bloqué (litige/documents),99.2,86.9,True,2052319
CRI-05877,2025-06-13,Terminal à Conteneurs,Import général,2,314,Transporteur F,Thiès,68.8,Vendredi,pluies,dédouanement en cours,66.4,40.4,False,403869
CRI-05878,2025-06-13,Môle 3,Import général,1,371,Transporteur E,Dakar (local),19.0,Vendredi,pluies,dédouané avant arrivée,34.4,52.3,True,91501
CRI-05879,2025-06-13,Terminal à Conteneurs,Matériaux de construction,1,434,Transporteur G,Bamako (Mali),1194.2,Vendredi,pluies,dédouané avant arrivée,123.7,81.6,True,888424
CRI-05880,2025-06-14,Terminal Roulier,Biens de consommation,1,417,Transporteur A,Tambacounda,461.3,Samedi,pluies,bloqué (litige/documents),96.4,50.4,True,512768
CRI-05881,2025-06-14,Terminal à Conteneurs,Import général,1,316,Transporteur G,Tambacounda,473.7,Samedi,pluies,dédouané avant arrivée,51.1,43.9,False,130110
CRI-05882,2025-06-14,Terminal à Conteneurs,Hydrocarbures,1,361,Transporteur B,Kaédi (Mauritanie),450.9,Samedi,pluies,dédouané avant arrivée,66.8,39.5,True,190254
CRI-05883,2025-06-14,Môle 1,Import général,1,321,Transporteur D,Kaolack,193.2,Samedi,pluies,dédouanement en cours,107.4,16.3,True,234787
CRI-05884,2025-06-14,Terminal Roulier,Import général,3,447,Transporteur B,Thiès,68.8,Samedi,pluies,dédouané avant arrivée,105.2,104.5,False,2660441
CRI-05885,2025-06-14,Terminal à Conteneurs,Import général,1,462,Transporteur indépendant,Tambacounda,463.3,Samedi,pluies,dédouanement en cours,70.3,93.6,True,512199
CRI-05886,2025-06-14,Terminal Roulier,Denrées alimentaires,2,339,Transporteur D,Bamako (Mali),1218.3,Samedi,pluies,dédouané avant arrivée,36.2,17.4,True,0
CRI-05887,2025-06-15,Terminal à Conteneurs,Denrées alimentaires,2,211,Transporteur F,Touba,193.5,Dimanche,pluies,dédouané avant arrivée,59.2,29.0,False,199356
CRI-05888,2025-06-15,Terminal à Conteneurs,Hydrocarbures,1,327,Transporteur indépendant,Kaolack,186.1,Dimanche,pluies,dédouanement en cours,45.1,45.7,True,107502
CRI-05889,2025-06-15,Môle 8,Import général,2,320,Transporteur B,Kayes (Mali),956.7,Dimanche,pluies,dédouanement en cours,67.7,30.4,True,257076
CRI-05890,2025-06-15,Môle 1,Import général,2,355,Transporteur D,Tambacounda,438.9,Dimanche,pluies,dédouanement en cours,81.5,46.4,True,722535
CRI-05891,2025-06-15,Môle 3,Denrées alimentaires,3,223,Transporteur G,Bamako (Mali),1298.6,Dimanche,pluies,dédouanement en cours,39.9,46.1,True,257454
CRI-05892,2025-06-15,Terminal Roulier,Matériaux de construction,1,299,Transporteur F,Dakar (local),20.2,Dimanche,pluies,dédouanement en cours,57.3,30.0,False,106935
CRI-05893,2025-06-15,Môle 1,Biens de consommation,3,291,Transporteur E,Tambacounda,505.4,Dimanche,pluies,dédouané avant arrivée,46.5,66.7,False,699773
CRI-05894,2025-06-15,Môle 1,Denrées alimentaires,1,357,Transporteur C,Kayes (Mali),1009.8,Dimanche,pluies,bloqué (litige/documents),103.6,60.5,True,472461
CRI-05895,2025-06-15,Terminal Roulier,Denrées alimentaires,2,255,Transporteur A,Kaolack,190.1,Dimanche,pluies,dédouanement en cours,61.9,54.5,False,484730
CRI-05896,2025-06-15,Terminal à Conteneurs,Import général,1,309,Transporteur A,Kaédi (Mauritanie),493.2,Dimanche,pluies,bloqué (litige/documents),176.6,29.9,True,806416
CRI-05897,2025-06-15,Terminal à Conteneurs,Matériaux de construction,1,339,Transporteur D,Bamako (Mali),1212.1,Dimanche,pluies,dédouané avant arrivée,67.5,55.4,True,243014
CRI-05898,2025-06-15,Môle 3,Biens de consommation,1,311,Transporteur indépendant,Kaolack,181.0,Dimanche,pluies,bloqué (litige/documents),77.1,79.1,True,568460
CRI-05899,2025-06-15,Môle 1,Matériaux de construction,2,305,Transporteur C,Thiès,65.7,Dimanche,pluies,dédouané avant arrivée,65.5,58.3,False,553307
CRI-05900,2025-06-15,Terminal à Conteneurs,Équipements industriels,2,317,Transporteur C,Thiès,67.0,Dimanche,pluies,dédouané avant arrivée,50.1,39.2,False,158256
CRI-05901,2025-06-16,Môle 8,Biens de consommation,1,456,Transporteur A,Bamako (Mali),1177.2,Lundi,pluies,dédouanement en cours,64.8,47.6,True,257382
CRI-05902,2025-06-16,Môle 3,Biens de consommation,1,545,Transporteur A,Tambacounda,455.7,Lundi,pluies,dédouanement en cours,107.6,40.1,True,349127
CRI-05903,2025-06-16,Môle 3,Biens de consommation,2,495,Transporteur G,Touba,186.6,Lundi,pluies,dédouanement en cours,95.3,90.0,True,1456842
CRI-05904,2025-06-16,Terminal à Conteneurs,Biens de consommation,1,450,Transporteur A,Thiès,69.0,Lundi,pluies,dédouané avant arrivée,77.4,30.4,True,188683
CRI-05905,2025-06-16,Môle 1,Matériaux de construction,1,460,Transporteur E,Dakar (local),20.9,Lundi,pluies,dédouané avant arrivée,53.3,35.6,True,111265
CRI-05906,2025-06-16,Môle 8,Matériaux de construction,1,416,Transporteur F,Kayes (Mali),926.4,Lundi,pluies,dédouanement en cours,162.7,30.2,True,777543
CRI-05907,2025-06-16,Môle 8,Import général,2,502,Transporteur C,Kaolack,188.3,Lundi,pluies,dédouané avant arrivée,95.3,49.0,True,695325
CRI-05908,2025-06-16,Môle 1,Denrées alimentaires,1,448,Transporteur D,Tambacounda,470.5,Lundi,pluies,dédouanement en cours,82.6,91.0,True,537250
CRI-05909,2025-06-16,Terminal à Conteneurs,Matériaux de construction,1,492,Transporteur indépendant,Kaolack,197.3,Lundi,pluies,dédouanement en cours,76.8,70.5,True,365788
CRI-05910,2025-06-16,Môle 3,Équipements industriels,4,384,Transporteur B,Kayes (Mali),945.1,Lundi,pluies,dédouanement en cours,97.8,51.8,True,1972480
CRI-05911,2025-06-16,Môle 1,Denrées alimentaires,2,651,Transporteur B,Kaolack,188.6,Lundi,pluies,dédouanement en cours,183.5,93.2,True,2626966
CRI-05912,2025-06-16,Terminal à Conteneurs,Import général,1,468,Transporteur B,Kaédi (Mauritanie),465.6,Lundi,pluies,bloqué (litige/documents),127.4,65.5,True,794987
CRI-05913,2025-06-16,Môle 8,Matériaux de construction,1,478,Transporteur E,Ziguinchor,449.5,Lundi,pluies,dédouané avant arrivée,71.5,65.1,True,369023
CRI-05914,2025-06-16,Terminal Roulier,Biens de consommation,1,515,Transporteur A,Tambacounda,511.2,Lundi,pluies,dédouanement en cours,54.3,70.8,True,310030
CRI-05915,2025-06-16,Terminal à Conteneurs,Denrées alimentaires,2,500,Transporteur B,Kaolack,190.3,Lundi,pluies,bloqué (litige/documents),65.3,21.0,True,196985
CRI-05916,2025-06-16,Môle 3,Équipements industriels,1,368,Transporteur indépendant,Bamako (Mali),1239.6,Lundi,pluies,dédouanement en cours,85.4,66.2,True,380164
CRI-05917,2025-06-17,Terminal à Conteneurs,Équipements industriels,1,514,Transporteur E,Kaédi (Mauritanie),493.7,Mardi,pluies,bloqué (litige/documents),183.4,95.1,True,1134389
CRI-05918,2025-06-17,Môle 8,Import général,1,441,Transporteur E,Ziguinchor,457.3,Mardi,pluies,dédouanement en cours,89.2,42.6,True,393445
CRI-05919,2025-06-17,Terminal à Conteneurs,Matériaux de construction,1,478,Transporteur D,Touba,183.6,Mardi,pluies,dédouanement en cours,121.0,51.2,True,693082
CRI-05920,2025-06-17,Môle 1,Import général,1,420,Transporteur F,Dakar (local),21.4,Mardi,pluies,dédouané avant arrivée,101.1,54.4,False,435052
CRI-05921,2025-06-17,Môle 1,Hydrocarbures,2,468,Transporteur A,Dakar (local),21.0,Mardi,pluies,dédouané avant arrivée,93.9,65.4,False,1194719
CRI-05922,2025-06-17,Terminal Roulier,Import général,1,459,Transporteur A,Thiès,71.4,Mardi,pluies,dédouanement en cours,93.8,57.6,True,368089
CRI-05923,2025-06-17,Terminal à Conteneurs,Denrées alimentaires,1,506,Transporteur D,Bamako (Mali),1221.0,Mardi,pluies,dédouanement en cours,84.2,67.3,True,434298
CRI-05924,2025-06-17,Terminal Roulier,Denrées alimentaires,1,432,Transporteur indépendant,Dakar (local),18.7,Mardi,pluies,dédouanement en cours,90.5,31.3,True,236675
CRI-05925,2025-06-17,Môle 8,Hydrocarbures,3,346,Transporteur G,Kayes (Mali),982.5,Mardi,pluies,dédouanement en cours,105.1,29.6,True,885590
CRI-05926,2025-06-17,Môle 8,Équipements industriels,1,359,Transporteur G,Bamako (Mali),1239.0,Mardi,pluies,dédouané avant arrivée,46.4,48.0,True,150552
CRI-05927,2025-06-18,Terminal à Conteneurs,Denrées alimentaires,1,390,Transporteur D,Ziguinchor,424.7,Mercredi,pluies,dédouanement en cours,75.4,69.1,True,417505
CRI-05928,2025-06-18,Terminal à Conteneurs,Denrées alimentaires,1,419,Transporteur indépendant,Touba,194.9,Mercredi,pluies,dédouanement en cours,91.0,51.9,True,490566
CRI-05929,2025-06-18,Môle 1,Denrées alimentaires,2,306,Transporteur A,Bamako (Mali),1214.1,Mercredi,pluies,bloqué (litige/documents),206.0,35.0,True,1731261
CRI-05930,2025-06-18,Môle 8,Équipements industriels,4,413,Transporteur E,Kayes (Mali),944.5,Mercredi,pluies,dédouané avant arrivée,81.2,74.2,True,2313732
CRI-05931,2025-06-18,Môle 3,Biens de consommation,1,393,Transporteur E,Dakar (local),21.0,Mercredi,pluies,dédouané avant arrivée,45.7,96.3,False,327216
CRI-05932,2025-06-18,Terminal à Conteneurs,Import général,3,361,Transporteur B,Kayes (Mali),980.8,Mercredi,pluies,dédouané avant arrivée,63.8,48.6,True,721278
CRI-05933,2025-06-18,Terminal Roulier,Import général,1,328,Transporteur E,Thiès,68.4,Mercredi,pluies,dédouané avant arrivée,33.6,17.7,False,0
CRI-05934,2025-06-18,Terminal Roulier,Import général,1,419,Transporteur G,Bamako (Mali),1223.8,Mercredi,pluies,dédouané avant arrivée,39.7,39.5,True,46578
CRI-05935,2025-06-18,Môle 1,Import général,2,416,Transporteur C,Bamako (Mali),1281.3,Mercredi,pluies,dédouanement en cours,79.8,33.1,True,472245
CRI-05936,2025-06-18,Môle 1,Import général,1,378,Transporteur indépendant,Kaolack,182.4,Mercredi,pluies,dédouané avant arrivée,42.2,16.2,True,0
CRI-05937,2025-06-18,Môle 1,Import général,1,408,Transporteur F,Bamako (Mali),1243.4,Mercredi,pluies,dédouanement en cours,83.8,40.6,True,285119
CRI-05938,2025-06-18,Môle 3,Équipements industriels,1,449,Transporteur E,Bamako (Mali),1200.3,Mercredi,pluies,dédouané avant arrivée,80.2,58.3,True,367820
CRI-05939,2025-06-18,Môle 8,Matériaux de construction,2,453,Transporteur A,Tambacounda,479.8,Mercredi,pluies,bloqué (litige/documents),136.7,78.9,True,1733935
CRI-05940,2025-06-18,Terminal Roulier,Denrées alimentaires,2,435,Transporteur B,Dakar (local),20.0,Mercredi,pluies,dédouanement en cours,105.2,57.3,True,1166527
CRI-05941,2025-06-19,Môle 1,Import général,3,421,Transporteur E,Thiès,72.3,Jeudi,pluies,dédouané avant arrivée,85.3,51.5,True,1121252
CRI-05942,2025-06-19,Môle 1,Denrées alimentaires,1,326,Transporteur C,Ziguinchor,421.7,Jeudi,pluies,bloqué (litige/documents),112.2,74.7,True,650613
CRI-05943,2025-06-19,Môle 3,Matériaux de construction,3,333,Transporteur D,Kayes (Mali),967.7,Jeudi,pluies,dédouané avant arrivée,63.6,57.7,True,861011
CRI-05944,2025-06-19,Terminal à Conteneurs,Import général,2,485,Transporteur indépendant,Dakar (local),20.8,Jeudi,pluies,dédouané avant arrivée,57.8,26.3,True,164181
CRI-05945,2025-06-19,Terminal à Conteneurs,Équipements industriels,1,335,Transporteur F,Touba,189.9,Jeudi,pluies,dédouanement en cours,96.8,31.6,False,276316
CRI-05946,2025-06-19,Môle 8,Denrées alimentaires,1,317,Transporteur F,Kaolack,192.2,Jeudi,pluies,bloqué (litige/documents),162.8,39.7,False,710093
CRI-05947,2025-06-19,Terminal à Conteneurs,Matériaux de construction,1,455,Transporteur D,Bamako (Mali),1193.5,Jeudi,pluies,dédouanement en cours,133.7,62.8,True,824957
CRI-05948,2025-06-19,Terminal à Conteneurs,Biens de consommation,2,413,Transporteur B,Bamako (Mali),1188.2,Jeudi,pluies,dédouané avant arrivée,109.8,38.2,True,848544
CRI-05949,2025-06-19,Terminal Roulier,Biens de consommation,2,422,Transporteur D,Dakar (local),20.3,Jeudi,pluies,bloqué (litige/documents),86.2,33.5,False,661920
CRI-05950,2025-06-19,Terminal à Conteneurs,Matériaux de construction,3,487,Transporteur C,Bamako (Mali),1248.1,Jeudi,pluies,bloqué (litige/documents),207.8,44.6,True,3152253
CRI-05951,2025-06-19,Môle 8,Équipements industriels,1,357,Transporteur F,Bamako (Mali),1283.5,Jeudi,pluies,dédouanement en cours,113.6,37.6,True,414998
CRI-05952,2025-06-19,Môle 1,Denrées alimentaires,1,415,Transporteur F,Bamako (Mali),1202.1,Jeudi,pluies,dédouané avant arrivée,52.6,64.7,True,310089
CRI-05953,2025-06-19,Terminal à Conteneurs,Matériaux de construction,1,364,Transporteur indépendant,Dakar (local),20.5,Jeudi,pluies,bloqué (litige/documents),99.0,39.2,False,399430
CRI-05954,2025-06-19,Môle 8,Biens de consommation,2,383,Transporteur E,Dakar (local),19.8,Jeudi,pluies,dédouanement en cours,77.0,84.0,False,965374
CRI-05955,2025-06-19,Terminal Roulier,Import général,2,351,Transporteur E,Thiès,69.5,Jeudi,pluies,bloqué (litige/documents),145.8,34.5,False,1500881
CRI-05956,2025-06-20,Terminal à Conteneurs,Import général,1,362,Transporteur C,Bamako (Mali),1218.2,Vendredi,pluies,dédouanement en cours,111.5,36.0,True,456053
CRI-05957,2025-06-20,Môle 3,Import général,1,405,Transporteur G,Tambacounda,462.1,Vendredi,pluies,dédouanement en cours,65.3,36.9,False,159311
CRI-05958,2025-06-20,Terminal Roulier,Import général,1,372,Transporteur C,Tambacounda,475.8,Vendredi,pluies,dédouanement en cours,90.6,57.5,True,395263
CRI-05959,2025-06-20,Terminal à Conteneurs,Matériaux de construction,1,463,Transporteur G,Bamako (Mali),1256.5,Vendredi,pluies,dédouanement en cours,80.2,58.0,True,426648
CRI-05960,2025-06-20,Môle 1,Import général,2,368,Transporteur indépendant,Thiès,71.1,Vendredi,pluies,bloqué (litige/documents),118.5,30.1,False,964772
CRI-05961,2025-06-20,Terminal à Conteneurs,Matériaux de construction,1,413,Transporteur D,Bamako (Mali),1211.9,Vendredi,pluies,dédouané avant arrivée,69.3,56.6,True,328529
CRI-05962,2025-06-20,Terminal à Conteneurs,Import général,3,373,Transporteur B,Kaédi (Mauritanie),467.5,Vendredi,pluies,bloqué (litige/documents),101.0,46.5,False,1050051
CRI-05963,2025-06-20,Terminal Roulier,Matériaux de construction,3,480,Transporteur E,Dakar (local),20.3,Vendredi,pluies,dédouané avant arrivée,69.3,54.1,True,1034691
CRI-05964,2025-06-20,Môle 1,Denrées alimentaires,1,403,Transporteur F,Thiès,68.6,Vendredi,pluies,dédouané avant arrivée,36.7,57.8,True,109203
CRI-05965,2025-06-20,Terminal Roulier,Denrées alimentaires,1,396,Transporteur F,Bamako (Mali),1172.0,Vendredi,pluies,dédouané avant arrivée,56.6,39.7,True,145198
CRI-05966,2025-06-20,Terminal à Conteneurs,Équipements industriels,1,423,Transporteur B,Kayes (Mali),966.1,Vendredi,pluies,dédouané avant arrivée,39.0,81.1,True,257115
CRI-05967,2025-06-21,Môle 3,Équipements industriels,3,314,Transporteur F,Kaolack,190.8,Samedi,pluies,dédouanement en cours,62.4,57.5,False,955236
CRI-05968,2025-06-21,Terminal Roulier,Import général,1,421,Transporteur indépendant,Thiès,69.9,Samedi,pluies,dédouané avant arrivée,69.0,82.4,True,475104
CRI-05969,2025-06-21,Môle 1,Biens de consommation,1,350,Transporteur C,Kaédi (Mauritanie),447.7,Samedi,pluies,dédouané avant arrivée,98.9,52.8,True,391283
CRI-05970,2025-06-21,Terminal Roulier,Import général,1,331,Transporteur indépendant,Dakar (local),20.6,Samedi,pluies,dédouanement en cours,58.3,59.0,False,289552
CRI-05971,2025-06-21,Môle 1,Biens de consommation,1,457,Transporteur E,Kaolack,190.4,Samedi,pluies,dédouané avant arrivée,63.9,43.4,True,215309
CRI-05972,2025-06-21,Môle 1,Hydrocarbures,1,468,Transporteur E,Bamako (Mali),1178.2,Samedi,pluies,dédouanement en cours,68.1,56.4,True,253147
CRI-05973,2025-06-21,Terminal à Conteneurs,Matériaux de construction,1,402,Transporteur A,Ziguinchor,455.3,Samedi,pluies,dédouané avant arrivée,61.8,67.5,True,316703
CRI-05974,2025-06-21,Môle 1,Biens de consommation,3,373,Transporteur E,Tambacounda,462.6,Samedi,pluies,dédouané avant arrivée,69.1,42.9,True,752860
CRI-05975,2025-06-21,Môle 8,Matériaux de construction,1,359,Transporteur indépendant,Bamako (Mali),1178.2,Samedi,pluies,dédouanement en cours,58.0,37.9,True,121310
CRI-05976,2025-06-21,Môle 1,Import général,2,420,Transporteur G,Dakar (local),19.7,Samedi,pluies,dédouané avant arrivée,52.2,40.0,False,182919
CRI-05977,2025-06-21,Terminal à Conteneurs,Import général,1,393,Transporteur E,Kaolack,192.1,Samedi,pluies,dédouané avant arrivée,74.6,97.4,True,544449
CRI-05978,2025-06-21,Môle 3,Denrées alimentaires,2,405,Transporteur F,Kaolack,193.3,Samedi,pluies,bloqué (litige/documents),86.8,29.5,True,583698
CRI-05979,2025-06-21,Môle 3,Équipements industriels,2,414,Transporteur E,Kayes (Mali),940.8,Samedi,pluies,dédouané avant arrivée,65.1,40.3,True,349304
CRI-05980,2025-06-22,Môle 3,Matériaux de construction,3,237,Transporteur A,Bamako (Mali),1292.9,Dimanche,pluies,dédouanement en cours,65.1,39.3,True,529165
CRI-05981,2025-06-22,Terminal à Conteneurs,Équipements industriels,3,352,Transporteur indépendant,Bamako (Mali),1237.6,Dimanche,pluies,dédouanement en cours,75.3,45.1,True,996783
CRI-05982,2025-06-22,Môle 1,Équipements industriels,4,267,Transporteur A,Kayes (Mali),921.7,Dimanche,pluies,dédouané avant arrivée,47.3,28.3,True,81950
CRI-05983,2025-06-22,Môle 3,Import général,1,260,Transporteur G,Dakar (local),19.2,Dimanche,pluies,dédouanement en cours,86.0,34.7,False,244730
CRI-05984,2025-06-22,Môle 3,Denrées alimentaires,1,246,Transporteur B,Ziguinchor,448.5,Dimanche,pluies,dédouané avant arrivée,37.7,59.0,False,150321
CRI-05985,2025-06-22,Môle 8,Denrées alimentaires,2,304,Transporteur E,Kayes (Mali),927.7,Dimanche,pluies,dédouanement en cours,55.1,36.6,True,230748
CRI-05986,2025-06-22,Terminal à Conteneurs,Import général,1,407,Transporteur E,Kayes (Mali),938.0,Dimanche,pluies,dédouanement en cours,128.1,40.1,True,671325
CRI-05987,2025-06-22,Môle 1,Import général,1,309,Transporteur G,Dakar (local),19.9,Dimanche,pluies,dédouanement en cours,56.9,31.9,False,117446
CRI-05988,2025-06-22,Terminal à Conteneurs,Matériaux de construction,1,284,Transporteur G,Tambacounda,447.3,Dimanche,pluies,dédouané avant arrivée,51.1,51.1,False,196025
CRI-05989,2025-06-23,Môle 1,Matériaux de construction,3,425,Transporteur E,Kaolack,192.5,Lundi,pluies,dédouanement en cours,54.3,49.7,True,453092
CRI-05990,2025-06-23,Terminal Roulier,Hydrocarbures,1,474,Transporteur E,Thiès,67.6,Lundi,pluies,bloqué (litige/documents),263.7,140.8,True,1637806
CRI-05991,2025-06-23,Terminal à Conteneurs,Hydrocarbures,1,486,Transporteur E,Bamako (Mali),1223.7,Lundi,pluies,dédouanement en cours,74.5,87.3,True,623828
CRI-05992,2025-06-23,Terminal à Conteneurs,Équipements industriels,1,343,Transporteur F,Tambacounda,453.5,Lundi,pluies,bloqué (litige/documents),133.6,27.0,False,508555
CRI-05993,2025-06-23,Terminal à Conteneurs,Matériaux de construction,1,389,Transporteur G,Touba,190.3,Lundi,pluies,dédouané avant arrivée,49.8,97.3,False,386922
CRI-05994,2025-06-23,Terminal à Conteneurs,Import général,3,409,Transporteur C,Touba,194.2,Lundi,pluies,dédouané avant arrivée,34.3,47.1,True,172246
CRI-05995,2025-06-23,Terminal à Conteneurs,Biens de consommation,2,446,Transporteur indépendant,Bamako (Mali),1193.7,Lundi,pluies,dédouané avant arrivée,57.5,61.1,True,561849
CRI-05996,2025-06-23,Terminal à Conteneurs,Matériaux de construction,2,564,Transporteur C,Touba,184.8,Lundi,pluies,dédouanement en cours,103.9,65.8,True,1139481
CRI-05997,2025-06-23,Terminal à Conteneurs,Import général,1,543,Transporteur G,Dakar (local),19.8,Lundi,pluies,dédouanement en cours,66.6,31.0,True,138007
CRI-05998,2025-06-23,Môle 1,Équipements industriels,4,443,Transporteur indépendant,Bamako (Mali),1268.4,Lundi,pluies,dédouanement en cours,138.6,61.1,True,2633854
CRI-05999,2025-06-23,Môle 3,Import général,1,460,Transporteur E,Kaolack,202.6,Lundi,pluies,dédouanement en cours,92.0,67.8,True,556482
CRI-06000,2025-06-23,Terminal Roulier,Denrées alimentaires,2,477,Transporteur A,Tambacounda,478.7,Lundi,pluies,dédouané avant arrivée,81.1,51.8,True,599720
